ticker,date,true_direction,pred_tft_v3,graph_score,graph_conf,pred_graph_only,pred_A4,pred_A8
AMEN BANK,2025-01-22,1,1,-1.0,0.39952027990417827,0,1,1
AMEN BANK,2025-01-23,0,1,-1.0,0.304316213448689,0,1,1
AMEN BANK,2025-01-24,0,1,-0.055384130692277315,0.374452164313501,0,1,1
AMEN BANK,2025-01-29,0,1,-0.35605811928338443,0.3803150467560159,0,1,1
AMEN BANK,2025-01-30,0,1,-0.35317861614057466,0.37858460733875193,0,1,1
AMEN BANK,2025-02-05,1,1,-0.053376551999989356,0.3661388692618254,0,1,1
AMEN BANK,2025-02-06,0,1,-0.21604008850313827,0.3541131558257215,0,1,1
AMEN BANK,2025-02-07,1,1,-0.04638882364842832,0.3448803276681549,0,1,1
AMEN BANK,2025-02-12,1,1,-0.33803162727775565,0.3327678535460171,0,1,1
AMEN BANK,2025-02-13,1,1,-0.33440924851025133,0.3335172812240092,0,1,1
AMEN BANK,2025-02-14,1,1,-0.15130176377153035,0.3327375980432356,0,1,1
AMEN BANK,2025-02-19,1,1,-0.011768606937833114,0.3231743466879093,0,1,1
AMEN BANK,2025-02-20,1,1,-0.21745760064395217,0.33283084214725106,0,1,1
AMEN BANK,2025-02-21,1,1,-0.03241768768751979,0.3448500524493637,0,1,1
AMEN BANK,2025-02-26,0,1,-0.3491221292849191,0.35086480106581713,0,1,1
AMEN BANK,2025-02-27,0,1,0.21699645550210556,0.3913571543867439,1,1,1
AMEN BANK,2025-02-28,0,1,1.0,0.46541402307806157,1,1,1
AMEN BANK,2025-03-05,0,1,0.1351229314484989,0.3929688276232497,1,1,1
AMEN BANK,2025-03-06,0,1,0.11417079813402152,0.3824534890028828,1,1,1
AMEN BANK,2025-03-07,1,1,0.1183162170746734,0.3840307582253477,1,1,1
AMEN BANK,2025-03-12,1,1,0.10948499394351856,0.370780009337153,1,1,1
AMEN BANK,2025-03-13,1,1,0.10553434055880802,0.3824919531582988,1,1,1
AMEN BANK,2025-03-19,1,1,0.13004738809557537,0.35416400601264353,1,1,1
AMEN BANK,2025-03-21,1,1,0.13956240364703715,0.35786821431525756,1,1,1
AMEN BANK,2025-03-27,1,1,0.41469503468012664,0.3628629452526258,1,1,1
AMEN BANK,2025-03-28,1,1,1.0,0.41160200153886556,1,1,1
AMEN BANK,2025-04-02,1,1,1.0,0.4094800367331555,1,1,1
AMEN BANK,2025-04-04,0,1,1.0,0.4070044867690668,1,1,1
AMEN BANK,2025-04-10,1,1,1.0,0.3268118438273083,1,1,1
AMEN BANK,2025-04-11,1,1,1.0,0.3319438999050876,1,1,1
AMEN BANK,2025-04-16,1,1,1.0,0.3287220921355135,1,1,1
AMEN BANK,2025-04-17,1,1,1.0,0.30314908297820775,1,1,1
AMEN BANK,2025-04-18,1,1,1.0,0.3060929555388633,1,1,1
AMEN BANK,2025-04-23,1,1,1.0,0.30788268592037593,1,1,1
AMEN BANK,2025-04-24,0,1,1.0,0.365701302888323,1,1,1
AMEN BANK,2025-05-02,0,1,1.0,0.31859755394461253,1,1,1
AMEN BANK,2025-05-07,0,1,1.0,0.32334784328045396,1,1,1
AMEN BANK,2025-05-08,0,1,1.0,0.31989478427025164,1,1,1
AMEN BANK,2025-05-14,0,1,1.0,0.31628116992962574,1,1,1
AMEN BANK,2025-05-15,0,1,1.0,0.31624819986559244,1,1,1
AMEN BANK,2025-05-16,0,1,1.0,0.3162481998655925,1,1,1
AMEN BANK,2025-05-21,0,1,1.0,0.3400701758653506,1,1,1
AMEN BANK,2025-05-22,0,1,1.0,0.3277676156078224,1,1,1
AMEN BANK,2025-05-23,0,1,1.0,0.3219883049243454,1,1,1
AMEN BANK,2025-05-28,0,1,1.0,0.32485567923007175,1,1,1
AMEN BANK,2025-05-29,0,1,1.0,0.330297019396108,1,1,1
AMEN BANK,2025-05-30,0,1,1.0,0.33169433394744785,1,1,1
AMEN BANK,2025-06-04,0,1,1.0,0.3468861050422928,1,1,1
AMEN BANK,2025-06-05,0,1,1.0,0.33725094796779564,1,1,1
AMEN BANK,2025-06-11,0,1,1.0,0.31817575927464337,1,1,1
AMEN BANK,2025-06-12,1,1,1.0,0.31210305889022805,1,1,1
AMEN BANK,2025-06-13,1,1,1.0,0.311953045014685,1,1,1
AMEN BANK,2025-06-18,1,1,1.0,0.316168642790409,1,1,1
AMEN BANK,2025-06-19,1,1,1.0,0.31511530929112946,1,1,1
AMEN BANK,2025-06-25,1,1,1.0,0.30310449750863555,1,1,1
AMEN BANK,2025-06-27,0,1,0.0,0.0,0,1,1
AMEN BANK,2025-07-02,1,1,1.0,0.302903501424144,1,1,1
AMEN BANK,2025-07-03,0,1,1.0,0.3036683139649074,1,1,1
AMEN BANK,2025-07-04,0,1,0.0,0.0,0,1,1
AMEN BANK,2025-07-09,0,1,0.0,0.0,0,1,1
AMEN BANK,2025-07-10,0,1,0.0,0.0,0,1,1
AMEN BANK,2025-07-11,0,1,0.0,0.0,0,1,1
AMEN BANK,2025-07-16,0,1,0.0,0.0,0,1,1
AMEN BANK,2025-07-17,0,1,0.0,0.0,0,1,1
AMEN BANK,2025-07-18,0,1,0.0,0.0,0,1,1
AMEN BANK,2025-07-23,1,1,0.0,0.0,0,1,1
AMEN BANK,2025-07-24,1,1,0.0,0.0,0,1,1
AMEN BANK,2025-07-30,1,1,1.0,0.3829658744691617,1,1,1
AMEN BANK,2025-07-31,1,1,1.0,0.39504360589107157,1,1,1
AMEN BANK,2025-08-01,1,1,1.0,0.40594431424134586,1,1,1
AMEN BANK,2025-08-06,0,1,1.0,0.382883246384813,1,1,1
AMEN BANK,2025-08-08,0,1,1.0,0.3835254585004958,1,1,1
AMEN BANK,2025-08-14,1,1,1.0,0.3825761030248073,1,1,1
AMEN BANK,2025-08-15,1,1,1.0,0.3859985160354291,1,1,1
AMEN BANK,2025-08-20,1,1,0.3492003348900299,0.38476033195061937,1,1,1
AMEN BANK,2025-08-21,1,1,0.047422701705781584,0.3629284385230776,1,1,1
AMEN BANK,2025-08-22,1,1,0.311598449755658,0.38062522536414206,1,1,1
AMEN BANK,2025-08-27,1,1,0.3899915830112227,0.36943305406101185,1,1,1
AMEN BANK,2025-08-28,1,1,0.38419654278977516,0.3699970622777405,1,1,1
AMEN BANK,2025-09-03,1,1,0.06314554922401283,0.35253874047585115,1,1,1
AMEN BANK,2025-09-05,1,1,-0.22481937930686488,0.35845927421090984,0,1,1
AMEN BANK,2025-09-10,1,1,0.057037584098579994,0.34284026213180185,1,1,1
AMEN BANK,2025-09-11,1,1,0.06360296264692951,0.34913087543616306,1,1,1
AMEN BANK,2025-09-17,0,1,0.03123720259475018,0.3747906048722326,1,1,1
AMEN BANK,2025-09-18,0,1,-0.015323254820102682,0.36891144904807416,0,1,1
AMEN BANK,2025-09-19,0,1,-0.03788581397747762,0.3613486952994128,0,1,1
AMEN BANK,2025-09-24,0,1,0.0,0.0,0,1,1
AMEN BANK,2025-09-25,0,1,0.0,0.0,0,1,1
AMEN BANK,2025-09-26,0,1,0.0,0.0,0,1,1
AMEN BANK,2025-10-01,1,1,0.0,0.0,0,1,1
AMEN BANK,2025-10-02,1,1,0.0,0.0,0,1,1
AMEN BANK,2025-10-03,1,1,0.0,0.0,0,1,1
AMEN BANK,2025-10-08,0,1,0.0,0.0,0,1,1
AMEN BANK,2025-10-10,0,1,0.0,0.0,0,1,1
AMEN BANK,2025-10-16,0,1,0.0,0.0,0,1,1
AMEN BANK,2025-10-17,0,1,0.0,0.0,0,1,1
AMEN BANK,2025-10-22,1,1,0.0,0.0,0,1,1
AMEN BANK,2025-10-23,1,1,0.0,0.0,0,1,1
AMEN BANK,2025-10-24,1,1,0.0,0.0,0,1,1
AMEN BANK,2025-10-29,1,1,-1.0,0.3058667501111674,0,1,1
AMEN BANK,2025-10-30,1,1,0.0155575798561452,0.310872579470964,1,1,1
AMEN BANK,2025-10-31,1,1,-1.0,0.3033262569337813,0,1,1
AMEN BANK,2025-11-05,1,1,0.3241916216685944,0.30593494562266543,1,1,1
AMEN BANK,2025-11-06,1,1,1.0,0.3060338212744792,1,1,1
AMEN BANK,2025-11-07,1,1,0.0,0.0,0,1,1
AMEN BANK,2025-11-12,0,1,1.0,0.303752517927139,1,1,1
AMEN BANK,2025-11-13,0,1,1.0,0.30626088793962036,1,1,1
AMEN BANK,2025-11-19,0,1,0.33340373381865845,0.3338050879870824,1,1,1
AMEN BANK,2025-11-20,0,1,0.3193729334653928,0.32937771664778226,1,1,1
AMEN BANK,2025-11-21,0,1,-1.0,0.3709353335660825,0,1,1
AMEN BANK,2025-11-26,0,1,-0.11832843789509527,0.35389377647749837,0,1,1
AMEN BANK,2025-11-27,1,1,-0.1295726785457353,0.35733421842610447,0,1,1
AMEN BANK,2025-11-28,0,1,-0.12441522596922856,0.3593630782145511,0,1,1
AMEN BANK,2025-12-03,1,1,-1.0,0.3434580697052326,0,1,1
AMEN BANK,2025-12-04,1,1,-1.0,0.33027546959036674,0,1,1
BH BANK,2025-01-22,1,0,-1.0,0.338480358736519,0,0,0
BH BANK,2025-01-23,1,0,-1.0,0.32904497996315973,0,0,0
BH BANK,2025-01-24,1,0,-1.0,0.35839372328403823,0,0,0
BH BANK,2025-01-29,1,0,-1.0,0.37190145076656833,0,0,0
BH BANK,2025-01-30,0,0,-1.0,0.33414155991050437,0,0,0
BH BANK,2025-02-05,1,0,-1.0,0.43390754500950385,0,0,0
BH BANK,2025-02-06,0,0,-1.0,0.41367083975383345,0,0,0
BH BANK,2025-02-07,0,0,-1.0,0.41468800093270225,0,0,0
BH BANK,2025-02-12,1,0,-1.0,0.44004191094484446,0,0,0
BH BANK,2025-02-13,0,0,-1.0,0.4442131762952648,0,0,0
BH BANK,2025-02-14,0,0,-1.0,0.44721474329787,0,0,0
BH BANK,2025-02-19,0,0,-1.0,0.46229902733738437,0,0,0
BH BANK,2025-02-20,0,0,-1.0,0.30529562702482815,0,0,0
BH BANK,2025-02-21,0,0,-1.0,0.3210013367385696,0,0,0
BH BANK,2025-02-26,1,0,-1.0,0.36809665473376557,0,0,0
BH BANK,2025-02-27,1,0,-1.0,0.4108278197286933,0,0,0
BH BANK,2025-02-28,1,0,-1.0,0.35025713708344897,0,0,0
BH BANK,2025-03-05,0,0,0.0,0.0,0,0,0
BH BANK,2025-03-06,0,0,0.0,0.0,0,0,0
BH BANK,2025-03-07,0,0,0.0,0.0,0,0,0
BH BANK,2025-03-12,1,0,0.0,0.0,0,0,0
BH BANK,2025-03-13,1,0,0.0,0.0,0,0,0
BH BANK,2025-03-19,1,0,-1.0,0.3086463605871103,0,0,0
BH BANK,2025-03-21,0,0,-1.0,0.31451281519908664,0,0,0
BH BANK,2025-03-27,0,0,0.0,0.0,0,0,0
BH BANK,2025-03-28,0,0,0.0,0.0,0,0,0
BH BANK,2025-04-02,0,0,0.0,0.0,0,0,0
BH BANK,2025-04-04,0,0,0.0,0.0,0,0,0
BH BANK,2025-04-10,0,0,0.0,0.0,0,0,0
BH BANK,2025-04-11,0,0,-1.0,0.30788268268021557,0,0,0
BH BANK,2025-04-16,0,0,0.0,0.0,0,0,0
BH BANK,2025-04-17,0,0,0.0,0.0,0,0,0
BH BANK,2025-04-18,0,0,0.0,0.0,0,0,0
BH BANK,2025-04-23,1,0,0.0,0.0,0,0,0
BH BANK,2025-04-24,1,0,0.0,0.0,0,0,0
BH BANK,2025-05-02,0,0,1.0,0.324652613235155,1,0,0
BH BANK,2025-05-07,0,0,1.0,0.3630297835873099,1,0,0
BH BANK,2025-05-08,0,0,1.0,0.37610260515432814,1,0,0
BH BANK,2025-05-14,1,0,1.0,0.37515187256285243,1,0,0
BH BANK,2025-05-15,1,0,1.0,0.3734422080647887,1,0,0
BH BANK,2025-05-16,1,0,1.0,0.3729016819213495,1,0,0
BH BANK,2025-05-21,0,0,1.0,0.36506097946016614,1,0,0
BH BANK,2025-05-22,0,0,1.0,0.3592363736812913,1,0,0
BH BANK,2025-05-23,0,0,1.0,0.36222599696808383,1,0,0
BH BANK,2025-05-28,0,0,1.0,0.3300593903146478,1,0,0
BH BANK,2025-05-29,0,0,1.0,0.3209553869467553,1,0,0
BH BANK,2025-05-30,0,0,1.0,0.3257145139971443,1,0,0
BH BANK,2025-06-04,0,0,1.0,0.3489215031373218,1,0,0
BH BANK,2025-06-05,0,0,1.0,0.3415130065080632,1,0,0
BH BANK,2025-06-11,0,0,1.0,0.3294476502947709,1,0,0
BH BANK,2025-06-12,0,0,1.0,0.35127526191788927,1,0,0
BH BANK,2025-06-13,0,0,1.0,0.35031349643288506,1,0,0
BH BANK,2025-06-18,0,0,1.0,0.36852633846585436,1,0,0
BH BANK,2025-06-19,0,0,1.0,0.37406499309326197,1,0,0
BH BANK,2025-06-25,0,0,0.0,0.0,0,0,0
BH BANK,2025-06-27,1,0,0.0,0.0,0,0,0
BH BANK,2025-07-02,1,0,0.0,0.0,0,0,0
BH BANK,2025-07-03,1,0,0.0,0.0,0,0,0
BH BANK,2025-07-04,1,0,0.0,0.0,0,0,0
BH BANK,2025-07-09,1,0,-0.1589753650224537,0.3648237050297043,0,0,0
BH BANK,2025-07-10,1,0,1.0,0.34039657683036995,1,0,0
BH BANK,2025-07-11,0,0,0.009818276242367729,0.3151284675451901,1,0,0
BH BANK,2025-07-16,0,0,1.0,0.3368537660305505,1,0,0
BH BANK,2025-07-17,0,0,1.0,0.36226586334444427,1,0,0
BH BANK,2025-07-18,0,0,1.0,0.36403804263209655,1,0,0
BH BANK,2025-07-23,0,0,0.14757423161084654,0.3535920462123052,1,0,0
BH BANK,2025-07-24,0,0,0.14273650222367165,0.35051114157576513,1,0,0
BH BANK,2025-07-30,0,0,-0.03887592880884798,0.33318305464791514,0,0,0
BH BANK,2025-07-31,0,0,1.0,0.31733386109881623,1,0,0
BH BANK,2025-08-01,0,0,1.0,0.30095301843070504,1,0,0
BH BANK,2025-08-06,1,0,1.0,0.3091275283326785,1,0,0
BH BANK,2025-08-08,1,0,1.0,0.3052744429385221,1,0,0
BH BANK,2025-08-14,0,0,1.0,0.3354268435737382,1,0,0
BH BANK,2025-08-15,0,0,1.0,0.35382083025983524,1,0,0
BH BANK,2025-08-20,0,0,0.02318916787297209,0.32272033155486324,1,0,0
BH BANK,2025-08-21,0,0,0.0019761155236194374,0.3365914306993977,1,0,0
BH BANK,2025-08-22,0,0,0.004691382262869902,0.3373483715561346,1,0,0
BH BANK,2025-08-27,0,0,-1.0,0.35200979792754034,0,0,0
BH BANK,2025-08-28,1,0,-1.0,0.3484884282071243,0,0,0
BH BANK,2025-09-03,1,0,-1.0,0.327571056078947,0,0,0
BH BANK,2025-09-05,1,0,-1.0,0.3234566323347429,0,0,0
BH BANK,2025-09-10,1,0,-1.0,0.3383264340214861,0,0,0
BH BANK,2025-09-11,1,0,-1.0,0.337605639608903,0,0,0
BH BANK,2025-09-17,0,0,0.24856513579596023,0.3286542596240598,1,0,0
BH BANK,2025-09-18,0,0,0.24766923788483244,0.32792586124526935,1,0,0
BH BANK,2025-09-19,0,0,0.2584637746845226,0.32680211006703214,1,0,0
BH BANK,2025-09-24,0,0,0.0295847417278453,0.32795916692665117,1,0,0
BH BANK,2025-09-25,0,0,-0.025207071945424642,0.32175799771792285,0,0,0
BH BANK,2025-09-26,0,0,0.0,0.0,0,0,0
BH BANK,2025-10-01,0,0,0.0,0.0,0,0,0
BH BANK,2025-10-02,0,0,0.0011153947746051444,0.3020864513121019,1,0,0
BH BANK,2025-10-03,0,0,0.0,0.0,0,0,0
BH BANK,2025-10-08,1,0,0.0,0.0,0,0,0
BH BANK,2025-10-10,1,0,-1.0,0.31150311923899093,0,0,0
BH BANK,2025-10-16,0,0,-1.0,0.31027890623344834,0,0,0
BH BANK,2025-10-17,0,0,-0.05403233012918275,0.39179685171622214,0,0,0
BH BANK,2025-10-22,0,0,1.0,0.3144430584352319,1,0,0
BH BANK,2025-10-23,0,0,0.0,0.0,0,0,0
BH BANK,2025-10-24,0,0,0.0,0.0,0,0,0
BH BANK,2025-10-29,0,0,0.0,0.0,0,0,0
BH BANK,2025-10-30,0,0,0.0,0.0,0,0,0
BH BANK,2025-10-31,1,0,0.0,0.0,0,0,0
BH BANK,2025-11-05,1,0,0.0,0.0,0,0,0
BH BANK,2025-11-06,1,0,0.0,0.0,0,0,0
BH BANK,2025-11-07,1,0,0.0,0.0,0,0,0
BH BANK,2025-11-12,1,0,0.0,0.0,0,0,0
BH BANK,2025-11-13,0,0,-1.0,0.33826989097332677,0,0,0
BH BANK,2025-11-19,0,0,-1.0,0.4470233531145774,0,0,0
BH BANK,2025-11-20,0,0,-1.0,0.4387012214278147,0,0,0
BH BANK,2025-11-21,1,0,-1.0,0.4434447797397179,0,0,0
BH BANK,2025-11-26,0,0,-1.0,0.3587466338636109,0,0,0
BH BANK,2025-11-27,0,0,0.0,0.0,0,0,0
BH BANK,2025-11-28,1,0,1.0,0.3046028260788024,1,0,0
BH BANK,2025-12-03,0,0,0.0,0.0,0,0,0
BH BANK,2025-12-04,0,0,0.0,0.0,0,0,0
BIAT,2025-01-22,1,1,1.0,0.34532595430968743,1,1,1
BIAT,2025-01-23,0,1,1.0,0.3449607907963226,1,1,1
BIAT,2025-01-24,0,1,1.0,0.35848853552456306,1,1,1
BIAT,2025-01-29,0,1,1.0,0.370567807732508,1,1,1
BIAT,2025-01-30,0,1,1.0,0.40288299007074446,1,1,1
BIAT,2025-02-05,1,1,1.0,0.40417403254601586,1,1,1
BIAT,2025-02-06,1,1,1.0,0.4004773298189593,1,1,1
BIAT,2025-02-07,1,1,1.0,0.4017508871873935,1,1,1
BIAT,2025-02-12,1,1,1.0,0.40414647161014705,1,1,1
BIAT,2025-02-13,1,1,1.0,0.4030095409424751,1,1,1
BIAT,2025-02-14,1,1,1.0,0.403937751838929,1,1,1
BIAT,2025-02-19,1,1,1.0,0.382241167641619,1,1,1
BIAT,2025-02-20,1,1,1.0,0.38318139906295035,1,1,1
BIAT,2025-02-21,1,1,1.0,0.383186763799456,1,1,1
BIAT,2025-02-26,1,1,0.026820068928692868,0.3863802754158847,1,1,1
BIAT,2025-02-27,1,1,0.022052849981725554,0.37052740833443254,1,1,1
BIAT,2025-02-28,1,1,0.05952285896747267,0.38367914819808613,1,1,1
BIAT,2025-03-05,0,1,0.2823628444511419,0.3435150110108663,1,1,1
BIAT,2025-03-06,0,1,0.4289332729848878,0.34070893136180047,1,1,1
BIAT,2025-03-07,0,1,0.4440504285113761,0.3414992220430775,1,1,1
BIAT,2025-03-12,0,1,0.5375178786175463,0.38301860148414935,1,1,1
BIAT,2025-03-13,0,1,0.5312604271426221,0.379967589028801,1,1,1
BIAT,2025-03-19,0,1,0.6244651055728652,0.377272841173758,1,1,1
BIAT,2025-03-21,0,1,0.6294357112155241,0.38451444603070606,1,1,1
BIAT,2025-03-27,0,1,0.5542924437020696,0.41657829081711173,1,1,1
BIAT,2025-03-28,1,1,0.5645357054540334,0.4249664916232614,1,1,1
BIAT,2025-04-02,1,1,0.6250506632072526,0.4017831247577538,1,1,1
BIAT,2025-04-04,1,1,0.6365112936078549,0.40402027902459814,1,1,1
BIAT,2025-04-10,1,1,0.38482846475399973,0.3615775748321169,1,1,1
BIAT,2025-04-11,1,1,0.38584847772667785,0.3610260300727967,1,1,1
BIAT,2025-04-16,1,1,-0.06804440405572056,0.33000890255424964,0,1,1
BIAT,2025-04-17,1,1,-0.03579620663580981,0.31650939345275186,0,1,1
BIAT,2025-04-18,1,1,0.0,0.0,0,1,1
BIAT,2025-04-23,1,1,0.0,0.0,0,1,1
BIAT,2025-04-24,1,1,0.0,0.0,0,1,1
BIAT,2025-05-02,0,1,0.0,0.0,0,1,1
BIAT,2025-05-07,0,1,0.0,0.0,0,1,1
BIAT,2025-05-08,0,1,0.0,0.0,0,1,1
BIAT,2025-05-14,0,1,0.0,0.0,0,1,1
BIAT,2025-05-15,0,1,0.0,0.0,0,1,1
BIAT,2025-05-16,0,1,0.0,0.0,0,1,1
BIAT,2025-05-21,0,1,1.0,0.3347689351378403,1,1,1
BIAT,2025-05-22,0,1,1.0,0.3139762000950703,1,1,1
BIAT,2025-05-23,0,1,1.0,0.3164109905081101,1,1,1
BIAT,2025-05-28,0,1,1.0,0.31044243685670814,1,1,1
BIAT,2025-05-29,0,1,1.0,0.3252306808828527,1,1,1
BIAT,2025-05-30,0,1,1.0,0.3268824878023822,1,1,1
BIAT,2025-06-04,0,1,1.0,0.3622214012322987,1,1,1
BIAT,2025-06-05,0,1,1.0,0.36132018432148955,1,1,1
BIAT,2025-06-11,0,1,1.0,0.3296530480614328,1,1,1
BIAT,2025-06-12,0,1,1.0,0.3229321859487032,1,1,1
BIAT,2025-06-13,1,1,1.0,0.311953045014685,1,1,1
BIAT,2025-06-18,1,1,1.0,0.3193248432120612,1,1,1
BIAT,2025-06-19,1,1,1.0,0.31734554914517465,1,1,1
BIAT,2025-06-25,0,1,1.0,0.30310449750863555,1,1,1
BIAT,2025-06-27,0,1,0.0,0.0,0,1,1
BIAT,2025-07-02,0,1,0.0,0.0,0,1,1
BIAT,2025-07-03,0,1,0.0,0.0,0,1,1
BIAT,2025-07-04,1,1,0.0,0.0,0,1,1
BIAT,2025-07-09,1,1,0.0,0.0,0,1,1
BIAT,2025-07-10,1,1,0.0,0.0,0,1,1
BIAT,2025-07-11,0,1,0.0,0.0,0,1,1
BIAT,2025-07-16,0,1,0.0,0.0,0,1,1
BIAT,2025-07-17,0,1,0.0,0.0,0,1,1
BIAT,2025-07-18,0,1,0.0,0.0,0,1,1
BIAT,2025-07-23,0,1,0.0,0.0,0,1,1
BIAT,2025-07-24,0,1,0.0,0.0,0,1,1
BIAT,2025-07-30,0,1,0.0,0.0,0,1,1
BIAT,2025-07-31,0,1,0.0,0.0,0,1,1
BIAT,2025-08-01,0,1,0.0,0.0,0,1,1
BIAT,2025-08-06,0,1,0.0,0.0,0,1,1
BIAT,2025-08-08,0,1,1.0,0.37986818714410114,1,1,1
BIAT,2025-08-14,1,1,1.0,0.3818142064157017,1,1,1
BIAT,2025-08-15,1,1,1.0,0.3806480700408796,1,1,1
BIAT,2025-08-20,1,1,0.34245103975061525,0.3521193675496083,1,1,1
BIAT,2025-08-21,1,1,0.34184101405917594,0.3518084012142714,1,1,1
BIAT,2025-08-22,0,1,0.35605202875753633,0.3486984414934138,1,1,1
BIAT,2025-08-27,1,1,0.3533427325791829,0.34475406236283207,1,1,1
BIAT,2025-08-28,1,1,0.3429369847598851,0.3478601603700194,1,1,1
BIAT,2025-09-03,1,1,0.5215538726270325,0.3413561556612028,1,1,1
BIAT,2025-09-05,1,1,0.17892558653145169,0.365634457402359,1,1,1
BIAT,2025-09-10,1,1,0.4391659504268227,0.3702959811993594,1,1,1
BIAT,2025-09-11,1,1,0.4392733016959761,0.3703324390178843,1,1,1
BIAT,2025-09-17,1,1,1.0,0.4136042266966068,1,1,1
BIAT,2025-09-18,1,1,-0.11078010964185074,0.3454441279186191,0,1,1
BIAT,2025-09-19,1,1,-0.11409927051555321,0.34415004830124707,0,1,1
BIAT,2025-09-24,1,1,0.2990075682689996,0.4049149472852232,1,1,1
BIAT,2025-09-25,1,1,0.29985914644132644,0.4030990595336121,1,1,1
BIAT,2025-09-26,0,1,0.041980836081604536,0.4305032566121326,1,1,1
BIAT,2025-10-01,0,1,0.05286794039805527,0.401570663413897,1,1,1
BIAT,2025-10-02,0,1,0.05382241726699665,0.40371831009710984,1,1,1
BIAT,2025-10-03,0,1,0.05522842205039294,0.40452740784470764,1,1,1
BIAT,2025-10-08,1,1,1.0,0.43077846051333574,1,1,1
BIAT,2025-10-10,1,1,1.0,0.4794226751676934,1,1,1
BIAT,2025-10-16,1,1,1.0,0.47542160731593663,1,1,1
BIAT,2025-10-17,1,1,1.0,0.4855309536203545,1,1,1
BIAT,2025-10-22,1,1,-0.08676447073890817,0.37078259384933626,0,1,1
BIAT,2025-10-23,1,1,-0.1529380548215299,0.37712046080963496,0,1,1
BIAT,2025-10-24,1,1,-0.15228350507577426,0.3761699079151571,0,1,1
BIAT,2025-10-29,1,1,0.15981375035711684,0.3968469998488782,1,1,1
BIAT,2025-10-30,1,1,0.4037137179902706,0.3712437259526688,1,1,1
BIAT,2025-10-31,1,1,0.39519305897700696,0.37143192171301087,1,1,1
BIAT,2025-11-05,1,1,0.4026815702267617,0.36784860000044284,1,1,1
BIAT,2025-11-06,1,1,0.40240954979107824,0.35315970516622713,1,1,1
BIAT,2025-11-07,1,1,0.3783475134885827,0.3590391161511599,1,1,1
BIAT,2025-11-12,1,1,0.36929244429641533,0.35724617654378515,1,1,1
BIAT,2025-11-13,0,1,0.3570062314324075,0.3499772753350772,1,1,1
BIAT,2025-11-19,0,1,1.0,0.42251357519174315,1,1,1
BIAT,2025-11-20,0,1,1.0,0.42233756361536606,1,1,1
BIAT,2025-11-21,0,1,1.0,0.45031669989404677,1,1,1
BIAT,2025-11-26,0,1,1.0,0.45194174119133335,1,1,1
BIAT,2025-11-27,0,1,1.0,0.45578056437051095,1,1,1
BIAT,2025-11-28,0,1,1.0,0.44694346760873416,1,1,1
BIAT,2025-12-03,0,1,1.0,0.41759715667189207,1,1,1
BIAT,2025-12-04,0,1,1.0,0.4235594933369905,1,1,1
BNA,2025-01-22,0,0,-1.0,0.3239674252979937,0,0,0
BNA,2025-01-23,0,0,-1.0,0.3092856031759028,0,0,0
BNA,2025-01-24,0,0,-1.0,0.31510716938464206,0,0,0
BNA,2025-01-29,0,0,-1.0,0.3208282096593185,0,0,0
BNA,2025-01-30,0,0,-1.0,0.32002560171635297,0,0,0
BNA,2025-02-05,1,0,-1.0,0.3050892406429281,0,0,0
BNA,2025-02-06,1,0,-1.0,0.35302755227300314,0,0,0
BNA,2025-02-07,1,0,-1.0,0.33263244875661646,0,0,0
BNA,2025-02-12,1,0,-1.0,0.3160667320755881,0,0,0
BNA,2025-02-13,1,0,-1.0,0.31459949001177423,0,0,0
BNA,2025-02-14,0,0,0.0092349565171825,0.32490623521397166,1,0,0
BNA,2025-02-19,1,0,1.0,0.4430422463288543,1,0,0
BNA,2025-02-20,1,0,1.0,0.4443385577409125,1,0,0
BNA,2025-02-21,0,0,1.0,0.4287634794995545,1,0,0
BNA,2025-02-26,1,0,1.0,0.3910049407589368,1,0,0
BNA,2025-02-27,0,0,1.0,0.399419260002026,1,0,0
BNA,2025-02-28,0,0,1.0,0.38634407226593126,1,0,0
BNA,2025-03-05,0,0,1.0,0.3173063102982462,1,0,0
BNA,2025-03-06,0,0,1.0,0.3146460594927705,1,0,0
BNA,2025-03-07,1,0,1.0,0.3152941321560267,1,0,0
BNA,2025-03-12,1,0,0.0,0.0,0,0,0
BNA,2025-03-13,0,0,0.0,0.0,0,0,0
BNA,2025-03-19,1,0,-0.3137368594526225,0.31765942653774787,0,0,0
BNA,2025-03-21,1,0,-0.31348485757699146,0.31972900085539285,0,0,0
BNA,2025-03-27,1,0,0.07008489795554129,0.3358851334605546,1,0,0
BNA,2025-03-28,0,0,0.0655565863372328,0.338907723102624,1,0,0
BNA,2025-04-02,0,0,0.0678844351381764,0.3357467291110565,1,0,0
BNA,2025-04-04,1,0,0.0708392899816551,0.33106679002013595,1,0,0
BNA,2025-04-10,1,0,0.021283292002048808,0.35422460686187296,1,0,0
BNA,2025-04-11,1,0,0.016582407171845146,0.34706376589236443,1,0,0
BNA,2025-04-16,0,0,1.0,0.35010962567490655,1,0,0
BNA,2025-04-17,0,0,0.5083340225595617,0.3557891473387091,1,0,0
BNA,2025-04-18,0,0,0.42733989160038466,0.3669072500185614,1,0,0
BNA,2025-04-23,1,0,0.40948014060615395,0.369397560117272,1,0,0
BNA,2025-04-24,1,0,0.41039515706429264,0.36099751378527645,1,0,0
BNA,2025-05-02,0,0,0.4355413727725297,0.3579543994642641,1,0,0
BNA,2025-05-07,0,0,-0.05132563658774386,0.4084567719934417,0,0,0
BNA,2025-05-08,0,0,-0.04571484524787234,0.40570058713636525,0,0,0
BNA,2025-05-14,0,0,0.49185277288593526,0.34201993169421463,1,0,0
BNA,2025-05-15,0,0,0.5870313397376034,0.33920171764651785,1,0,0
BNA,2025-05-16,1,0,0.3088920402896117,0.34199728293687653,1,0,0
BNA,2025-05-21,1,0,0.3661716617810099,0.34117333520294607,1,0,0
BNA,2025-05-22,1,0,0.38271650665095586,0.34073011333362424,1,0,0
BNA,2025-05-23,1,0,0.396401361756941,0.3363826961378617,1,0,0
BNA,2025-05-28,1,0,-0.4094927805284358,0.34897475356725555,0,0,0
BNA,2025-05-29,1,0,-0.07506567656916659,0.3372498231382594,0,0,0
BNA,2025-05-30,1,0,-0.035648969906980035,0.35168244485178496,0,0,0
BNA,2025-06-04,0,0,-0.009276493849362794,0.34928205967964066,0,0,0
BNA,2025-06-05,0,0,-0.0019743114703260605,0.3493561265450852,0,0,0
BNA,2025-06-11,0,0,-0.0038356586603517265,0.3517661196561686,0,0,0
BNA,2025-06-12,0,0,0.005563111340828315,0.34928089010949315,1,0,0
BNA,2025-06-13,0,0,-0.004607126932265067,0.3540017410398367,0,0,0
BNA,2025-06-18,1,0,1.0,0.3416513784505534,1,0,0
BNA,2025-06-19,1,0,1.0,0.3281174331136629,1,0,0
BNA,2025-06-25,0,0,0.0,0.0,0,0,0
BNA,2025-06-27,1,0,0.0,0.0,0,0,0
BNA,2025-07-02,0,0,0.0,0.0,0,0,0
BNA,2025-07-03,0,0,0.0,0.0,0,0,0
BNA,2025-07-04,0,0,0.0,0.0,0,0,0
BNA,2025-07-09,0,0,0.0,0.0,0,0,0
BNA,2025-07-10,1,0,0.0,0.0,0,0,0
BNA,2025-07-11,0,0,0.0,0.0,0,0,0
BNA,2025-07-16,0,0,0.0,0.0,0,0,0
BNA,2025-07-17,0,0,0.0,0.0,0,0,0
BNA,2025-07-18,0,0,0.0,0.0,0,0,0
BNA,2025-07-23,0,0,0.0,0.0,0,0,0
BNA,2025-07-24,1,0,0.0,0.0,0,0,0
BNA,2025-07-30,0,0,0.0,0.0,0,0,0
BNA,2025-07-31,1,0,0.0,0.0,0,0,0
BNA,2025-08-01,1,0,0.0,0.0,0,0,0
BNA,2025-08-06,1,0,0.0,0.0,0,0,0
BNA,2025-08-08,1,0,0.0,0.0,0,0,0
BNA,2025-08-14,1,0,0.0,0.0,0,0,0
BNA,2025-08-15,1,0,0.0,0.0,0,0,0
BNA,2025-08-20,1,0,0.0,0.0,0,0,0
BNA,2025-08-21,1,0,0.0,0.0,0,0,0
BNA,2025-08-22,1,0,0.0,0.0,0,0,0
BNA,2025-08-27,1,0,0.0,0.0,0,0,0
BNA,2025-08-28,1,0,0.0,0.0,0,0,0
BNA,2025-09-03,0,0,0.0,0.0,0,0,0
BNA,2025-09-05,1,0,0.0,0.0,0,0,0
BNA,2025-09-10,1,0,0.0,0.0,0,0,0
BNA,2025-09-11,1,0,0.0,0.0,0,0,0
BNA,2025-09-17,1,0,0.0,0.0,0,0,0
BNA,2025-09-18,1,0,0.0,0.0,0,0,0
BNA,2025-09-19,1,0,1.0,0.320226616611989,1,0,0
BNA,2025-09-24,0,0,1.0,0.3584232419561302,1,0,0
BNA,2025-09-25,1,0,1.0,0.35026558646154443,1,0,0
BNA,2025-09-26,1,0,1.0,0.4023240578478109,1,0,0
BNA,2025-10-01,0,0,1.0,0.37504461373593717,1,0,0
BNA,2025-10-02,0,0,1.0,0.38523634768114356,1,0,0
BNA,2025-10-03,0,0,1.0,0.3978600860728689,1,0,0
BNA,2025-10-08,1,0,1.0,0.3441307727461665,1,0,0
BNA,2025-10-10,1,0,1.0,0.35093831395536185,1,0,0
BNA,2025-10-16,1,0,1.0,0.3951386630513313,1,0,0
BNA,2025-10-17,1,0,1.0,0.388817161509649,1,0,0
BNA,2025-10-22,1,0,1.0,0.3893226244528548,1,0,0
BNA,2025-10-23,1,0,1.0,0.3818564513828153,1,0,0
BNA,2025-10-24,1,0,1.0,0.36218112145514847,1,0,0
BNA,2025-10-29,1,0,1.0,0.35447883953344916,1,0,0
BNA,2025-10-30,1,0,1.0,0.35315825349380675,1,0,0
BNA,2025-10-31,1,0,1.0,0.3531948184695734,1,0,0
BNA,2025-11-05,1,0,1.0,0.3638425844213905,1,0,0
BNA,2025-11-06,1,0,1.0,0.3423334223824393,1,0,0
BNA,2025-11-07,1,0,1.0,0.3743511210990917,1,0,0
BNA,2025-11-12,1,0,1.0,0.3781401563981918,1,0,0
BNA,2025-11-13,0,0,1.0,0.365141352680455,1,0,0
BNA,2025-11-19,0,0,1.0,0.43559285730109365,1,0,0
BNA,2025-11-20,0,0,1.0,0.37138290157913434,1,0,0
BNA,2025-11-21,0,0,1.0,0.44537244025713935,1,0,0
BNA,2025-11-26,0,0,1.0,0.43972597644574185,1,0,0
BNA,2025-11-27,1,0,1.0,0.3837976149633014,1,0,0
BNA,2025-11-28,1,0,1.0,0.3992469673310338,1,0,0
BNA,2025-12-03,0,0,1.0,0.34925999652050965,1,0,0
BNA,2025-12-04,0,0,1.0,0.35496235028943685,1,0,0
BT,2025-01-22,0,0,-0.12737845871222447,0.35543039083012684,0,0,0
BT,2025-01-23,0,0,-0.1293263890524491,0.35350191800472064,0,0,0
BT,2025-01-24,0,0,-0.4366533662627873,0.371947692485963,0,0,0
BT,2025-01-29,0,0,-0.44299674331548483,0.37878582647559994,0,0,0
BT,2025-01-30,0,0,-0.5389948898935695,0.36404106684554094,0,0,0
BT,2025-02-05,0,0,-0.41290400970895813,0.38338300758471394,0,0,0
BT,2025-02-06,1,0,-0.38532414667877335,0.36740844172858184,0,0,0
BT,2025-02-07,1,0,-0.3933246121526843,0.362488523563203,0,0,0
BT,2025-02-12,1,0,0.09719508848229678,0.3462637487271289,1,0,0
BT,2025-02-13,1,0,0.0900792756861267,0.34495902835897635,1,0,0
BT,2025-02-14,1,0,0.08940746676553006,0.34491839324221985,1,0,0
BT,2025-02-19,0,0,0.13985727596710965,0.36441704748618314,1,0,0
BT,2025-02-20,1,0,-0.15274755907693377,0.37191710210824247,0,0,0
BT,2025-02-21,1,0,0.06294198692955308,0.397387463942886,1,0,0
BT,2025-02-26,1,0,-0.10854698952517877,0.3920133446280776,0,0,0
BT,2025-02-27,1,0,-1.0,0.4071285273632248,0,0,0
BT,2025-02-28,1,0,-1.0,0.40895353581993266,0,0,0
BT,2025-03-05,1,0,-1.0,0.4710743802786925,0,0,0
BT,2025-03-06,0,0,-1.0,0.4640218591855429,0,0,0
BT,2025-03-07,0,0,-1.0,0.3845131086199047,0,0,0
BT,2025-03-12,1,0,-1.0,0.4597910554806586,0,0,0
BT,2025-03-13,1,0,-1.0,0.4289963396131343,0,0,0
BT,2025-03-19,1,0,-1.0,0.3322140597929374,0,0,0
BT,2025-03-21,1,0,-1.0,0.346513866174346,0,0,0
BT,2025-03-27,1,0,-1.0,0.3408438165305837,0,0,0
BT,2025-03-28,1,0,-1.0,0.3491808342681911,0,0,0
BT,2025-04-02,1,0,-1.0,0.34547126810163986,0,0,0
BT,2025-04-04,1,0,-1.0,0.3466916086528795,0,0,0
BT,2025-04-10,1,0,-0.3712192363620736,0.31865241694885027,0,0,0
BT,2025-04-11,0,0,-0.3665737207324035,0.3184966043022883,0,0,0
BT,2025-04-16,0,0,-0.009173971457761481,0.3050274280139268,0,0,0
BT,2025-04-17,1,0,0.0,0.0,0,0,0
BT,2025-04-18,1,0,0.0,0.0,0,0,0
BT,2025-04-23,1,0,0.0,0.0,0,0,0
BT,2025-04-24,1,0,0.0,0.0,0,0,0
BT,2025-05-02,0,0,0.0,0.0,0,0,0
BT,2025-05-07,0,0,0.0,0.0,0,0,0
BT,2025-05-08,0,0,1.0,0.4076251662973336,1,0,0
BT,2025-05-14,0,0,1.0,0.341385592992802,1,0,0
BT,2025-05-15,0,0,1.0,0.3047056282715913,1,0,0
BT,2025-05-16,1,0,1.0,0.3004191298351382,1,0,0
BT,2025-05-21,0,0,1.0,0.3064146039416494,1,0,0
BT,2025-05-22,1,0,1.0,0.30061832317237297,1,0,0
BT,2025-05-23,1,0,0.0,0.0,0,0,0
BT,2025-05-28,1,0,1.0,0.3065024120795228,1,0,0
BT,2025-05-29,1,0,1.0,0.3085606503410907,1,0,0
BT,2025-05-30,1,0,1.0,0.3070722062956958,1,0,0
BT,2025-06-04,0,0,1.0,0.30414761852161754,1,0,0
BT,2025-06-05,1,0,0.0,0.0,0,0,0
BT,2025-06-11,1,0,0.0,0.0,0,0,0
BT,2025-06-12,1,0,0.0,0.0,0,0,0
BT,2025-06-13,1,0,0.0,0.0,0,0,0
BT,2025-06-18,1,0,1.0,0.3490902726092622,1,0,0
BT,2025-06-19,1,0,1.0,0.34450070026896185,1,0,0
BT,2025-06-25,1,0,1.0,0.3753126897667235,1,0,0
BT,2025-06-27,1,0,1.0,0.3754143753046537,1,0,0
BT,2025-07-02,1,0,1.0,0.36923674689856634,1,0,0
BT,2025-07-03,1,0,1.0,0.3638842919467071,1,0,0
BT,2025-07-04,0,0,1.0,0.3562520839609397,1,0,0
BT,2025-07-09,0,0,1.0,0.38421443727818594,1,0,0
BT,2025-07-10,0,0,1.0,0.3957214375401112,1,0,0
BT,2025-07-11,1,0,1.0,0.39540112148794554,1,0,0
BT,2025-07-16,0,0,1.0,0.4020569809444993,1,0,0
BT,2025-07-17,0,0,1.0,0.4016369568961201,1,0,0
BT,2025-07-18,0,0,1.0,0.39353696355967477,1,0,0
BT,2025-07-23,0,0,1.0,0.3912968121817083,1,0,0
BT,2025-07-24,1,0,1.0,0.38538858624177547,1,0,0
BT,2025-07-30,0,0,1.0,0.3813338135877082,1,0,0
BT,2025-07-31,0,0,1.0,0.3834239739980746,1,0,0
BT,2025-08-01,0,0,1.0,0.3033688012991619,1,0,0
BT,2025-08-06,1,0,0.0,0.0,0,0,0
BT,2025-08-08,1,0,0.0,0.0,0,0,0
BT,2025-08-14,0,0,1.0,0.3348424049254274,1,0,0
BT,2025-08-15,0,0,1.0,0.317433068432474,1,0,0
BT,2025-08-20,0,0,1.0,0.32284715378440193,1,0,0
BT,2025-08-21,0,0,1.0,0.31078346765619996,1,0,0
BT,2025-08-22,0,0,1.0,0.32217457959238444,1,0,0
BT,2025-08-27,0,0,1.0,0.34777510682662777,1,0,0
BT,2025-08-28,0,0,1.0,0.35430782824447704,1,0,0
BT,2025-09-03,1,0,0.0,0.0,0,0,0
BT,2025-09-05,1,0,0.0,0.0,0,0,0
BT,2025-09-10,1,0,0.0,0.0,0,0,0
BT,2025-09-11,1,0,0.0,0.0,0,0,0
BT,2025-09-17,1,0,0.0,0.0,0,0,0
BT,2025-09-18,1,0,0.0,0.0,0,0,0
BT,2025-09-19,1,0,0.0,0.0,0,0,0
BT,2025-09-24,1,0,0.0,0.0,0,0,0
BT,2025-09-25,1,0,0.0,0.0,0,0,0
BT,2025-09-26,1,0,0.0,0.0,0,0,0
BT,2025-10-01,1,0,0.0,0.0,0,0,0
BT,2025-10-02,1,0,0.0,0.0,0,0,0
BT,2025-10-03,1,0,0.0,0.0,0,0,0
BT,2025-10-08,1,0,-1.0,0.3289979422016439,0,0,0
BT,2025-10-10,0,0,0.0,0.0,0,0,0
BT,2025-10-16,1,0,1.0,0.33080295363964435,1,0,0
BT,2025-10-17,1,0,0.0,0.0,0,0,0
BT,2025-10-22,1,0,1.0,0.3019788932020956,1,0,0
BT,2025-10-23,0,0,1.0,0.30197332600844373,1,0,0
BT,2025-10-24,0,0,1.0,0.4209523945971851,1,0,0
BT,2025-10-29,1,0,1.0,0.4137442856497109,1,0,0
BT,2025-10-30,1,0,1.0,0.3681271358130848,1,0,0
BT,2025-10-31,1,0,1.0,0.36473029572102034,1,0,0
BT,2025-11-05,1,0,1.0,0.3844676087532456,1,0,0
BT,2025-11-06,1,0,1.0,0.3841978901674198,1,0,0
BT,2025-11-07,1,0,1.0,0.38463598441958685,1,0,0
BT,2025-11-12,1,0,1.0,0.3830644601071506,1,0,0
BT,2025-11-13,1,0,0.001170688321424858,0.3386663637302052,1,0,0
BT,2025-11-19,0,0,-0.10969679595722573,0.402833778328588,0,0,0
BT,2025-11-20,0,0,-0.10047493027625304,0.3986471743774183,0,0,0
BT,2025-11-21,0,0,-0.10549114728984632,0.4011292001992415,0,0,0
BT,2025-11-26,0,0,0.31384554409614424,0.34855770521914725,1,0,0
BT,2025-11-27,0,0,1.0,0.32981348840093794,1,0,0
BT,2025-11-28,0,0,1.0,0.3382685999569144,1,0,0
BT,2025-12-03,0,0,1.0,0.3517397149574407,1,0,0
BT,2025-12-04,0,0,1.0,0.35805647451654193,1,0,0
CARTHAGE CEMENT,2025-01-22,0,0,0.0,0.0,0,0,0
CARTHAGE CEMENT,2025-01-23,1,0,0.0,0.0,0,0,0
CARTHAGE CEMENT,2025-01-24,1,0,0.0,0.0,0,0,0
CARTHAGE CEMENT,2025-01-29,1,0,0.0,0.0,0,0,0
CARTHAGE CEMENT,2025-01-30,0,0,0.0,0.0,0,0,0
CARTHAGE CEMENT,2025-02-05,1,0,0.0,0.0,0,0,0
CARTHAGE CEMENT,2025-02-06,0,0,0.0,0.0,0,0,0
CARTHAGE CEMENT,2025-02-07,0,0,1.0,0.31702946337788623,1,0,0
CARTHAGE CEMENT,2025-02-12,0,0,0.0,0.0,0,0,0
CARTHAGE CEMENT,2025-02-13,0,0,0.0,0.0,0,0,0
CARTHAGE CEMENT,2025-02-14,0,0,0.0,0.0,0,0,0
CARTHAGE CEMENT,2025-02-19,0,0,1.0,0.30616158145118705,1,0,0
CARTHAGE CEMENT,2025-02-20,0,0,1.0,0.30831781892707033,1,0,0
CARTHAGE CEMENT,2025-02-21,0,0,1.0,0.3060095909081318,1,0,0
CARTHAGE CEMENT,2025-02-26,0,0,0.0,0.0,0,0,0
CARTHAGE CEMENT,2025-02-27,0,0,0.0,0.0,0,0,0
CARTHAGE CEMENT,2025-02-28,0,0,0.0,0.0,0,0,0
CARTHAGE CEMENT,2025-03-05,0,0,0.0,0.0,0,0,0
CARTHAGE CEMENT,2025-03-06,0,0,0.0,0.0,0,0,0
CARTHAGE CEMENT,2025-03-07,0,0,0.0,0.0,0,0,0
CARTHAGE CEMENT,2025-03-12,0,0,1.0,0.32010561270193727,1,0,0
CARTHAGE CEMENT,2025-03-13,0,0,1.0,0.34670086648395204,1,0,0
CARTHAGE CEMENT,2025-03-19,1,0,1.0,0.31271118310465973,1,0,0
CARTHAGE CEMENT,2025-03-21,0,0,1.0,0.3123040572344628,1,0,0
CARTHAGE CEMENT,2025-03-27,0,0,1.0,0.3185782253804329,1,0,0
CARTHAGE CEMENT,2025-03-28,0,0,0.0,0.0,0,0,0
CARTHAGE CEMENT,2025-04-02,0,0,0.0,0.0,0,0,0
CARTHAGE CEMENT,2025-04-04,1,0,0.0,0.0,0,0,0
CARTHAGE CEMENT,2025-04-10,0,0,0.0,0.0,0,0,0
CARTHAGE CEMENT,2025-04-11,1,0,0.0,0.0,0,0,0
CARTHAGE CEMENT,2025-04-16,0,0,0.0,0.0,0,0,0
CARTHAGE CEMENT,2025-04-17,0,0,0.04314688039697728,0.3656348405104451,1,0,0
CARTHAGE CEMENT,2025-04-18,0,0,0.18921262363751587,0.3455293815926366,1,0,0
CARTHAGE CEMENT,2025-04-23,0,0,-1.0,0.43627319052176255,0,0,0
CARTHAGE CEMENT,2025-04-24,0,0,-0.1398416876356057,0.37346569216477576,0,0,0
CARTHAGE CEMENT,2025-05-02,1,0,-0.0737309806433531,0.3763520892552963,0,0,0
CARTHAGE CEMENT,2025-05-07,1,0,0.19652582923280512,0.35630357221029163,1,0,0
CARTHAGE CEMENT,2025-05-08,1,0,0.1980031105052247,0.35265899593994116,1,0,0
CARTHAGE CEMENT,2025-05-14,1,0,-0.023302399011687718,0.33967765555130286,0,0,0
CARTHAGE CEMENT,2025-05-15,0,0,-0.0132586873513843,0.3456167725078889,0,0,0
CARTHAGE CEMENT,2025-05-16,0,0,0.00886984416820333,0.3577083842817407,1,0,0
CARTHAGE CEMENT,2025-05-21,0,0,-0.32228635038945025,0.3585498171825647,0,0,0
CARTHAGE CEMENT,2025-05-22,0,0,-0.48654953769645776,0.3287213276679047,0,0,0
CARTHAGE CEMENT,2025-05-23,0,0,-0.47276249360925593,0.344486693879692,0,0,0
CARTHAGE CEMENT,2025-05-28,0,0,-0.4826815260573546,0.3546198062190554,0,0,0
CARTHAGE CEMENT,2025-05-29,0,0,-0.020408781745754237,0.3396594776598601,0,0,0
CARTHAGE CEMENT,2025-05-30,0,0,-0.018175571326188755,0.34652544542771957,0,0,0
CARTHAGE CEMENT,2025-06-04,0,0,0.19316836921478886,0.34406262952674505,1,0,0
CARTHAGE CEMENT,2025-06-05,0,0,0.18998699868623012,0.3421957109613302,1,0,0
CARTHAGE CEMENT,2025-06-11,0,0,-0.014509748242899462,0.338962982102286,0,0,0
CARTHAGE CEMENT,2025-06-12,0,0,-0.012081136719925594,0.3270933988943585,0,0,0
CARTHAGE CEMENT,2025-06-13,0,0,0.009192326878207039,0.3354952868991328,1,0,0
CARTHAGE CEMENT,2025-06-18,1,0,0.4737616331930466,0.3403365933877921,1,0,0
CARTHAGE CEMENT,2025-06-19,1,0,0.47190707461307135,0.3422895261849693,1,0,0
CARTHAGE CEMENT,2025-06-25,0,0,0.359737509116149,0.31880438268150196,1,0,0
CARTHAGE CEMENT,2025-06-27,0,0,1.0,0.33817887267936664,1,0,0
CARTHAGE CEMENT,2025-07-02,0,0,0.05292183171451979,0.3373002911768028,1,0,0
CARTHAGE CEMENT,2025-07-03,0,0,-0.16590351120716926,0.3382084742412631,0,0,0
CARTHAGE CEMENT,2025-07-04,0,0,-0.184778755740409,0.3349509202026423,0,0,0
CARTHAGE CEMENT,2025-07-09,0,0,0.027211464921920638,0.32202486777491024,1,0,0
CARTHAGE CEMENT,2025-07-10,0,0,-0.33729471036199016,0.33459346020502023,0,0,0
CARTHAGE CEMENT,2025-07-11,0,0,-0.015220141446044439,0.32963557031935087,0,0,0
CARTHAGE CEMENT,2025-07-16,0,0,-1.0,0.31585460158699735,0,0,0
CARTHAGE CEMENT,2025-07-17,0,0,-1.0,0.31800921922430553,0,0,0
CARTHAGE CEMENT,2025-07-18,0,0,-1.0,0.3055949419436843,0,0,0
CARTHAGE CEMENT,2025-07-23,0,0,0.0,0.0,0,0,0
CARTHAGE CEMENT,2025-07-24,0,0,0.0,0.0,0,0,0
CARTHAGE CEMENT,2025-07-30,1,0,0.0,0.0,0,0,0
CARTHAGE CEMENT,2025-07-31,1,0,0.0,0.0,0,0,0
CARTHAGE CEMENT,2025-08-01,1,0,0.0,0.0,0,0,0
CARTHAGE CEMENT,2025-08-06,0,0,0.0,0.0,0,0,0
CARTHAGE CEMENT,2025-08-08,0,0,0.0,0.0,0,0,0
CARTHAGE CEMENT,2025-08-14,0,0,-1.0,0.3224731710649609,0,0,0
CARTHAGE CEMENT,2025-08-15,0,0,0.0,0.0,0,0,0
CARTHAGE CEMENT,2025-08-20,1,0,0.0,0.0,0,0,0
CARTHAGE CEMENT,2025-08-21,0,0,1.0,0.3736659740587612,1,0,0
CARTHAGE CEMENT,2025-08-22,0,0,1.0,0.3708445130109276,1,0,0
CARTHAGE CEMENT,2025-08-27,0,0,1.0,0.3656487314480918,1,0,0
CARTHAGE CEMENT,2025-08-28,0,0,1.0,0.35907597554323983,1,0,0
CARTHAGE CEMENT,2025-09-03,1,0,0.11761213315056927,0.3710470756715578,1,0,0
CARTHAGE CEMENT,2025-09-05,1,0,1.0,0.40127270433981105,1,0,0
CARTHAGE CEMENT,2025-09-10,1,0,1.0,0.3780669837494643,1,0,0
CARTHAGE CEMENT,2025-09-11,1,0,1.0,0.38461721924131576,1,0,0
CARTHAGE CEMENT,2025-09-17,1,0,1.0,0.37904671162550746,1,0,0
CARTHAGE CEMENT,2025-09-18,0,0,1.0,0.3792044802616471,1,0,0
CARTHAGE CEMENT,2025-09-19,1,0,1.0,0.3723690844892181,1,0,0
CARTHAGE CEMENT,2025-09-24,0,0,1.0,0.4102944051348792,1,0,0
CARTHAGE CEMENT,2025-09-25,0,0,1.0,0.39735604614081776,1,0,0
CARTHAGE CEMENT,2025-09-26,1,0,1.0,0.38764702500055465,1,0,0
CARTHAGE CEMENT,2025-10-01,1,0,1.0,0.38169953790535366,1,0,0
CARTHAGE CEMENT,2025-10-02,1,0,1.0,0.3735949053766976,1,0,0
CARTHAGE CEMENT,2025-10-03,1,0,0.11324139205255543,0.3397095442366644,1,0,0
CARTHAGE CEMENT,2025-10-08,0,0,1.0,0.30250806182517603,1,0,0
CARTHAGE CEMENT,2025-10-10,0,0,0.0,0.0,0,0,0
CARTHAGE CEMENT,2025-10-16,0,0,0.0,0.0,0,0,0
CARTHAGE CEMENT,2025-10-17,0,0,0.0,0.0,0,0,0
CARTHAGE CEMENT,2025-10-22,0,0,1.0,0.33700919891712566,1,0,0
CARTHAGE CEMENT,2025-10-23,0,0,0.0,0.0,0,0,0
CARTHAGE CEMENT,2025-10-24,0,0,0.0,0.0,0,0,0
CARTHAGE CEMENT,2025-10-29,0,0,0.0,0.0,0,0,0
CARTHAGE CEMENT,2025-10-30,0,0,0.0,0.0,0,0,0
CARTHAGE CEMENT,2025-10-31,0,0,0.0,0.0,0,0,0
CARTHAGE CEMENT,2025-11-05,1,0,0.0,0.0,0,0,0
CARTHAGE CEMENT,2025-11-06,1,0,0.0,0.0,0,0,0
CARTHAGE CEMENT,2025-11-07,0,0,0.0,0.0,0,0,0
CARTHAGE CEMENT,2025-11-12,1,0,0.0,0.0,0,0,0
CARTHAGE CEMENT,2025-11-13,0,0,0.0,0.0,0,0,0
CARTHAGE CEMENT,2025-11-19,1,0,0.0,0.0,0,0,0
CARTHAGE CEMENT,2025-11-20,1,0,0.0,0.0,0,0,0
CARTHAGE CEMENT,2025-11-21,0,0,0.0,0.0,0,0,0
CARTHAGE CEMENT,2025-11-26,1,0,0.0,0.0,0,0,0
CARTHAGE CEMENT,2025-11-27,0,0,-1.0,0.3960659005395564,0,0,0
CARTHAGE CEMENT,2025-11-28,1,0,-1.0,0.36084454380463665,0,0,0
CARTHAGE CEMENT,2025-12-03,1,0,-1.0,0.3457615122116399,0,0,0
CARTHAGE CEMENT,2025-12-04,1,0,-1.0,0.35612321539806713,0,0,0
CELLCOM,2025-02-05,1,0,0.0,0.0,0,0,0
CELLCOM,2025-02-06,0,0,0.0,0.0,0,0,0
CELLCOM,2025-02-07,0,0,0.0,0.0,0,0,0
CELLCOM,2025-02-12,1,0,0.0,0.0,0,0,0
CELLCOM,2025-02-13,1,0,0.0,0.0,0,0,0
CELLCOM,2025-02-14,1,0,0.0,0.0,0,0,0
CELLCOM,2025-02-19,1,0,0.0,0.0,0,0,0
CELLCOM,2025-02-20,1,0,0.0,0.0,0,0,0
CELLCOM,2025-02-21,0,0,0.0,0.0,0,0,0
CELLCOM,2025-02-26,1,0,0.0,0.0,0,0,0
CELLCOM,2025-02-27,1,0,0.0,0.0,0,0,0
CELLCOM,2025-02-28,1,0,0.0,0.0,0,0,0
CELLCOM,2025-03-05,0,0,-0.7685084218437264,0.5299674752538781,0,0,0
CELLCOM,2025-03-06,0,0,-0.7658784475973448,0.5289076792701347,0,0,0
CELLCOM,2025-03-07,0,0,-0.7657878686894924,0.5289316035825791,0,0,0
CELLCOM,2025-03-12,0,0,-0.7747937253338795,0.5222312400724815,0,0,0
CELLCOM,2025-03-13,0,0,-0.7820635106278625,0.5187700548775104,0,0,0
CELLCOM,2025-03-19,1,0,-0.7976675534313135,0.5061637314238057,0,0,0
CELLCOM,2025-03-21,1,0,-0.7987692108603116,0.49931634811069747,0,0,0
CELLCOM,2025-03-27,1,0,-0.7957917848052045,0.4949231655565494,0,0,0
CELLCOM,2025-03-28,0,0,-0.7954611669213651,0.4944365285425731,0,0,0
CELLCOM,2025-04-02,0,0,1.0,0.30049498318254225,1,0,0
CELLCOM,2025-04-04,0,0,-1.0,0.30867171284161793,0,0,0
CELLCOM,2025-04-10,0,0,0.0,0.0,0,0,0
CELLCOM,2025-04-11,0,0,0.0,0.0,0,0,0
CELLCOM,2025-04-16,0,0,0.0,0.0,0,0,0
CELLCOM,2025-04-17,1,0,0.0,0.0,0,0,0
CELLCOM,2025-04-18,1,0,0.0,0.0,0,0,0
CELLCOM,2025-04-23,1,0,0.0,0.0,0,0,0
CELLCOM,2025-04-24,0,0,0.0,0.0,0,0,0
CELLCOM,2025-05-02,0,0,0.0,0.0,0,0,0
CELLCOM,2025-05-07,1,0,0.0,0.0,0,0,0
CELLCOM,2025-05-08,1,0,0.0,0.0,0,0,0
CELLCOM,2025-05-14,1,0,0.0,0.0,0,0,0
CELLCOM,2025-05-15,0,0,0.0,0.0,0,0,0
CELLCOM,2025-05-16,0,0,1.0,0.43057996590459197,1,0,0
CELLCOM,2025-05-21,0,0,1.0,0.4116498624483315,1,0,0
CELLCOM,2025-05-22,0,0,1.0,0.4205207061039748,1,0,0
CELLCOM,2025-05-23,0,0,1.0,0.42002038279539666,1,0,0
CELLCOM,2025-05-28,1,0,1.0,0.41583208779896963,1,0,0
CELLCOM,2025-05-29,1,0,1.0,0.41582506463352636,1,0,0
CELLCOM,2025-05-30,0,0,1.0,0.41022427066462797,1,0,0
CELLCOM,2025-06-04,0,0,1.0,0.3958503681467831,1,0,0
CELLCOM,2025-06-05,0,0,1.0,0.4010535324900144,1,0,0
CELLCOM,2025-06-11,0,0,1.0,0.4008254617842572,1,0,0
CELLCOM,2025-06-12,1,0,1.0,0.40092476735705956,1,0,0
CELLCOM,2025-06-13,1,0,1.0,0.3409505522104773,1,0,0
CELLCOM,2025-06-18,1,0,1.0,0.31543968465260985,1,0,0
CELLCOM,2025-06-19,0,0,1.0,0.32039559350978136,1,0,0
CELLCOM,2025-06-25,0,0,1.0,0.3261997320765837,1,0,0
CELLCOM,2025-06-27,0,0,0.0,0.0,0,0,0
CELLCOM,2025-07-02,1,0,1.0,0.3054892564302246,1,0,0
CELLCOM,2025-07-03,1,0,0.0,0.0,0,0,0
CELLCOM,2025-07-04,1,0,0.0,0.0,0,0,0
CELLCOM,2025-07-09,1,0,0.0,0.0,0,0,0
CELLCOM,2025-07-10,0,0,0.0,0.0,0,0,0
CELLCOM,2025-07-11,0,0,0.0,0.0,0,0,0
CELLCOM,2025-07-16,1,0,0.0,0.0,0,0,0
CELLCOM,2025-07-17,0,0,-1.0,0.32539187584840445,0,0,0
CELLCOM,2025-07-18,0,0,-1.0,0.3586777042942639,0,0,0
CELLCOM,2025-07-23,1,0,-1.0,0.4574178777723183,0,0,0
CELLCOM,2025-07-24,1,0,-0.20041796403239037,0.37592775366827524,0,0,0
CELLCOM,2025-07-30,1,0,-1.0,0.4031818573359265,0,0,0
CELLCOM,2025-07-31,1,0,-0.1491889020763506,0.35778359246697794,0,0,0
CELLCOM,2025-08-01,0,0,-0.1526555610670792,0.360562926643189,0,0,0
CELLCOM,2025-08-06,1,0,-0.025678506049198854,0.3157367890662588,0,0,0
CELLCOM,2025-08-08,0,0,-0.31315054586079183,0.3093606686949264,0,0,0
CELLCOM,2025-08-14,1,0,-1.0,0.33422359929360956,0,0,0
CELLCOM,2025-08-15,0,0,-1.0,0.3365224984005636,0,0,0
CELLCOM,2025-08-20,1,0,-1.0,0.3444496044052756,0,0,0
CELLCOM,2025-08-21,1,0,-1.0,0.34372566841413715,0,0,0
CELLCOM,2025-08-22,1,0,-1.0,0.3455328133587283,0,0,0
CELLCOM,2025-08-27,1,0,-1.0,0.3647720202029432,0,0,0
CELLCOM,2025-08-28,0,0,-1.0,0.362414512189162,0,0,0
CELLCOM,2025-09-03,1,0,-1.0,0.3533352081074618,0,0,0
CELLCOM,2025-09-05,1,0,-1.0,0.35296991139446243,0,0,0
CELLCOM,2025-09-10,1,0,-1.0,0.3488972342962769,0,0,0
CELLCOM,2025-09-11,1,0,-1.0,0.34741441576539117,0,0,0
CELLCOM,2025-09-17,0,0,-1.0,0.3875134847502804,0,0,0
CELLCOM,2025-09-18,0,0,-0.12257048395202859,0.3584643284054203,0,0,0
CELLCOM,2025-09-19,0,0,0.2286063642634318,0.3542093841752509,1,0,0
CELLCOM,2025-09-24,0,0,0.31551450844929685,0.35300542281395336,1,0,0
CELLCOM,2025-09-25,0,0,0.35648163228675256,0.3688807989887835,1,0,0
CELLCOM,2025-09-26,0,0,0.3607643269227889,0.37850717471560835,1,0,0
CELLCOM,2025-10-01,0,0,1.0,0.3554575610119344,1,0,0
CELLCOM,2025-10-02,0,0,1.0,0.3641797562427566,1,0,0
CELLCOM,2025-10-03,0,0,1.0,0.3504513969721703,1,0,0
CELLCOM,2025-10-08,0,0,1.0,0.34710359664988416,1,0,0
CELLCOM,2025-10-10,1,0,1.0,0.34832495640574973,1,0,0
CELLCOM,2025-10-16,1,0,1.0,0.35249355298124807,1,0,0
CELLCOM,2025-10-17,0,0,1.0,0.3492010157596837,1,0,0
CELLCOM,2025-10-22,0,0,1.0,0.327312093589964,1,0,0
CELLCOM,2025-10-23,0,0,1.0,0.3191101303087245,1,0,0
CELLCOM,2025-10-24,0,0,1.0,0.3206222086901277,1,0,0
CELLCOM,2025-10-29,0,0,0.02254457039758033,0.31047622114727336,1,0,0
CELLCOM,2025-10-30,1,0,0.3609381609677141,0.316212221854413,1,0,0
CELLCOM,2025-10-31,1,0,0.354824705846549,0.3133043344825105,1,0,0
CELLCOM,2025-11-05,1,0,1.0,0.31395076815527795,1,0,0
CELLCOM,2025-11-06,1,0,1.0,0.31471335964935787,1,0,0
CELLCOM,2025-11-07,1,0,1.0,0.34492441328580986,1,0,0
CELLCOM,2025-11-12,1,0,1.0,0.33104299011794436,1,0,0
CELLCOM,2025-11-13,1,0,0.0,0.0,0,0,0
CELLCOM,2025-11-19,1,0,1.0,0.3055141321436918,1,0,0
CELLCOM,2025-11-20,0,0,0.0,0.0,0,0,0
CELLCOM,2025-11-21,1,0,1.0,0.3059514450108815,1,0,0
CELLCOM,2025-11-26,1,0,0.005868326217658931,0.3089824991825712,1,0,0
CELLCOM,2025-11-27,1,0,1.0,0.3108320712146708,1,0,0
CELLCOM,2025-11-28,1,0,0.019786043741920466,0.30712415344937116,1,0,0
CELLCOM,2025-12-03,1,0,-0.04150151291116882,0.32379529619826153,0,0,0
CELLCOM,2025-12-04,1,0,1.0,0.30244490341095565,1,0,0
CIL,2025-02-05,1,1,0.0,0.0,0,1,1
CIL,2025-02-06,0,1,0.0,0.0,0,1,1
CIL,2025-02-07,0,1,0.0,0.0,0,1,1
CIL,2025-02-12,1,1,0.0,0.0,0,1,1
CIL,2025-02-13,1,1,0.0,0.0,0,1,1
CIL,2025-02-14,1,1,0.0,0.0,0,1,1
CIL,2025-02-19,1,1,0.0,0.0,0,1,1
CIL,2025-02-20,1,1,0.0,0.0,0,1,1
CIL,2025-02-21,1,1,0.0,0.0,0,1,1
CIL,2025-02-26,1,1,0.0,0.0,0,1,1
CIL,2025-02-27,1,1,0.0,0.0,0,1,1
CIL,2025-02-28,0,1,0.0,0.0,0,1,1
CIL,2025-03-05,0,1,0.7557440999218137,0.5377313169764248,1,1,1
CIL,2025-03-06,0,1,0.7618095687155051,0.5320930941201297,1,1,1
CIL,2025-03-07,0,1,0.761724986284895,0.5321641078368297,1,1,1
CIL,2025-03-12,0,1,0.7640468146508788,0.5271076729268255,1,1,1
CIL,2025-03-13,0,1,0.7640072593951045,0.5260274648407713,1,1,1
CIL,2025-03-19,0,1,0.7717041019115677,0.5189393419121662,1,1,1
CIL,2025-03-21,0,1,0.7711282515812868,0.5160488966306077,1,1,1
CIL,2025-03-27,0,1,0.7834716351394472,0.5066891998146507,1,1,1
CIL,2025-03-28,0,1,0.7829264365166093,0.5049784296591043,1,1,1
CIL,2025-04-02,0,1,1.0,0.3035182080386672,1,1,1
CIL,2025-04-04,0,1,1.0,0.3052052782430942,1,1,1
CIL,2025-04-10,1,1,1.0,0.31722267270896376,1,1,1
CIL,2025-04-11,0,1,1.0,0.3297699467997752,1,1,1
CIL,2025-04-16,0,1,1.0,0.3336747846331645,1,1,1
CIL,2025-04-17,0,1,0.0,0.0,0,1,1
CIL,2025-04-18,0,1,-0.00283296179783942,0.30574625846691084,0,1,1
CIL,2025-04-23,0,1,0.0,0.0,0,1,1
CIL,2025-04-24,0,1,1.0,0.365701302888323,1,1,1
CIL,2025-05-02,0,1,1.0,0.31859755394461253,1,1,1
CIL,2025-05-07,1,1,1.0,0.32334784328045396,1,1,1
CIL,2025-05-08,1,1,1.0,0.31989478427025164,1,1,1
CIL,2025-05-14,1,1,0.016127262168677756,0.311261376114051,1,1,1
CIL,2025-05-15,1,1,0.016958618000207717,0.3109745020770627,1,1,1
CIL,2025-05-16,0,1,0.01918452440541686,0.3102953315054395,1,1,1
CIL,2025-05-21,1,1,0.0,0.0,0,1,1
CIL,2025-05-22,1,1,-1.0,0.30273734044299333,0,1,1
CIL,2025-05-23,1,1,-1.0,0.3451237163259394,0,1,1
CIL,2025-05-28,1,1,-1.0,0.3791102027444801,0,1,1
CIL,2025-05-29,0,1,-1.0,0.3709623854216285,0,1,1
CIL,2025-05-30,0,1,-0.06317100671056378,0.3483875149136979,0,1,1
CIL,2025-06-04,0,1,0.040108351640006853,0.3381570446329727,1,1,1
CIL,2025-06-05,1,1,1.0,0.3455454174025867,1,1,1
CIL,2025-06-11,0,1,0.0697977037342168,0.3353262599736286,1,1,1
CIL,2025-06-12,1,1,1.0,0.32467711336955063,1,1,1
CIL,2025-06-13,0,1,1.0,0.3277135804798025,1,1,1
CIL,2025-06-18,0,1,0.05616726591378133,0.3514650401578019,1,1,1
CIL,2025-06-19,0,1,0.037919356358216895,0.3592637286768557,1,1,1
CIL,2025-06-25,0,1,0.042154117603427736,0.36623008244998906,1,1,1
CIL,2025-06-27,1,1,0.04031311558691625,0.36170535508391777,1,1,1
CIL,2025-07-02,1,1,0.0053299417307123495,0.30577742506407213,1,1,1
CIL,2025-07-03,1,1,-0.3549414660592967,0.31265015476789987,0,1,1
CIL,2025-07-04,1,1,-1.0,0.34527425319220806,0,1,1
CIL,2025-07-09,0,1,0.29431808509408786,0.3345029492712926,1,1,1
CIL,2025-07-10,0,1,0.011295154881531684,0.3529968177019462,1,1,1
CIL,2025-07-11,0,1,0.00994514507699452,0.3535010119952797,1,1,1
CIL,2025-07-16,0,1,0.0672326842386782,0.328780377244435,1,1,1
CIL,2025-07-17,0,1,1.0,0.34462211340264753,1,1,1
CIL,2025-07-18,1,1,-0.014124210567554881,0.3522420158904836,0,1,1
CIL,2025-07-23,1,1,1.0,0.34587597108266044,1,1,1
CIL,2025-07-24,1,1,1.0,0.3470797524875429,1,1,1
CIL,2025-07-30,0,1,-1.0,0.34106303325079157,0,1,1
CIL,2025-07-31,1,1,-1.0,0.325991100039182,0,1,1
CIL,2025-08-01,1,1,-1.0,0.30944324526849476,0,1,1
CIL,2025-08-06,0,1,-1.0,0.308403568238675,0,1,1
CIL,2025-08-08,1,1,-1.0,0.30674509335742206,0,1,1
CIL,2025-08-14,1,1,-1.0,0.3289014158572903,0,1,1
CIL,2025-08-15,1,1,0.0,0.0,0,1,1
CIL,2025-08-20,1,1,0.0,0.0,0,1,1
CIL,2025-08-21,1,1,-1.0,0.3208120352881399,0,1,1
CIL,2025-08-22,1,1,-1.0,0.32407536609892085,0,1,1
CIL,2025-08-27,1,1,-1.0,0.32216298832018436,0,1,1
CIL,2025-08-28,1,1,-1.0,0.31601761145474677,0,1,1
CIL,2025-09-03,0,1,-1.0,0.3172916248238008,0,1,1
CIL,2025-09-05,1,1,0.0,0.0,0,1,1
CIL,2025-09-10,1,1,0.0,0.0,0,1,1
CIL,2025-09-11,0,1,0.0,0.0,0,1,1
CIL,2025-09-17,0,1,0.0,0.0,0,1,1
CIL,2025-09-18,0,1,0.0,0.0,0,1,1
CIL,2025-09-19,0,1,0.0,0.0,0,1,1
CIL,2025-09-24,0,1,0.0,0.0,0,1,1
CIL,2025-09-25,1,1,0.0,0.0,0,1,1
CIL,2025-09-26,0,1,0.0,0.0,0,1,1
CIL,2025-10-01,1,1,0.0,0.0,0,1,1
CIL,2025-10-02,1,1,0.0,0.0,0,1,1
CIL,2025-10-03,1,1,0.0,0.0,0,1,1
CIL,2025-10-08,1,1,0.0,0.0,0,1,1
CIL,2025-10-10,1,1,0.0,0.0,0,1,1
CIL,2025-10-16,0,1,0.0,0.0,0,1,1
CIL,2025-10-17,0,1,0.0,0.0,0,1,1
CIL,2025-10-22,0,1,0.0,0.0,0,1,1
CIL,2025-10-23,0,1,0.0,0.0,0,1,1
CIL,2025-10-24,0,1,1.0,0.30307833330266754,1,1,1
CIL,2025-10-29,0,1,0.0,0.0,0,1,1
CIL,2025-10-30,1,1,0.0,0.0,0,1,1
CIL,2025-10-31,1,1,0.0,0.0,0,1,1
CIL,2025-11-05,1,1,1.0,0.3168962807093496,1,1,1
CIL,2025-11-06,1,1,1.0,0.3543832379045887,1,1,1
CIL,2025-11-07,1,1,1.0,0.3535844298386388,1,1,1
CIL,2025-11-12,1,1,0.0,0.0,0,1,1
CIL,2025-11-13,1,1,0.0,0.0,0,1,1
CIL,2025-11-19,0,1,0.0,0.0,0,1,1
CIL,2025-11-20,0,1,0.0,0.0,0,1,1
CIL,2025-11-21,0,1,0.0,0.0,0,1,1
CIL,2025-11-26,0,1,0.0,0.0,0,1,1
CIL,2025-11-27,0,1,0.0,0.0,0,1,1
CIL,2025-11-28,1,1,-1.0,0.3046028260788024,0,1,1
CIL,2025-12-03,1,1,0.0,0.0,0,1,1
CIL,2025-12-04,1,1,0.0,0.0,0,1,1
CITY CARS,2025-01-22,1,0,0.38648690703718325,0.3396341796503284,1,0,0
CITY CARS,2025-01-23,1,0,0.39077626124292136,0.33890526725833253,1,0,0
CITY CARS,2025-01-24,1,0,1.0,0.35603476381993393,1,0,0
CITY CARS,2025-01-29,1,0,0.21381009614799662,0.3448804068347,1,0,0
CITY CARS,2025-01-30,1,0,0.20870063552684426,0.3593561505034467,1,0,0
CITY CARS,2025-02-05,1,0,0.47860832058067415,0.35904704736725096,1,0,0
CITY CARS,2025-02-06,1,0,0.37765201424501715,0.35657673613085494,1,0,0
CITY CARS,2025-02-07,1,0,0.3994934477334086,0.3492083822426622,1,0,0
CITY CARS,2025-02-12,1,0,0.32373222875474855,0.3348322417622707,1,0,0
CITY CARS,2025-02-13,1,0,0.3689291287606575,0.3370806759369875,1,0,0
CITY CARS,2025-02-14,1,0,0.3651840835839896,0.33190454102259764,1,0,0
CITY CARS,2025-02-19,0,0,0.08804752321119341,0.362865494831739,1,0,0
CITY CARS,2025-02-20,1,0,0.0795594477430454,0.3307454735645256,1,0,0
CITY CARS,2025-02-21,1,0,0.06912329796633608,0.3288839170597907,1,0,0
CITY CARS,2025-02-26,1,1,-1.0,0.30173802489649965,0,1,1
CITY CARS,2025-02-27,1,1,-1.0,0.31504395344505115,0,1,1
CITY CARS,2025-02-28,1,1,-1.0,0.328125327788597,0,1,1
CITY CARS,2025-03-05,1,1,0.494173831192933,0.35485599276844393,1,1,1
CITY CARS,2025-03-06,1,1,0.4632178154608556,0.3574868604904287,1,1,1
CITY CARS,2025-03-07,1,1,0.556064085053756,0.3469630488054728,1,1,1
CITY CARS,2025-03-12,1,1,0.5641060264698539,0.3497350496721674,1,1,1
CITY CARS,2025-03-13,1,1,0.4796771546323915,0.35154279581436204,1,1,1
CITY CARS,2025-03-19,1,1,0.22656311938369703,0.3384905194190659,1,1,1
CITY CARS,2025-03-21,1,1,0.5252010813073377,0.3422944643589868,1,1,1
CITY CARS,2025-03-27,1,1,0.3971916165706887,0.3368020923277326,1,1,1
CITY CARS,2025-03-28,1,1,0.3931117625351478,0.33684829323657767,1,1,1
CITY CARS,2025-04-02,1,1,0.0,0.0,0,1,1
CITY CARS,2025-04-04,0,1,0.0,0.0,0,1,1
CITY CARS,2025-04-10,0,1,-1.0,0.3212482287621234,0,1,1
CITY CARS,2025-04-11,0,1,-1.0,0.30831867848976036,0,1,1
CITY CARS,2025-04-16,1,1,0.0,0.0,0,1,1
CITY CARS,2025-04-17,0,1,0.0,0.0,0,1,1
CITY CARS,2025-04-18,1,1,-1.0,0.30093296426353044,0,1,1
CITY CARS,2025-04-23,0,1,0.0,0.0,0,1,1
CITY CARS,2025-04-24,0,1,0.0,0.0,0,1,1
CITY CARS,2025-05-02,1,1,0.0,0.0,0,1,1
CITY CARS,2025-05-07,1,1,0.0,0.0,0,1,1
CITY CARS,2025-05-08,1,1,0.0,0.0,0,1,1
CITY CARS,2025-05-14,1,1,0.0,0.0,0,1,1
CITY CARS,2025-05-15,1,1,0.0,0.0,0,1,1
CITY CARS,2025-05-16,0,1,0.0,0.0,0,1,1
CITY CARS,2025-05-21,0,1,0.0,0.0,0,1,1
CITY CARS,2025-05-22,0,1,-1.0,0.3439614750020931,0,1,1
CITY CARS,2025-05-23,0,1,0.0,0.0,0,1,1
CITY CARS,2025-05-28,0,1,0.0,0.0,0,1,1
CITY CARS,2025-05-29,0,1,-1.0,0.306111065021577,0,1,1
CITY CARS,2025-05-30,0,1,-1.0,0.30545971477039824,0,1,1
CITY CARS,2025-06-04,0,1,0.0,0.0,0,1,1
CITY CARS,2025-06-05,0,1,0.0,0.0,0,1,1
CITY CARS,2025-06-11,1,1,-1.0,0.31489130289832945,0,1,1
CITY CARS,2025-06-12,1,1,-1.0,0.3277644344524372,0,1,1
CITY CARS,2025-06-13,1,1,-1.0,0.3281433674126162,0,1,1
CITY CARS,2025-06-18,1,1,-1.0,0.33034002496942105,0,1,1
CITY CARS,2025-06-19,1,1,-1.0,0.32723840995699366,0,1,1
CITY CARS,2025-06-25,0,1,0.018565455779046208,0.31091714418372374,1,1,1
CITY CARS,2025-06-27,0,1,0.057913677334830736,0.32194870990977004,1,1,1
CITY CARS,2025-07-02,0,1,0.0,0.0,0,1,1
CITY CARS,2025-07-03,0,1,0.0,0.0,0,1,1
CITY CARS,2025-07-04,0,1,0.0,0.0,0,1,1
CITY CARS,2025-07-09,0,1,0.0,0.0,0,1,1
CITY CARS,2025-07-10,0,1,0.0,0.0,0,1,1
CITY CARS,2025-07-11,1,1,0.0,0.0,0,1,1
CITY CARS,2025-07-16,1,1,1.0,0.3045484982528522,1,1,1
CITY CARS,2025-07-17,1,1,1.0,0.3097261333308947,1,1,1
CITY CARS,2025-07-18,1,1,1.0,0.31136033739889835,1,1,1
CITY CARS,2025-07-23,1,1,1.0,0.30336923614313976,1,1,1
CITY CARS,2025-07-24,1,1,1.0,0.3009932509809875,1,1,1
CITY CARS,2025-07-30,0,1,1.0,0.346135855360722,1,1,1
CITY CARS,2025-07-31,0,1,0.0,0.0,0,1,1
CITY CARS,2025-08-01,0,1,0.0,0.0,0,1,1
CITY CARS,2025-08-06,0,1,0.0,0.0,0,1,1
CITY CARS,2025-08-08,1,1,0.0,0.0,0,1,1
CITY CARS,2025-08-14,1,1,0.0,0.0,0,1,1
CITY CARS,2025-08-15,1,1,0.0,0.0,0,1,1
CITY CARS,2025-08-20,1,1,0.0,0.0,0,1,1
CITY CARS,2025-08-21,1,1,0.0,0.0,0,1,1
CITY CARS,2025-08-22,1,1,0.0,0.0,0,1,1
CITY CARS,2025-08-27,1,1,1.0,0.3038611436870066,1,1,1
CITY CARS,2025-08-28,1,1,0.0,0.0,0,1,1
CITY CARS,2025-09-03,1,1,1.0,0.35904856502410265,1,1,1
CITY CARS,2025-09-05,1,1,1.0,0.3506286308488552,1,1,1
CITY CARS,2025-09-10,1,1,1.0,0.36026175723576187,1,1,1
CITY CARS,2025-09-11,0,1,1.0,0.3607206257879839,1,1,1
CITY CARS,2025-09-17,0,1,-1.0,0.31421592675892357,0,1,1
CITY CARS,2025-09-18,0,1,-1.0,0.3122638299411614,0,1,1
CITY CARS,2025-09-19,0,1,0.0,0.0,0,1,1
CITY CARS,2025-09-24,0,1,0.0,0.0,0,1,1
CITY CARS,2025-09-25,0,1,0.0,0.0,0,1,1
CITY CARS,2025-09-26,0,1,0.0,0.0,0,1,1
CITY CARS,2025-10-01,1,1,0.0,0.0,0,1,1
CITY CARS,2025-10-02,1,1,0.0,0.0,0,1,1
CITY CARS,2025-10-03,1,1,-1.0,0.3040022884989933,0,1,1
CITY CARS,2025-10-08,1,1,0.0,0.0,0,1,1
CITY CARS,2025-10-10,0,1,0.0,0.0,0,1,1
CITY CARS,2025-10-16,0,1,0.0,0.0,0,1,1
CITY CARS,2025-10-17,0,1,0.0,0.0,0,1,1
CITY CARS,2025-10-22,0,1,-1.0,0.3097739268357826,0,1,1
CITY CARS,2025-10-23,1,1,-1.0,0.3000945251384038,0,1,1
CITY CARS,2025-10-24,1,1,-1.0,0.3181879430386302,0,1,1
CITY CARS,2025-10-29,1,1,-1.0,0.3185385492816974,0,1,1
CITY CARS,2025-10-30,1,1,-1.0,0.32781306249625525,0,1,1
CITY CARS,2025-10-31,1,1,-1.0,0.3276247820011466,0,1,1
CITY CARS,2025-11-05,1,1,0.0,0.0,0,1,1
CITY CARS,2025-11-06,1,1,0.0,0.0,0,1,1
CITY CARS,2025-11-07,1,1,0.0,0.0,0,1,1
CITY CARS,2025-11-12,0,1,0.0,0.0,0,1,1
CITY CARS,2025-11-13,0,1,0.0,0.0,0,1,1
CITY CARS,2025-11-19,0,1,0.0,0.0,0,1,1
CITY CARS,2025-11-20,0,1,0.0,0.0,0,1,1
CITY CARS,2025-11-21,0,1,0.0,0.0,0,1,1
CITY CARS,2025-11-26,0,1,0.0,0.0,0,1,1
CITY CARS,2025-11-27,1,1,-1.0,0.3185711636356987,0,1,1
CITY CARS,2025-11-28,1,1,-1.0,0.32141857536801477,0,1,1
CITY CARS,2025-12-03,1,1,-1.0,0.3191237247098639,0,1,1
CITY CARS,2025-12-04,1,1,0.0,0.0,0,1,1
DELICE HOLDING,2025-01-22,1,1,-1.0,0.4531385678071122,0,1,1
DELICE HOLDING,2025-01-23,1,1,0.0,0.0,0,1,1
DELICE HOLDING,2025-01-24,0,1,0.0,0.0,0,1,1
DELICE HOLDING,2025-01-29,1,1,-0.029365842575500546,0.34034280648166815,0,1,1
DELICE HOLDING,2025-01-30,1,1,-0.020050883951807853,0.34402974614774073,0,1,1
DELICE HOLDING,2025-02-05,1,1,0.004838331455112316,0.3382707185384493,1,1,1
DELICE HOLDING,2025-02-06,1,1,0.008105184737661088,0.3373461469880082,1,1,1
DELICE HOLDING,2025-02-07,1,1,0.015946353063883256,0.3316607292539496,1,1,1
DELICE HOLDING,2025-02-12,1,1,0.2426211181239421,0.37809032032231843,1,1,1
DELICE HOLDING,2025-02-13,1,1,0.2971814119787267,0.39242225985738816,1,1,1
DELICE HOLDING,2025-02-14,0,1,0.3328366086205654,0.3481268206331478,1,1,1
DELICE HOLDING,2025-02-19,1,1,-0.014525018787396711,0.34796665790289677,0,1,1
DELICE HOLDING,2025-02-20,1,1,0.017774306073114074,0.34875137928351263,1,1,1
DELICE HOLDING,2025-02-21,1,1,0.36572078289722826,0.3181911689426578,1,1,1
DELICE HOLDING,2025-02-26,0,1,-0.008173214444374495,0.32226706961852997,0,1,1
DELICE HOLDING,2025-02-27,0,1,0.18512114120581682,0.3158012686619485,1,1,1
DELICE HOLDING,2025-02-28,1,1,0.1875675704621884,0.31325291113921705,1,1,1
DELICE HOLDING,2025-03-05,1,1,0.01346986282813015,0.31618227347435157,1,1,1
DELICE HOLDING,2025-03-06,1,1,0.011670464373394957,0.3138106628238489,1,1,1
DELICE HOLDING,2025-03-07,1,1,0.004286816582231733,0.3156360338451911,1,1,1
DELICE HOLDING,2025-03-12,1,1,-0.01881705935081556,0.3226182483750648,0,1,1
DELICE HOLDING,2025-03-13,1,1,-0.014336347076917012,0.3194018736238554,0,1,1
DELICE HOLDING,2025-03-19,0,1,0.31095693840118693,0.3235232085337182,1,1,1
DELICE HOLDING,2025-03-21,1,1,0.32445043172558136,0.3238829664685804,1,1,1
DELICE HOLDING,2025-03-27,0,1,0.3299030799657356,0.3267194713276929,1,1,1
DELICE HOLDING,2025-03-28,0,1,0.30128058096271126,0.3371034840986458,1,1,1
DELICE HOLDING,2025-04-02,0,1,0.3255069413244648,0.3525841381584165,1,1,1
DELICE HOLDING,2025-04-04,1,1,0.3258569714394051,0.3415407331017916,1,1,1
DELICE HOLDING,2025-04-10,1,1,0.26937208409694097,0.3482572943595459,1,1,1
DELICE HOLDING,2025-04-11,1,1,0.2909655114447425,0.3452021300981454,1,1,1
DELICE HOLDING,2025-04-16,1,1,0.3070495589890399,0.3639609148586657,1,1,1
DELICE HOLDING,2025-04-17,0,1,-0.6254285893092717,0.34602382701397827,0,1,1
DELICE HOLDING,2025-04-18,1,1,-1.0,0.3113670459015447,0,1,1
DELICE HOLDING,2025-04-23,0,1,-1.0,0.322056517153651,0,1,1
DELICE HOLDING,2025-04-24,1,1,-1.0,0.35585588529864043,0,1,1
DELICE HOLDING,2025-05-02,0,1,-1.0,0.35525152698598195,0,1,1
DELICE HOLDING,2025-05-07,0,1,-1.0,0.36805919006457133,0,1,1
DELICE HOLDING,2025-05-08,0,1,-1.0,0.3660599793641385,0,1,1
DELICE HOLDING,2025-05-14,0,1,-1.0,0.3789312860095908,0,1,1
DELICE HOLDING,2025-05-15,1,1,-1.0,0.38509701514130024,0,1,1
DELICE HOLDING,2025-05-16,0,1,-0.16096377941721943,0.37932783192587227,0,1,1
DELICE HOLDING,2025-05-21,1,1,-0.1427733187618443,0.3580239392090985,0,1,1
DELICE HOLDING,2025-05-22,1,1,-1.0,0.41395246524639623,0,1,1
DELICE HOLDING,2025-05-23,1,1,-1.0,0.41529252993709465,0,1,1
DELICE HOLDING,2025-05-28,0,1,-1.0,0.3091081670921616,0,1,1
DELICE HOLDING,2025-05-29,0,1,-1.0,0.31205879190173536,0,1,1
DELICE HOLDING,2025-05-30,0,1,-1.0,0.31789783203140415,0,1,1
DELICE HOLDING,2025-06-04,0,1,-1.0,0.3154239893115982,0,1,1
DELICE HOLDING,2025-06-05,0,1,-1.0,0.3154420758589484,0,1,1
DELICE HOLDING,2025-06-11,0,1,-1.0,0.30697631315587176,0,1,1
DELICE HOLDING,2025-06-12,0,1,-1.0,0.30998981231109235,0,1,1
DELICE HOLDING,2025-06-13,0,1,-1.0,0.3103868093354895,0,1,1
DELICE HOLDING,2025-06-18,1,1,0.0,0.0,0,1,1
DELICE HOLDING,2025-06-19,1,1,0.0,0.0,0,1,1
DELICE HOLDING,2025-06-25,1,1,0.0,0.0,0,1,1
DELICE HOLDING,2025-06-27,1,1,-1.0,0.30836062549659815,0,1,1
DELICE HOLDING,2025-07-02,1,1,-1.0,0.30666737672386873,0,1,1
DELICE HOLDING,2025-07-03,1,1,-1.0,0.3071953633404272,0,1,1
DELICE HOLDING,2025-07-04,1,1,-1.0,0.3063604131797964,0,1,1
DELICE HOLDING,2025-07-09,1,1,-1.0,0.3139105898695035,0,1,1
DELICE HOLDING,2025-07-10,1,1,-1.0,0.31226613429728406,0,1,1
DELICE HOLDING,2025-07-11,1,1,-1.0,0.31181264866284364,0,1,1
DELICE HOLDING,2025-07-16,1,1,-1.0,0.31696578915430124,0,1,1
DELICE HOLDING,2025-07-17,1,1,0.031358608685121164,0.31549828847916095,1,1,1
DELICE HOLDING,2025-07-18,1,1,0.014400714701687682,0.35358581583781995,1,1,1
DELICE HOLDING,2025-07-23,0,1,1.0,0.45741787777231824,1,1,1
DELICE HOLDING,2025-07-24,0,1,1.0,0.45127042868174094,1,1,1
DELICE HOLDING,2025-07-30,0,1,1.0,0.40318185733592643,1,1,1
DELICE HOLDING,2025-07-31,0,1,0.15412511999738157,0.35625334435922484,1,1,1
DELICE HOLDING,2025-08-01,0,1,0.15849713519235462,0.35874483404819724,1,1,1
DELICE HOLDING,2025-08-06,0,1,0.26094562168519275,0.3528325175143244,1,1,1
DELICE HOLDING,2025-08-08,0,1,0.2406431118209198,0.34164610818736224,1,1,1
DELICE HOLDING,2025-08-14,0,1,0.24904044799722444,0.33833820589140834,1,1,1
DELICE HOLDING,2025-08-15,0,1,0.2536289976370531,0.33616703533153425,1,1,1
DELICE HOLDING,2025-08-20,1,1,0.2820042918961844,0.3348963576635209,1,1,1
DELICE HOLDING,2025-08-21,1,1,0.2868363187228378,0.3313593379921809,1,1,1
DELICE HOLDING,2025-08-22,1,1,0.29224481942741704,0.329669641889432,1,1,1
DELICE HOLDING,2025-08-27,0,1,0.27546629306138637,0.33016805193334914,1,1,1
DELICE HOLDING,2025-08-28,0,1,0.27396219775982183,0.3297390749955565,1,1,1
DELICE HOLDING,2025-09-03,1,1,0.2579383742457646,0.33711930586143385,1,1,1
DELICE HOLDING,2025-09-05,1,1,0.27722319505110626,0.3333399724497376,1,1,1
DELICE HOLDING,2025-09-10,1,1,-0.06562310617362324,0.336465947946522,0,1,1
DELICE HOLDING,2025-09-11,1,1,-0.0638474354513856,0.33721777489194327,0,1,1
DELICE HOLDING,2025-09-17,0,1,-1.0,0.34338939940839375,0,1,1
DELICE HOLDING,2025-09-18,0,1,-1.0,0.334415979487789,0,1,1
DELICE HOLDING,2025-09-19,0,1,-1.0,0.31780403423390263,0,1,1
DELICE HOLDING,2025-09-24,0,1,0.0,0.0,0,1,1
DELICE HOLDING,2025-09-25,1,1,-1.0,0.3239831065931518,0,1,1
DELICE HOLDING,2025-09-26,0,1,-1.0,0.32318724909808466,0,1,1
DELICE HOLDING,2025-10-01,0,1,-1.0,0.3278139276669236,0,1,1
DELICE HOLDING,2025-10-02,0,1,-1.0,0.325857104506821,0,1,1
DELICE HOLDING,2025-10-03,0,1,-1.0,0.324933098644519,0,1,1
DELICE HOLDING,2025-10-08,0,1,-1.0,0.3238657418078307,0,1,1
DELICE HOLDING,2025-10-10,0,1,-1.0,0.32360693805274027,0,1,1
DELICE HOLDING,2025-10-16,1,1,-0.024831578394602483,0.31522568853038946,0,1,1
DELICE HOLDING,2025-10-17,1,1,-1.0,0.32775581942491294,0,1,1
DELICE HOLDING,2025-10-22,1,1,-1.0,0.3678076814217438,0,1,1
DELICE HOLDING,2025-10-23,0,1,-1.0,0.3782452651950685,0,1,1
DELICE HOLDING,2025-10-24,0,1,-1.0,0.3878045079920489,0,1,1
DELICE HOLDING,2025-10-29,0,1,-1.0,0.4086564269758907,0,1,1
DELICE HOLDING,2025-10-30,0,1,-0.516977213480469,0.33576099068962806,0,1,1
DELICE HOLDING,2025-10-31,0,1,-0.5137607473016775,0.32935439740472006,0,1,1
DELICE HOLDING,2025-11-05,1,1,0.05030185148865757,0.34474171772923456,1,1,1
DELICE HOLDING,2025-11-06,1,1,0.044442041061247835,0.33110365828826005,1,1,1
DELICE HOLDING,2025-11-07,1,1,0.04126499541893023,0.3307879422343763,1,1,1
DELICE HOLDING,2025-11-12,1,1,0.06641423821787285,0.324486809493748,1,1,1
DELICE HOLDING,2025-11-13,0,1,0.02887431036042159,0.3210007471423746,1,1,1
DELICE HOLDING,2025-11-19,0,1,1.0,0.37170238238909725,1,1,1
DELICE HOLDING,2025-11-20,0,1,1.0,0.3757211198045743,1,1,1
DELICE HOLDING,2025-11-21,1,1,1.0,0.41060450374350543,1,1,1
DELICE HOLDING,2025-11-26,1,1,1.0,0.4167941212818933,1,1,1
DELICE HOLDING,2025-11-27,1,1,1.0,0.3829077374803275,1,1,1
DELICE HOLDING,2025-11-28,1,1,1.0,0.3815952835538528,1,1,1
DELICE HOLDING,2025-12-03,1,1,1.0,0.37841711088861407,1,1,1
DELICE HOLDING,2025-12-04,1,1,1.0,0.3800824498438378,1,1,1
ARTES,2025-01-22,1,0,-1.0,0.31521125335098377,0,0,0
ARTES,2025-01-23,1,0,-1.0,0.30229116230956565,0,0,0
ARTES,2025-01-24,0,0,0.45305981630401687,0.3602986487701728,1,0,0
ARTES,2025-01-29,0,0,0.5523848743233042,0.380728628294016,1,0,0
ARTES,2025-01-30,0,0,0.620177524595704,0.3663212719478639,1,0,0
ARTES,2025-02-05,1,0,0.5805871324895431,0.3704657191762457,1,0,0
ARTES,2025-02-06,1,0,0.5820778445901653,0.3709406482601185,1,0,0
ARTES,2025-02-07,1,0,0.5803771377302303,0.36271478356387094,1,0,0
ARTES,2025-02-12,0,0,1.0,0.361912485160334,1,0,0
ARTES,2025-02-13,0,0,1.0,0.3619162805923715,1,0,0
ARTES,2025-02-14,0,0,1.0,0.3636700687059881,1,0,0
ARTES,2025-02-19,0,0,0.53481623625537,0.367080339426019,1,0,0
ARTES,2025-02-20,0,0,0.6241261072905447,0.3773807463698461,1,0,0
ARTES,2025-02-21,0,0,0.6561440164796535,0.3705614326693428,1,0,0
ARTES,2025-02-26,0,0,1.0,0.35477598954132833,1,0,0
ARTES,2025-02-27,1,0,1.0,0.34537352283512546,1,0,0
ARTES,2025-02-28,1,0,1.0,0.3454452632342412,1,0,0
ARTES,2025-03-05,1,0,1.0,0.36520139518949174,1,0,0
ARTES,2025-03-06,0,0,1.0,0.3629542425235836,1,0,0
ARTES,2025-03-07,1,0,1.0,0.35976415744902024,1,0,0
ARTES,2025-03-12,1,0,1.0,0.35411300329432294,1,0,0
ARTES,2025-03-13,0,0,1.0,0.3497067199918096,1,0,0
ARTES,2025-03-19,1,0,1.0,0.3475079748743625,1,0,0
ARTES,2025-03-21,1,0,1.0,0.34488004478810513,1,0,0
ARTES,2025-03-27,1,0,1.0,0.3454222583758977,1,0,0
ARTES,2025-03-28,1,0,1.0,0.3565197845919368,1,0,0
ARTES,2025-04-02,1,0,1.0,0.36089483858429805,1,0,0
ARTES,2025-04-04,1,0,1.0,0.35864616975158303,1,0,0
ARTES,2025-04-10,1,0,1.0,0.35548381254568123,1,0,0
ARTES,2025-04-11,0,0,1.0,0.3588942272274349,1,0,0
ARTES,2025-04-16,1,0,0.41411801387385166,0.3583429527299704,1,0,0
ARTES,2025-04-17,1,0,0.3869585873431104,0.3419863523078401,1,0,0
ARTES,2025-04-18,1,0,0.3788874287564668,0.3407363707855593,1,0,0
ARTES,2025-04-23,0,0,1.0,0.3538458458661498,1,0,0
ARTES,2025-04-24,0,0,1.0,0.44162816175670694,1,0,0
ARTES,2025-05-02,0,0,1.0,0.356045757488724,1,0,0
ARTES,2025-05-07,1,0,1.0,0.38459459642740246,1,0,0
ARTES,2025-05-08,1,0,1.0,0.3919045094541067,1,0,0
ARTES,2025-05-14,1,0,1.0,0.4052204907308281,1,0,0
ARTES,2025-05-15,0,0,1.0,0.4052774353340207,1,0,0
ARTES,2025-05-16,0,0,1.0,0.406643777656075,1,0,0
ARTES,2025-05-21,0,0,1.0,0.3871005923331682,1,0,0
ARTES,2025-05-22,0,0,1.0,0.38659441946384376,1,0,0
ARTES,2025-05-23,1,0,1.0,0.38875926345258927,1,0,0
ARTES,2025-05-28,0,0,0.0,0.0,0,0,0
ARTES,2025-05-29,0,0,0.0,0.0,0,0,0
ARTES,2025-05-30,0,0,0.0,0.0,0,0,0
ARTES,2025-06-04,0,0,-1.0,0.3268720446158109,0,0,0
ARTES,2025-06-05,0,0,-1.0,0.3209273181746706,0,0,0
ARTES,2025-06-11,0,0,0.0,0.0,0,0,0
ARTES,2025-06-12,0,0,0.0,0.0,0,0,0
ARTES,2025-06-13,0,0,-1.0,0.35733431521997694,0,0,0
ARTES,2025-06-18,0,0,-1.0,0.34803890884434424,0,0,0
ARTES,2025-06-19,0,0,-0.04305477608422377,0.3325014453490802,0,0,0
ARTES,2025-06-25,1,0,-0.1426422747320401,0.36569485745728303,0,0,0
ARTES,2025-06-27,1,0,-1.0,0.39122241321593587,0,0,0
ARTES,2025-07-02,0,0,-1.0,0.39495324835152584,0,0,0
ARTES,2025-07-03,1,0,-1.0,0.4060389202820319,0,0,0
ARTES,2025-07-04,1,0,-1.0,0.4056367381130064,0,0,0
ARTES,2025-07-09,0,0,-1.0,0.40367796640290754,0,0,0
ARTES,2025-07-10,0,0,-1.0,0.400447759521812,0,0,0
ARTES,2025-07-11,1,0,-1.0,0.40236889715603047,0,0,0
ARTES,2025-07-16,1,0,-1.0,0.3598931726649961,0,0,0
ARTES,2025-07-17,1,0,-1.0,0.3584398327755381,0,0,0
ARTES,2025-07-18,1,0,-1.0,0.35068609090756403,0,0,0
ARTES,2025-07-23,1,0,0.0,0.0,0,0,0
ARTES,2025-07-24,1,0,0.0,0.0,0,0,0
ARTES,2025-07-30,1,0,0.0,0.0,0,0,0
ARTES,2025-07-31,1,0,0.0,0.0,0,0,0
ARTES,2025-08-01,1,0,0.0,0.0,0,0,0
ARTES,2025-08-06,0,0,0.0,0.0,0,0,0
ARTES,2025-08-08,0,0,0.0,0.0,0,0,0
ARTES,2025-08-14,0,0,0.0,0.0,0,0,0
ARTES,2025-08-15,0,0,0.0,0.0,0,0,0
ARTES,2025-08-20,1,0,0.0,0.0,0,0,0
ARTES,2025-08-21,1,0,0.0,0.0,0,0,0
ARTES,2025-08-22,1,0,0.0,0.0,0,0,0
ARTES,2025-08-27,1,0,0.0,0.0,0,0,0
ARTES,2025-08-28,1,0,0.0,0.0,0,0,0
ARTES,2025-09-03,1,0,1.0,0.3678858204581487,1,0,0
ARTES,2025-09-05,1,0,1.0,0.368182030799971,1,0,0
ARTES,2025-09-10,1,0,1.0,0.3801334755353948,1,0,0
ARTES,2025-09-11,1,0,1.0,0.37925784957894015,1,0,0
ARTES,2025-09-17,0,0,1.0,0.32671278002090304,1,0,0
ARTES,2025-09-18,0,0,1.0,0.3175379442657931,1,0,0
ARTES,2025-09-19,0,0,1.0,0.3158162114909647,1,0,0
ARTES,2025-09-24,0,0,1.0,0.3376617541774554,1,0,0
ARTES,2025-09-25,0,0,1.0,0.3136474207204314,1,0,0
ARTES,2025-09-26,1,0,0.0,0.0,0,0,0
ARTES,2025-10-01,0,0,0.0,0.0,0,0,0
ARTES,2025-10-02,1,0,1.0,0.30242339696137444,1,0,0
ARTES,2025-10-03,1,0,0.0,0.0,0,0,0
ARTES,2025-10-08,0,0,0.0,0.0,0,0,0
ARTES,2025-10-10,0,0,-1.0,0.3171855741821823,0,0,0
ARTES,2025-10-16,1,0,-1.0,0.30464046882882134,0,0,0
ARTES,2025-10-17,1,0,0.09880221762367186,0.3373010619529462,1,0,0
ARTES,2025-10-22,1,0,-1.0,0.3290283929765665,0,0,0
ARTES,2025-10-23,1,0,-1.0,0.3293894780371771,0,0,0
ARTES,2025-10-24,1,0,-1.0,0.340193023374605,0,0,0
ARTES,2025-10-29,1,0,-0.3700288151946844,0.32368332339485395,0,0,0
ARTES,2025-10-30,1,0,-0.3700166402344151,0.32385633657015306,0,0,0
ARTES,2025-10-31,1,0,-1.0,0.3595122841801639,0,0,0
ARTES,2025-11-05,1,0,-1.0,0.3814783965301753,0,0,0
ARTES,2025-11-06,1,0,0.0,0.0,0,0,0
ARTES,2025-11-07,1,0,0.0,0.0,0,0,0
ARTES,2025-11-12,1,0,0.0,0.0,0,0,0
ARTES,2025-11-13,1,0,0.0,0.0,0,0,0
ARTES,2025-11-19,1,0,0.0,0.0,0,0,0
ARTES,2025-11-20,1,0,0.0,0.0,0,0,0
ARTES,2025-11-21,1,0,0.0,0.0,0,0,0
ARTES,2025-11-26,0,0,0.0,0.0,0,0,0
ARTES,2025-11-27,0,0,0.0,0.0,0,0,0
ARTES,2025-11-28,0,0,0.0,0.0,0,0,0
ARTES,2025-12-03,0,0,0.0,0.0,0,0,0
ARTES,2025-12-04,0,0,0.0,0.0,0,0,0
ENNAKL AUTOMOBILES,2025-01-22,1,0,-0.2900269129725271,0.3517535374895173,0,0,0
ENNAKL AUTOMOBILES,2025-01-23,1,0,0.09600894885992599,0.34259598102746436,1,0,0
ENNAKL AUTOMOBILES,2025-01-24,1,0,0.040068737008109735,0.3518672121442693,1,0,0
ENNAKL AUTOMOBILES,2025-01-29,1,0,-0.35901854269283656,0.3679202943211937,0,0,0
ENNAKL AUTOMOBILES,2025-01-30,1,0,-0.35181941043646253,0.36261925526188915,0,0,0
ENNAKL AUTOMOBILES,2025-02-05,1,0,-0.07979435121558714,0.3473344887940085,0,0,0
ENNAKL AUTOMOBILES,2025-02-06,1,0,-0.08366696251188242,0.35091959762518127,0,0,0
ENNAKL AUTOMOBILES,2025-02-07,0,0,-0.11219990851753374,0.3761090349874179,0,0,0
ENNAKL AUTOMOBILES,2025-02-12,1,0,-1.0,0.3919022991356046,0,0,0
ENNAKL AUTOMOBILES,2025-02-13,1,0,-1.0,0.37689802826142926,0,0,0
ENNAKL AUTOMOBILES,2025-02-14,1,0,-1.0,0.3802025551843056,0,0,0
ENNAKL AUTOMOBILES,2025-02-19,0,0,-1.0,0.3939487550183891,0,0,0
ENNAKL AUTOMOBILES,2025-02-20,0,0,-1.0,0.37467672375128397,0,0,0
ENNAKL AUTOMOBILES,2025-02-21,0,0,-1.0,0.37348038691077584,0,0,0
ENNAKL AUTOMOBILES,2025-02-26,0,0,-1.0,0.33688474529006757,0,0,0
ENNAKL AUTOMOBILES,2025-02-27,1,0,-1.0,0.3210012730572962,0,0,0
ENNAKL AUTOMOBILES,2025-02-28,0,0,-1.0,0.34896168388530796,0,0,0
ENNAKL AUTOMOBILES,2025-03-05,0,0,0.0,0.0,0,0,0
ENNAKL AUTOMOBILES,2025-03-06,0,0,0.0,0.0,0,0,0
ENNAKL AUTOMOBILES,2025-03-07,0,0,0.0,0.0,0,0,0
ENNAKL AUTOMOBILES,2025-03-12,1,0,0.0,0.0,0,0,0
ENNAKL AUTOMOBILES,2025-03-13,1,0,0.0,0.0,0,0,0
ENNAKL AUTOMOBILES,2025-03-19,1,0,0.0,0.0,0,0,0
ENNAKL AUTOMOBILES,2025-03-21,1,0,0.0,0.0,0,0,0
ENNAKL AUTOMOBILES,2025-03-27,0,0,1.0,0.30182374724878513,1,0,0
ENNAKL AUTOMOBILES,2025-03-28,1,0,1.0,0.3086694381123899,1,0,0
ENNAKL AUTOMOBILES,2025-04-02,0,0,1.0,0.3081058276137476,1,0,0
ENNAKL AUTOMOBILES,2025-04-04,1,0,0.0,0.0,0,0,0
ENNAKL AUTOMOBILES,2025-04-10,1,0,-1.0,0.3017495338621308,0,0,0
ENNAKL AUTOMOBILES,2025-04-11,0,0,-1.0,0.30075415708617337,0,0,0
ENNAKL AUTOMOBILES,2025-04-16,0,0,0.0,0.0,0,0,0
ENNAKL AUTOMOBILES,2025-04-17,0,0,-1.0,0.30163046894665935,0,0,0
ENNAKL AUTOMOBILES,2025-04-18,0,0,0.0,0.0,0,0,0
ENNAKL AUTOMOBILES,2025-04-23,0,0,0.0,0.0,0,0,0
ENNAKL AUTOMOBILES,2025-04-24,1,0,0.0,0.0,0,0,0
ENNAKL AUTOMOBILES,2025-05-02,1,0,0.0,0.0,0,0,0
ENNAKL AUTOMOBILES,2025-05-07,1,0,0.0,0.0,0,0,0
ENNAKL AUTOMOBILES,2025-05-08,1,0,0.0,0.0,0,0,0
ENNAKL AUTOMOBILES,2025-05-14,1,0,1.0,0.3057115373893363,1,0,0
ENNAKL AUTOMOBILES,2025-05-15,1,0,0.0,0.0,0,0,0
ENNAKL AUTOMOBILES,2025-05-16,1,0,0.0023199819383443307,0.3183100680322123,1,0,0
ENNAKL AUTOMOBILES,2025-05-21,1,0,1.0,0.33890478328932994,1,0,0
ENNAKL AUTOMOBILES,2025-05-22,1,0,1.0,0.33262004129923173,1,0,0
ENNAKL AUTOMOBILES,2025-05-23,0,0,1.0,0.3368663574944191,1,0,0
ENNAKL AUTOMOBILES,2025-05-28,0,0,1.0,0.3640746028549937,1,0,0
ENNAKL AUTOMOBILES,2025-05-29,0,0,1.0,0.38759185421055725,1,0,0
ENNAKL AUTOMOBILES,2025-05-30,0,0,1.0,0.4181540129103078,1,0,0
ENNAKL AUTOMOBILES,2025-06-04,0,0,1.0,0.3020878211568219,1,0,0
ENNAKL AUTOMOBILES,2025-06-05,0,0,1.0,0.3008939851262509,1,0,0
ENNAKL AUTOMOBILES,2025-06-11,0,0,1.0,0.3135951166748776,1,0,0
ENNAKL AUTOMOBILES,2025-06-12,0,0,1.0,0.3217808138445889,1,0,0
ENNAKL AUTOMOBILES,2025-06-13,0,0,1.0,0.32267910959404167,1,0,0
ENNAKL AUTOMOBILES,2025-06-18,0,0,1.0,0.3194880731271385,1,0,0
ENNAKL AUTOMOBILES,2025-06-19,0,0,1.0,0.32366863792487827,1,0,0
ENNAKL AUTOMOBILES,2025-06-25,1,0,1.0,0.39758981274598426,1,0,0
ENNAKL AUTOMOBILES,2025-06-27,1,0,1.0,0.3901509599324001,1,0,0
ENNAKL AUTOMOBILES,2025-07-02,1,0,1.0,0.35817304469384176,1,0,0
ENNAKL AUTOMOBILES,2025-07-03,1,0,1.0,0.36140972682004735,1,0,0
ENNAKL AUTOMOBILES,2025-07-04,1,0,1.0,0.3644689347110444,1,0,0
ENNAKL AUTOMOBILES,2025-07-09,1,0,1.0,0.3963651710149886,1,0,0
ENNAKL AUTOMOBILES,2025-07-10,1,0,1.0,0.4059113070820605,1,0,0
ENNAKL AUTOMOBILES,2025-07-11,1,0,1.0,0.40374417216478614,1,0,0
ENNAKL AUTOMOBILES,2025-07-16,1,0,1.0,0.3818476739660705,1,0,0
ENNAKL AUTOMOBILES,2025-07-17,1,0,1.0,0.38061131342267973,1,0,0
ENNAKL AUTOMOBILES,2025-07-18,1,0,1.0,0.3947574499321427,1,0,0
ENNAKL AUTOMOBILES,2025-07-23,0,0,1.0,0.3882886968649539,1,0,0
ENNAKL AUTOMOBILES,2025-07-24,0,0,1.0,0.38713443287370564,1,0,0
ENNAKL AUTOMOBILES,2025-07-30,0,0,1.0,0.38189460134595704,1,0,0
ENNAKL AUTOMOBILES,2025-07-31,0,0,1.0,0.3811449328799281,1,0,0
ENNAKL AUTOMOBILES,2025-08-01,0,0,1.0,0.37892704293551555,1,0,0
ENNAKL AUTOMOBILES,2025-08-06,1,0,1.0,0.3985430603159964,1,0,0
ENNAKL AUTOMOBILES,2025-08-08,1,0,1.0,0.45104664559755864,1,0,0
ENNAKL AUTOMOBILES,2025-08-14,1,0,1.0,0.4451601433859994,1,0,0
ENNAKL AUTOMOBILES,2025-08-15,1,0,1.0,0.46737752296482776,1,0,0
ENNAKL AUTOMOBILES,2025-08-20,1,0,1.0,0.3816961207413426,1,0,0
ENNAKL AUTOMOBILES,2025-08-21,1,0,1.0,0.4603080559458639,1,0,0
ENNAKL AUTOMOBILES,2025-08-22,1,0,1.0,0.44108573890403635,1,0,0
ENNAKL AUTOMOBILES,2025-08-27,1,0,1.0,0.36092472495879446,1,0,0
ENNAKL AUTOMOBILES,2025-08-28,1,0,1.0,0.4448354575922311,1,0,0
ENNAKL AUTOMOBILES,2025-09-03,1,0,1.0,0.3852821943245018,1,0,0
ENNAKL AUTOMOBILES,2025-09-05,1,0,1.0,0.38432143519529605,1,0,0
ENNAKL AUTOMOBILES,2025-09-10,0,0,1.0,0.326731997177675,1,0,0
ENNAKL AUTOMOBILES,2025-09-11,0,0,1.0,0.32370279871499513,1,0,0
ENNAKL AUTOMOBILES,2025-09-17,0,0,1.0,0.32385998745544187,1,0,0
ENNAKL AUTOMOBILES,2025-09-18,0,0,1.0,0.3206037386346569,1,0,0
ENNAKL AUTOMOBILES,2025-09-19,0,0,1.0,0.300486452461241,1,0,0
ENNAKL AUTOMOBILES,2025-09-24,0,0,0.0,0.0,0,0,0
ENNAKL AUTOMOBILES,2025-09-25,0,0,0.0,0.0,0,0,0
ENNAKL AUTOMOBILES,2025-09-26,0,0,0.0,0.0,0,0,0
ENNAKL AUTOMOBILES,2025-10-01,0,0,0.0,0.0,0,0,0
ENNAKL AUTOMOBILES,2025-10-02,0,0,0.0,0.0,0,0,0
ENNAKL AUTOMOBILES,2025-10-03,0,0,1.0,0.3631407494358827,1,0,0
ENNAKL AUTOMOBILES,2025-10-08,0,0,1.0,0.3499585057503014,1,0,0
ENNAKL AUTOMOBILES,2025-10-10,1,0,-0.24310122914107682,0.34873117045466895,0,0,0
ENNAKL AUTOMOBILES,2025-10-16,0,0,-0.24464584752119725,0.36580244977928583,0,0,0
ENNAKL AUTOMOBILES,2025-10-17,0,0,0.04432244956660567,0.39831751475569604,1,0,0
ENNAKL AUTOMOBILES,2025-10-22,0,0,-1.0,0.3210476087426363,0,0,0
ENNAKL AUTOMOBILES,2025-10-23,0,0,-1.0,0.322140112222471,0,0,0
ENNAKL AUTOMOBILES,2025-10-24,0,0,-0.3430884327397901,0.3222620147130653,0,0,0
ENNAKL AUTOMOBILES,2025-10-29,1,0,-0.3367610106235394,0.3257388641882663,0,0,0
ENNAKL AUTOMOBILES,2025-10-30,1,0,-0.3359288435680553,0.32294878072101546,0,0,0
ENNAKL AUTOMOBILES,2025-10-31,1,0,-1.0,0.3189045224161354,0,0,0
ENNAKL AUTOMOBILES,2025-11-05,1,0,-0.07483413937932828,0.3322094592568889,0,0,0
ENNAKL AUTOMOBILES,2025-11-06,1,0,-0.06478563312412844,0.3531385046611337,0,0,0
ENNAKL AUTOMOBILES,2025-11-07,0,0,-0.09773526683880414,0.34446792483820626,0,0,0
ENNAKL AUTOMOBILES,2025-11-12,0,0,-0.040268843012246154,0.3501402273351167,0,0,0
ENNAKL AUTOMOBILES,2025-11-13,0,0,0.005041658704717426,0.35783181404763986,1,0,0
ENNAKL AUTOMOBILES,2025-11-19,0,0,1.0,0.33376983792678505,1,0,0
ENNAKL AUTOMOBILES,2025-11-20,0,0,1.0,0.33627508359577063,1,0,0
ENNAKL AUTOMOBILES,2025-11-21,0,0,1.0,0.3709353335660825,1,0,0
ENNAKL AUTOMOBILES,2025-11-26,0,0,1.0,0.39576947422887676,1,0,0
ENNAKL AUTOMOBILES,2025-11-27,1,0,1.0,0.4036349702436216,1,0,0
ENNAKL AUTOMOBILES,2025-11-28,1,0,1.0,0.40407331679561204,1,0,0
ENNAKL AUTOMOBILES,2025-12-03,1,0,1.0,0.3434580697052326,1,0,0
ENNAKL AUTOMOBILES,2025-12-04,0,0,1.0,0.353104906240537,1,0,0
ESSOUKNA,2025-02-05,0,0,0.0,0.0,0,0,0
ESSOUKNA,2025-02-06,1,0,0.0,0.0,0,0,0
ESSOUKNA,2025-02-07,1,0,0.0,0.0,0,0,0
ESSOUKNA,2025-02-12,1,0,0.0,0.0,0,0,0
ESSOUKNA,2025-02-13,1,0,0.0,0.0,0,0,0
ESSOUKNA,2025-02-14,1,0,0.0,0.0,0,0,0
ESSOUKNA,2025-02-19,1,0,0.0,0.0,0,0,0
ESSOUKNA,2025-02-20,1,0,0.0,0.0,0,0,0
ESSOUKNA,2025-02-21,1,0,0.0,0.0,0,0,0
ESSOUKNA,2025-02-26,1,0,0.0,0.0,0,0,0
ESSOUKNA,2025-02-27,0,0,0.0,0.0,0,0,0
ESSOUKNA,2025-02-28,0,0,0.0,0.0,0,0,0
ESSOUKNA,2025-03-05,0,0,-0.7990691777159946,0.48327894830892576,0,0,0
ESSOUKNA,2025-03-06,0,0,-0.7988383138683421,0.48118857654001024,0,0,0
ESSOUKNA,2025-03-07,0,0,-0.798791665919118,0.48080043605194306,0,0,0
ESSOUKNA,2025-03-12,0,0,-0.7875075183951847,0.4575149593855375,0,0,0
ESSOUKNA,2025-03-13,1,0,-0.7887891038173537,0.4566200673520481,0,0,0
ESSOUKNA,2025-03-19,1,0,-0.7571042394044518,0.49980389990778623,0,0,0
ESSOUKNA,2025-03-21,1,0,-0.7564736607552905,0.4985784716019806,0,0,0
ESSOUKNA,2025-03-27,1,0,-0.7804810988333383,0.46566774955592943,0,0,0
ESSOUKNA,2025-03-28,1,0,-0.7753123603334131,0.46631219772495136,0,0,0
ESSOUKNA,2025-04-02,1,0,0.0,0.0,0,0,0
ESSOUKNA,2025-04-04,1,0,0.0,0.0,0,0,0
ESSOUKNA,2025-04-10,0,0,0.0,0.0,0,0,0
ESSOUKNA,2025-04-11,1,0,0.0,0.0,0,0,0
ESSOUKNA,2025-04-16,0,0,0.05589574290894131,0.3335648779510178,1,0,0
ESSOUKNA,2025-04-17,0,0,0.056863994006890545,0.33343832999051043,1,0,0
ESSOUKNA,2025-04-18,0,0,0.09657971353717694,0.3513906758781607,1,0,0
ESSOUKNA,2025-04-23,0,0,1.0,0.35836661350041105,1,0,0
ESSOUKNA,2025-04-24,0,0,1.0,0.3295975345807838,1,0,0
ESSOUKNA,2025-05-02,0,0,1.0,0.37838751927025394,1,0,0
ESSOUKNA,2025-05-07,1,0,1.0,0.3821382282488904,1,0,0
ESSOUKNA,2025-05-08,1,0,1.0,0.38447855147133686,1,0,0
ESSOUKNA,2025-05-14,1,0,1.0,0.4397616827295765,1,0,0
ESSOUKNA,2025-05-15,1,0,1.0,0.44115364448120475,1,0,0
ESSOUKNA,2025-05-16,1,0,1.0,0.4482221706127981,1,0,0
ESSOUKNA,2025-05-21,1,0,1.0,0.5251128410642544,1,0,0
ESSOUKNA,2025-05-22,1,0,1.0,0.5103979074881746,1,0,0
ESSOUKNA,2025-05-23,1,0,1.0,0.4908182307827917,1,0,0
ESSOUKNA,2025-05-28,1,0,1.0,0.4698752382058611,1,0,0
ESSOUKNA,2025-05-29,1,0,1.0,0.4583685526793611,1,0,0
ESSOUKNA,2025-05-30,1,0,1.0,0.4583242599981881,1,0,0
ESSOUKNA,2025-06-04,0,0,1.0,0.4309736034339652,1,0,0
ESSOUKNA,2025-06-05,0,0,1.0,0.422979319739382,1,0,0
ESSOUKNA,2025-06-11,0,0,1.0,0.3649902885943966,1,0,0
ESSOUKNA,2025-06-12,0,0,1.0,0.40349936323604674,1,0,0
ESSOUKNA,2025-06-13,0,0,1.0,0.40304969354894765,1,0,0
ESSOUKNA,2025-06-18,0,0,0.07703840588765569,0.34624886211491906,1,0,0
ESSOUKNA,2025-06-19,1,0,1.0,0.3902939035534434,1,0,0
ESSOUKNA,2025-06-25,1,0,0.0,0.0,0,0,0
ESSOUKNA,2025-06-27,1,0,0.0,0.0,0,0,0
ESSOUKNA,2025-07-02,1,0,-1.0,0.31366500542153697,0,0,0
ESSOUKNA,2025-07-03,1,0,-0.07469108736374593,0.33930123569107284,0,0,0
ESSOUKNA,2025-07-04,1,0,-0.04719973025304434,0.34894864959299976,0,0,0
ESSOUKNA,2025-07-09,1,0,-0.03050136881683657,0.3164787586954269,0,0,0
ESSOUKNA,2025-07-10,1,0,-0.030157800535927967,0.3509814040041469,0,0,0
ESSOUKNA,2025-07-11,1,0,-0.04061495157405598,0.33169423102172385,0,0,0
ESSOUKNA,2025-07-16,1,0,0.04318952938506633,0.32290754128745647,1,0,0
ESSOUKNA,2025-07-17,1,0,0.0733729443204859,0.3375023241095218,1,0,0
ESSOUKNA,2025-07-18,1,0,0.09234179550480373,0.333263859471626,1,0,0
ESSOUKNA,2025-07-23,1,0,1.0,0.40577312073579314,1,0,0
ESSOUKNA,2025-07-24,1,0,1.0,0.400541875914716,1,0,0
ESSOUKNA,2025-07-30,1,0,1.0,0.3324851719012023,1,0,0
ESSOUKNA,2025-07-31,1,0,1.0,0.3202453817242691,1,0,0
ESSOUKNA,2025-08-01,1,0,1.0,0.30939065906288205,1,0,0
ESSOUKNA,2025-08-06,1,0,1.0,0.3112417528185103,1,0,0
ESSOUKNA,2025-08-08,1,0,1.0,0.30786361300808107,1,0,0
ESSOUKNA,2025-08-14,1,0,0.00986873746902378,0.32568729346112557,1,0,0
ESSOUKNA,2025-08-15,0,0,0.0,0.0,0,0,0
ESSOUKNA,2025-08-20,1,0,0.0,0.0,0,0,0
ESSOUKNA,2025-08-21,1,0,0.0,0.0,0,0,0
ESSOUKNA,2025-08-22,1,0,0.0,0.0,0,0,0
ESSOUKNA,2025-08-27,0,0,0.0,0.0,0,0,0
ESSOUKNA,2025-08-28,0,0,0.0,0.0,0,0,0
ESSOUKNA,2025-09-03,0,0,0.0,0.0,0,0,0
ESSOUKNA,2025-09-05,0,0,0.0,0.0,0,0,0
ESSOUKNA,2025-09-10,0,0,0.0,0.0,0,0,0
ESSOUKNA,2025-09-11,0,0,0.0,0.0,0,0,0
ESSOUKNA,2025-09-17,1,0,0.0,0.0,0,0,0
ESSOUKNA,2025-09-18,1,0,0.0,0.0,0,0,0
ESSOUKNA,2025-09-19,1,0,0.0,0.0,0,0,0
ESSOUKNA,2025-09-24,1,0,-1.0,0.3013149402514169,0,0,0
ESSOUKNA,2025-09-25,0,0,-1.0,0.302064830706293,0,0,0
ESSOUKNA,2025-09-26,0,0,0.0,0.0,0,0,0
ESSOUKNA,2025-10-01,1,0,0.0,0.0,0,0,0
ESSOUKNA,2025-10-02,1,0,1.0,0.32105601302669284,1,0,0
ESSOUKNA,2025-10-03,1,0,-1.0,0.30124036255376535,0,0,0
ESSOUKNA,2025-10-08,0,0,0.0,0.0,0,0,0
ESSOUKNA,2025-10-10,1,0,0.0,0.0,0,0,0
ESSOUKNA,2025-10-16,1,0,0.0,0.0,0,0,0
ESSOUKNA,2025-10-17,1,0,1.0,0.31299096436775786,1,0,0
ESSOUKNA,2025-10-22,0,0,0.0,0.0,0,0,0
ESSOUKNA,2025-10-23,0,0,1.0,0.3532521181899084,1,0,0
ESSOUKNA,2025-10-24,1,0,0.0,0.0,0,0,0
ESSOUKNA,2025-10-29,0,0,0.0,0.0,0,0,0
ESSOUKNA,2025-10-30,0,0,-1.0,0.3055153030661154,0,0,0
ESSOUKNA,2025-10-31,1,0,0.0,0.0,0,0,0
ESSOUKNA,2025-11-05,0,0,-1.0,0.3060881096776479,0,0,0
ESSOUKNA,2025-11-06,1,0,-1.0,0.30690170648592696,0,0,0
ESSOUKNA,2025-11-07,0,0,0.0,0.0,0,0,0
ESSOUKNA,2025-11-12,1,0,1.0,0.3199344879267655,1,0,0
ESSOUKNA,2025-11-13,1,0,1.0,0.3223198790735783,1,0,0
ESSOUKNA,2025-11-19,1,0,1.0,0.3213034685400942,1,0,0
ESSOUKNA,2025-11-20,1,0,1.0,0.32386961163673983,1,0,0
ESSOUKNA,2025-11-21,1,0,1.0,0.34509383376679126,1,0,0
ESSOUKNA,2025-11-26,1,0,0.07870444454954362,0.338673161810232,1,0,0
ESSOUKNA,2025-11-27,0,0,0.3614406718963512,0.3247241646622185,1,0,0
ESSOUKNA,2025-11-28,0,0,0.03857024060648851,0.3272759518407037,1,0,0
ESSOUKNA,2025-12-03,0,0,1.0,0.3086311000255493,1,0,0
ESSOUKNA,2025-12-04,0,0,1.0,0.3014050836648867,1,0,0
EURO-CYCLES,2025-01-22,1,0,-1.0,0.3300707065062001,0,0,0
EURO-CYCLES,2025-01-23,1,0,-1.0,0.3295574056034038,0,0,0
EURO-CYCLES,2025-01-24,0,0,0.037194063497750195,0.3636159884509829,1,0,0
EURO-CYCLES,2025-01-29,1,0,0.19386463400597131,0.36988010751869693,1,0,0
EURO-CYCLES,2025-01-30,1,0,0.1888526447778831,0.3674678244448269,1,0,0
EURO-CYCLES,2025-02-05,1,0,0.19346618619236208,0.3628816028278983,1,0,0
EURO-CYCLES,2025-02-06,1,0,0.18320606607604262,0.3670587800671361,1,0,0
EURO-CYCLES,2025-02-07,1,0,0.1874877579097915,0.35816620967351737,1,0,0
EURO-CYCLES,2025-02-12,1,0,1.0,0.3799577796161381,1,0,0
EURO-CYCLES,2025-02-13,1,0,1.0,0.3717078068700231,1,0,0
EURO-CYCLES,2025-02-14,1,0,1.0,0.34300405959166796,1,0,0
EURO-CYCLES,2025-02-19,1,0,0.00858464256172368,0.3368619704964444,1,0,0
EURO-CYCLES,2025-02-20,1,0,-0.028232568803286152,0.33691537199981136,0,0,0
EURO-CYCLES,2025-02-21,1,0,-0.02545757663678636,0.31064124150100547,0,0,0
EURO-CYCLES,2025-02-26,0,0,-0.0011439396897953177,0.33692424628188594,0,0,0
EURO-CYCLES,2025-02-27,0,0,0.026535763881906985,0.32102637366653186,1,0,0
EURO-CYCLES,2025-02-28,0,0,0.009108036338150244,0.3231234479409544,1,0,0
EURO-CYCLES,2025-03-05,0,0,0.033187332405315566,0.3579009260831668,1,0,0
EURO-CYCLES,2025-03-06,0,0,0.521474894458166,0.34910286150283293,1,0,0
EURO-CYCLES,2025-03-07,1,0,0.511194134835693,0.339535653540314,1,0,0
EURO-CYCLES,2025-03-12,0,0,1.0,0.3622001559700607,1,0,0
EURO-CYCLES,2025-03-13,0,0,1.0,0.3818220088028168,1,0,0
EURO-CYCLES,2025-03-19,0,0,1.0,0.3541977914510309,1,0,0
EURO-CYCLES,2025-03-21,0,0,1.0,0.3286238875282091,1,0,0
EURO-CYCLES,2025-03-27,0,0,1.0,0.3391313504289912,1,0,0
EURO-CYCLES,2025-03-28,0,0,1.0,0.3394415553905053,1,0,0
EURO-CYCLES,2025-04-02,0,0,1.0,0.34600182091461495,1,0,0
EURO-CYCLES,2025-04-04,1,0,1.0,0.34249001102967935,1,0,0
EURO-CYCLES,2025-04-10,1,0,1.0,0.33908212125312004,1,0,0
EURO-CYCLES,2025-04-11,1,0,1.0,0.33976708282963136,1,0,0
EURO-CYCLES,2025-04-16,0,0,1.0,0.336423300555571,1,0,0
EURO-CYCLES,2025-04-17,0,0,1.0,0.3219800597946465,1,0,0
EURO-CYCLES,2025-04-18,0,0,1.0,0.31855528647897347,1,0,0
EURO-CYCLES,2025-04-23,1,0,1.0,0.32100537511504257,1,0,0
EURO-CYCLES,2025-04-24,0,0,0.3238454764032834,0.34161155719116126,1,0,0
EURO-CYCLES,2025-05-02,0,0,0.2631740950704436,0.3400055904414942,1,0,0
EURO-CYCLES,2025-05-07,0,0,-0.08707121966487572,0.3501627931925084,0,0,0
EURO-CYCLES,2025-05-08,0,0,-0.08163011913756214,0.34860268944094164,0,0,0
EURO-CYCLES,2025-05-14,1,0,-0.10614856506992851,0.3426090403070555,0,0,0
EURO-CYCLES,2025-05-15,1,0,-0.09750093681129238,0.33872700455602867,0,0,0
EURO-CYCLES,2025-05-16,1,0,-0.048285706970414115,0.3197834322488476,0,0,0
EURO-CYCLES,2025-05-21,1,0,-1.0,0.3124809511167403,0,0,0
EURO-CYCLES,2025-05-22,0,0,-0.021310142368935532,0.30932918951032584,0,0,0
EURO-CYCLES,2025-05-23,0,0,0.36605023124415076,0.3265887226481743,1,0,0
EURO-CYCLES,2025-05-28,1,0,-0.024723073947954883,0.3765807936993546,0,0,0
EURO-CYCLES,2025-05-29,0,0,-0.028683615702189875,0.37272110328541463,0,0,0
EURO-CYCLES,2025-05-30,0,0,-0.026753451800418993,0.3572051485534472,0,0,0
EURO-CYCLES,2025-06-04,0,0,0.015494746781357795,0.3495393223987132,1,0,0
EURO-CYCLES,2025-06-05,0,0,-0.07217452948526733,0.34744822372044937,0,0,0
EURO-CYCLES,2025-06-11,0,0,-0.37144075931787407,0.330831990407335,0,0,0
EURO-CYCLES,2025-06-12,0,0,-0.35903983468512346,0.3272714013646752,0,0,0
EURO-CYCLES,2025-06-13,0,0,-0.08286350104896179,0.34240631042069136,0,0,0
EURO-CYCLES,2025-06-18,0,0,0.018654742748860916,0.3256493057625159,1,0,0
EURO-CYCLES,2025-06-19,1,0,1.0,0.3456406793225763,1,0,0
EURO-CYCLES,2025-06-25,1,0,0.06790913439607885,0.3284848543624998,1,0,0
EURO-CYCLES,2025-06-27,1,0,1.0,0.3471238852960132,1,0,0
EURO-CYCLES,2025-07-02,1,0,0.0016620791480007836,0.303642970556115,1,0,0
EURO-CYCLES,2025-07-03,1,0,0.015141180157320827,0.31668061293116073,1,0,0
EURO-CYCLES,2025-07-04,0,0,0.07000094994067091,0.33464469255305257,1,0,0
EURO-CYCLES,2025-07-09,0,0,0.08203049927254234,0.32723571370050253,1,0,0
EURO-CYCLES,2025-07-10,0,0,0.05982339807800411,0.32930926473811206,1,0,0
EURO-CYCLES,2025-07-11,0,0,0.03834012674149004,0.3370623788222876,1,0,0
EURO-CYCLES,2025-07-16,0,0,0.0,0.0,0,0,0
EURO-CYCLES,2025-07-17,0,0,0.0,0.0,0,0,0
EURO-CYCLES,2025-07-18,0,0,0.0,0.0,0,0,0
EURO-CYCLES,2025-07-23,0,0,-1.0,0.30792416680008144,0,0,0
EURO-CYCLES,2025-07-24,0,0,-1.0,0.3107427469332061,0,0,0
EURO-CYCLES,2025-07-30,1,0,-1.0,0.3177348528569651,0,0,0
EURO-CYCLES,2025-07-31,1,0,-1.0,0.3294770395595432,0,0,0
EURO-CYCLES,2025-08-01,1,0,-1.0,0.3340858124038489,0,0,0
EURO-CYCLES,2025-08-06,0,0,0.0,0.0,0,0,0
EURO-CYCLES,2025-08-08,0,0,-1.0,0.3070633361322445,0,0,0
EURO-CYCLES,2025-08-14,1,0,0.0,0.0,0,0,0
EURO-CYCLES,2025-08-15,1,0,0.0,0.0,0,0,0
EURO-CYCLES,2025-08-20,1,0,0.0,0.0,0,0,0
EURO-CYCLES,2025-08-21,0,0,0.0,0.0,0,0,0
EURO-CYCLES,2025-08-22,0,0,0.0,0.0,0,0,0
EURO-CYCLES,2025-08-27,0,0,0.0,0.0,0,0,0
EURO-CYCLES,2025-08-28,0,0,0.0,0.0,0,0,0
EURO-CYCLES,2025-09-03,1,0,0.0,0.0,0,0,0
EURO-CYCLES,2025-09-05,0,0,0.0,0.0,0,0,0
EURO-CYCLES,2025-09-10,0,0,0.0,0.0,0,0,0
EURO-CYCLES,2025-09-11,0,0,0.0,0.0,0,0,0
EURO-CYCLES,2025-09-17,1,0,0.0,0.0,0,0,0
EURO-CYCLES,2025-09-18,1,0,0.0,0.0,0,0,0
EURO-CYCLES,2025-09-19,1,0,0.0,0.0,0,0,0
EURO-CYCLES,2025-09-24,0,0,0.0,0.0,0,0,0
EURO-CYCLES,2025-09-25,0,0,0.0,0.0,0,0,0
EURO-CYCLES,2025-09-26,0,0,0.0,0.0,0,0,0
EURO-CYCLES,2025-10-01,0,0,1.0,0.30721783089522353,1,0,0
EURO-CYCLES,2025-10-02,0,0,0.0,0.0,0,0,0
EURO-CYCLES,2025-10-03,0,0,0.0,0.0,0,0,0
EURO-CYCLES,2025-10-08,0,0,0.0,0.0,0,0,0
EURO-CYCLES,2025-10-10,0,0,0.0,0.0,0,0,0
EURO-CYCLES,2025-10-16,0,0,0.0,0.0,0,0,0
EURO-CYCLES,2025-10-17,0,0,0.0,0.0,0,0,0
EURO-CYCLES,2025-10-22,0,0,0.0,0.0,0,0,0
EURO-CYCLES,2025-10-23,1,0,0.0,0.0,0,0,0
EURO-CYCLES,2025-10-24,1,0,0.0,0.0,0,0,0
EURO-CYCLES,2025-10-29,1,0,0.0,0.0,0,0,0
EURO-CYCLES,2025-10-30,1,0,0.0,0.0,0,0,0
EURO-CYCLES,2025-10-31,1,0,0.0,0.0,0,0,0
EURO-CYCLES,2025-11-05,1,0,0.0,0.0,0,0,0
EURO-CYCLES,2025-11-06,0,0,0.0,0.0,0,0,0
EURO-CYCLES,2025-11-07,1,0,0.0,0.0,0,0,0
EURO-CYCLES,2025-11-12,0,0,0.0,0.0,0,0,0
EURO-CYCLES,2025-11-13,0,0,0.0,0.0,0,0,0
EURO-CYCLES,2025-11-19,1,0,0.0,0.0,0,0,0
EURO-CYCLES,2025-11-20,0,0,0.0,0.0,0,0,0
EURO-CYCLES,2025-11-21,0,0,0.0,0.0,0,0,0
EURO-CYCLES,2025-11-26,0,0,0.0,0.0,0,0,0
EURO-CYCLES,2025-11-27,1,0,0.0,0.0,0,0,0
EURO-CYCLES,2025-11-28,0,0,0.0,0.0,0,0,0
EURO-CYCLES,2025-12-03,1,0,-1.0,0.3015235305019187,0,0,0
EURO-CYCLES,2025-12-04,1,0,-1.0,0.32322655618467033,0,0,0
ICF,2025-01-22,1,0,0.0,0.0,0,0,0
ICF,2025-01-23,0,0,0.0,0.0,0,0,0
ICF,2025-01-24,0,0,1.0,0.3248460315894061,1,0,0
ICF,2025-01-29,0,0,1.0,0.32676320937968445,1,0,0
ICF,2025-01-30,1,0,1.0,0.32681045076261667,1,0,0
ICF,2025-02-05,1,0,1.0,0.3459038988068042,1,0,0
ICF,2025-02-06,1,0,1.0,0.3458062770773671,1,0,0
ICF,2025-02-07,1,0,1.0,0.32519861726874083,1,0,0
ICF,2025-02-12,0,0,1.0,0.31275283684605437,1,0,0
ICF,2025-02-13,0,0,1.0,0.31211581020655965,1,0,0
ICF,2025-02-14,0,0,1.0,0.3118336695972682,1,0,0
ICF,2025-02-19,0,0,0.545706851122397,0.359262113900413,1,0,0
ICF,2025-02-20,0,0,0.5444979835655928,0.37127803962310646,1,0,0
ICF,2025-02-21,0,0,1.0,0.3842889033404615,1,0,0
ICF,2025-02-26,1,0,1.0,0.3743470069772835,1,0,0
ICF,2025-02-27,1,0,1.0,0.3891629213572514,1,0,0
ICF,2025-02-28,1,0,1.0,0.3708774231466567,1,0,0
ICF,2025-03-05,1,0,1.0,0.3667820164981929,1,0,0
ICF,2025-03-06,1,0,1.0,0.3615405616361562,1,0,0
ICF,2025-03-07,1,0,1.0,0.3695188558507345,1,0,0
ICF,2025-03-12,0,0,1.0,0.4171315450558498,1,0,0
ICF,2025-03-13,0,0,1.0,0.3372213656538142,1,0,0
ICF,2025-03-19,0,0,0.0,0.0,0,0,0
ICF,2025-03-21,0,0,0.0,0.0,0,0,0
ICF,2025-03-27,0,0,0.0,0.0,0,0,0
ICF,2025-03-28,0,0,0.0,0.0,0,0,0
ICF,2025-04-02,0,0,0.0,0.0,0,0,0
ICF,2025-04-04,0,0,0.0,0.0,0,0,0
ICF,2025-04-10,0,0,1.0,0.4029976873730092,1,0,0
ICF,2025-04-11,1,0,-0.020064962632282895,0.40042293493997044,0,0,0
ICF,2025-04-16,1,0,-0.4476509008386922,0.4273341331500771,0,0,0
ICF,2025-04-17,1,0,-0.43926111076361396,0.4250961319717064,0,0,0
ICF,2025-04-18,1,0,-0.5277826284250472,0.4276421702594942,0,0,0
ICF,2025-04-23,0,0,-0.6336395934993188,0.39740906160097167,0,0,0
ICF,2025-04-24,0,0,-0.5591530372226364,0.4082080483412821,0,0,0
ICF,2025-05-02,1,0,-0.5516035883101988,0.3946444060327205,0,0,0
ICF,2025-05-07,1,0,-0.5883441597710731,0.3866513184969588,0,0,0
ICF,2025-05-08,1,0,-0.5760172978479678,0.3807654520736893,0,0,0
ICF,2025-05-14,1,0,-0.5676142002220655,0.3771739027796333,0,0,0
ICF,2025-05-15,1,0,-0.5678441935528232,0.37476138029577993,0,0,0
ICF,2025-05-16,1,0,-0.5587008114133188,0.3645252577772821,0,0,0
ICF,2025-05-21,0,0,-0.5654285016361463,0.3707385704020003,0,0,0
ICF,2025-05-22,0,0,-0.5667614710265158,0.3794923548936872,0,0,0
ICF,2025-05-23,0,0,-0.5649453734864693,0.3766357438154885,0,0,0
ICF,2025-05-28,0,0,-0.5673846546173675,0.38115374306454436,0,0,0
ICF,2025-05-29,0,0,-0.30876159046601714,0.3648579774844035,0,0,0
ICF,2025-05-30,1,0,-0.30338905878056005,0.358489221057705,0,0,0
ICF,2025-06-04,1,0,-0.5509006627951458,0.36115661881598426,0,0,0
ICF,2025-06-05,1,0,-1.0,0.36963022933821016,0,0,0
ICF,2025-06-11,0,0,-1.0,0.4197822263462004,0,0,0
ICF,2025-06-12,0,0,-1.0,0.42579806875430554,0,0,0
ICF,2025-06-13,1,0,-1.0,0.4244572312404174,0,0,0
ICF,2025-06-18,1,0,-1.0,0.47278589075747635,0,0,0
ICF,2025-06-19,1,0,-1.0,0.46572811355491756,0,0,0
ICF,2025-06-25,1,0,-1.0,0.45202395696985986,0,0,0
ICF,2025-06-27,1,0,-1.0,0.4508489479302451,0,0,0
ICF,2025-07-02,0,0,-1.0,0.42891217924831393,0,0,0
ICF,2025-07-03,0,0,-1.0,0.43118566859858687,0,0,0
ICF,2025-07-04,0,0,-1.0,0.4268689816437091,0,0,0
ICF,2025-07-09,0,0,0.0004691672984082361,0.3626807690934092,1,0,0
ICF,2025-07-10,0,0,1.0,0.329927441603879,1,0,0
ICF,2025-07-11,1,0,0.011336558274865287,0.31561240765059895,1,0,0
ICF,2025-07-16,1,0,1.0,0.3381648797228073,1,0,0
ICF,2025-07-17,1,0,1.0,0.31902862059201553,1,0,0
ICF,2025-07-18,1,0,1.0,0.309772105692438,1,0,0
ICF,2025-07-23,1,0,0.0,0.0,0,0,0
ICF,2025-07-24,1,0,0.0,0.0,0,0,0
ICF,2025-07-30,1,0,0.0,0.0,0,0,0
ICF,2025-07-31,1,0,0.0,0.0,0,0,0
ICF,2025-08-01,0,0,0.0,0.0,0,0,0
ICF,2025-08-06,1,0,1.0,0.3101851936317853,1,0,0
ICF,2025-08-08,1,0,1.0,0.32270134578869125,1,0,0
ICF,2025-08-14,0,0,1.0,0.3142250075535452,1,0,0
ICF,2025-08-15,0,0,1.0,0.3130767029423122,1,0,0
ICF,2025-08-20,0,0,1.0,0.3444579710809883,1,0,0
ICF,2025-08-21,0,0,1.0,0.34742817139539073,1,0,0
ICF,2025-08-22,0,0,1.0,0.34717581790654284,1,0,0
ICF,2025-08-27,0,0,0.39009874706895303,0.3324568347924295,1,0,0
ICF,2025-08-28,0,0,0.390989651387115,0.32989711588876086,1,0,0
ICF,2025-09-03,1,0,-1.0,0.345417494778685,0,0,0
ICF,2025-09-05,1,0,-1.0,0.3367252246966853,0,0,0
ICF,2025-09-10,0,0,-1.0,0.33756992383142054,0,0,0
ICF,2025-09-11,0,0,-1.0,0.31671700323789587,0,0,0
ICF,2025-09-17,0,0,-1.0,0.325017664163029,0,0,0
ICF,2025-09-18,0,0,-1.0,0.3320487694625981,0,0,0
ICF,2025-09-19,0,0,-1.0,0.3423162043269973,0,0,0
ICF,2025-09-24,1,0,-1.0,0.322594309170393,0,0,0
ICF,2025-09-25,1,0,-1.0,0.32814381181702856,0,0,0
ICF,2025-09-26,1,0,-1.0,0.3253271439263468,0,0,0
ICF,2025-10-01,0,0,-1.0,0.3061651856246496,0,0,0
ICF,2025-10-02,0,0,0.0006354633053871861,0.3060751121127314,1,0,0
ICF,2025-10-03,0,0,0.04987637798414351,0.32208479244089494,1,0,0
ICF,2025-10-08,1,0,0.35457945861947626,0.33127868113918146,1,0,0
ICF,2025-10-10,0,0,0.3672976257949039,0.3303816146745476,1,0,0
ICF,2025-10-16,0,0,0.04983944718109379,0.3316290909002215,1,0,0
ICF,2025-10-17,0,0,0.03539085637563831,0.3392617534679002,1,0,0
ICF,2025-10-22,1,0,0.34733710955738056,0.341097122514701,1,0,0
ICF,2025-10-23,1,0,0.3259536648965032,0.33536860524475304,1,0,0
ICF,2025-10-24,1,0,0.29425594476279415,0.33571244790420324,1,0,0
ICF,2025-10-29,1,0,0.3609840235891973,0.31669491660167465,1,0,0
ICF,2025-10-30,0,0,0.354154131119723,0.3113164745647298,1,0,0
ICF,2025-10-31,1,0,0.35176755961133066,0.3091864707461871,1,0,0
ICF,2025-11-05,1,0,1.0,0.32368773507847487,1,0,0
ICF,2025-11-06,1,0,1.0,0.3209117132072848,1,0,0
ICF,2025-11-07,1,0,1.0,0.32040311978252667,1,0,0
ICF,2025-11-12,0,0,1.0,0.32603385227472287,1,0,0
ICF,2025-11-13,0,0,1.0,0.3117233891961245,1,0,0
ICF,2025-11-19,0,0,0.0,0.0,0,0,0
ICF,2025-11-20,0,0,1.0,0.3009731215417319,1,0,0
ICF,2025-11-21,0,0,0.0,0.0,0,0,0
ICF,2025-11-26,0,0,1.0,0.40255978417835886,1,0,0
ICF,2025-11-27,0,0,0.0,0.0,0,0,0
ICF,2025-11-28,0,0,0.0,0.0,0,0,0
ICF,2025-12-03,1,0,-1.0,0.3015235305019187,0,0,0
ICF,2025-12-04,1,0,-1.0,0.3232265561846704,0,0,0
LAND OR,2025-01-22,1,1,0.0,0.0,0,1,1
LAND OR,2025-01-23,1,1,0.0,0.0,0,1,1
LAND OR,2025-01-24,1,1,0.0,0.0,0,1,1
LAND OR,2025-01-29,1,1,0.0,0.0,0,1,1
LAND OR,2025-01-30,0,1,0.0,0.0,0,1,1
LAND OR,2025-02-05,0,1,0.0,0.0,0,1,1
LAND OR,2025-02-06,0,1,0.0,0.0,0,1,1
LAND OR,2025-02-07,0,1,0.0,0.0,0,1,1
LAND OR,2025-02-12,1,1,0.0,0.0,0,1,1
LAND OR,2025-02-13,1,1,0.0,0.0,0,1,1
LAND OR,2025-02-14,0,1,0.0,0.0,0,1,1
LAND OR,2025-02-19,1,1,0.0,0.0,0,1,1
LAND OR,2025-02-20,0,1,1.0,0.3346998563645353,1,1,1
LAND OR,2025-02-21,0,1,1.0,0.3346998563645353,1,1,1
LAND OR,2025-02-26,1,1,1.0,0.3408561033154978,1,1,1
LAND OR,2025-02-27,1,1,1.0,0.33422266292504116,1,1,1
LAND OR,2025-02-28,1,1,1.0,0.3304429768818861,1,1,1
LAND OR,2025-03-05,1,1,1.0,0.36126609405691656,1,1,1
LAND OR,2025-03-06,1,1,1.0,0.35908754103969936,1,1,1
LAND OR,2025-03-07,1,1,1.0,0.34873430147736023,1,1,1
LAND OR,2025-03-12,1,1,1.0,0.31868600105454903,1,1,1
LAND OR,2025-03-13,1,1,1.0,0.3382969911946752,1,1,1
LAND OR,2025-03-19,1,1,0.015926695213227027,0.30630614020490426,1,1,1
LAND OR,2025-03-21,1,1,0.010824153120075331,0.30762099407312543,1,1,1
LAND OR,2025-03-27,0,1,-0.0022462838660876044,0.30245444934733007,0,1,1
LAND OR,2025-03-28,0,1,-0.0024902035662320715,0.3031668601397608,0,1,1
LAND OR,2025-04-02,0,1,0.3471711345198092,0.30815160664915897,1,1,1
LAND OR,2025-04-04,0,1,-1.0,0.3342432035285988,0,1,1
LAND OR,2025-04-10,0,1,-1.0,0.39194632646047256,0,1,1
LAND OR,2025-04-11,0,1,-1.0,0.3867649536364482,0,1,1
LAND OR,2025-04-16,0,1,-1.0,0.3403693394715668,0,1,1
LAND OR,2025-04-17,0,1,-1.0,0.3653172413523512,0,1,1
LAND OR,2025-04-18,1,1,-1.0,0.40717577837716934,0,1,1
LAND OR,2025-04-23,0,1,-1.0,0.39215718846915276,0,1,1
LAND OR,2025-04-24,1,1,-1.0,0.33757106720830277,0,1,1
LAND OR,2025-05-02,1,1,-1.0,0.3539142711170495,0,1,1
LAND OR,2025-05-07,1,1,-1.0,0.318334546782976,0,1,1
LAND OR,2025-05-08,1,1,-1.0,0.3228759305126857,0,1,1
LAND OR,2025-05-14,1,1,-1.0,0.3261692792174734,0,1,1
LAND OR,2025-05-15,1,1,-1.0,0.32391061305395974,0,1,1
LAND OR,2025-05-16,1,1,-1.0,0.3217294009529308,0,1,1
LAND OR,2025-05-21,0,1,-1.0,0.32222483208174063,0,1,1
LAND OR,2025-05-22,0,1,-1.0,0.3288214191816489,0,1,1
LAND OR,2025-05-23,0,1,-1.0,0.3277142457145863,0,1,1
LAND OR,2025-05-28,0,1,-1.0,0.32978591639950205,0,1,1
LAND OR,2025-05-29,1,1,-1.0,0.32439855513368504,0,1,1
LAND OR,2025-05-30,1,1,-1.0,0.318859069474681,0,1,1
LAND OR,2025-06-04,0,1,-1.0,0.3243903962748093,0,1,1
LAND OR,2025-06-05,0,1,0.0,0.0,0,1,1
LAND OR,2025-06-11,0,1,0.0,0.0,0,1,1
LAND OR,2025-06-12,0,1,0.0,0.0,0,1,1
LAND OR,2025-06-13,0,1,0.0,0.0,0,1,1
LAND OR,2025-06-18,0,1,1.0,0.3019777522263648,1,1,1
LAND OR,2025-06-19,0,1,1.0,0.3119616807231548,1,1,1
LAND OR,2025-06-25,0,1,0.0,0.0,0,1,1
LAND OR,2025-06-27,0,1,0.0,0.0,0,1,1
LAND OR,2025-07-02,0,1,0.0,0.0,0,1,1
LAND OR,2025-07-03,1,1,0.0,0.0,0,1,1
LAND OR,2025-07-04,1,1,0.0,0.0,0,1,1
LAND OR,2025-07-09,1,1,-1.0,0.30977782522775327,0,1,1
LAND OR,2025-07-10,0,1,-1.0,0.3096837020202223,0,1,1
LAND OR,2025-07-11,0,1,-1.0,0.321171279255483,0,1,1
LAND OR,2025-07-16,0,1,-1.0,0.31130134455417896,0,1,1
LAND OR,2025-07-17,0,1,-1.0,0.309577121858751,0,1,1
LAND OR,2025-07-18,0,1,0.0,0.0,0,1,1
LAND OR,2025-07-23,0,1,0.0,0.0,0,1,1
LAND OR,2025-07-24,0,1,0.0,0.0,0,1,1
LAND OR,2025-07-30,0,1,0.0,0.0,0,1,1
LAND OR,2025-07-31,0,1,-1.0,0.3013457549103908,0,1,1
LAND OR,2025-08-01,0,1,-1.0,0.30188480558650127,0,1,1
LAND OR,2025-08-06,1,1,0.0,0.0,0,1,1
LAND OR,2025-08-08,1,1,0.0,0.0,0,1,1
LAND OR,2025-08-14,0,1,0.0,0.0,0,1,1
LAND OR,2025-08-15,1,1,0.0,0.0,0,1,1
LAND OR,2025-08-20,1,1,0.0,0.0,0,1,1
LAND OR,2025-08-21,1,1,0.0,0.0,0,1,1
LAND OR,2025-08-22,1,1,0.0,0.0,0,1,1
LAND OR,2025-08-27,0,1,1.0,0.30414876012808933,1,1,1
LAND OR,2025-08-28,0,1,1.0,0.3013661363306994,1,1,1
LAND OR,2025-09-03,0,1,0.32236541159723675,0.3373235372961982,1,1,1
LAND OR,2025-09-05,0,1,1.0,0.32305811095227105,1,1,1
LAND OR,2025-09-10,0,1,0.35305174681020957,0.31542915930979937,1,1,1
LAND OR,2025-09-11,0,1,1.0,0.3212763022609621,1,1,1
LAND OR,2025-09-17,1,1,1.0,0.3363964570834582,1,1,1
LAND OR,2025-09-18,1,1,1.0,0.31729808450164043,1,1,1
LAND OR,2025-09-19,1,1,0.03433097216698618,0.3309542240718404,1,1,1
LAND OR,2025-09-24,1,1,-0.025547089139454356,0.3310517168915919,0,1,1
LAND OR,2025-09-25,1,1,-0.0156943021172348,0.3415586466810834,0,1,1
LAND OR,2025-09-26,1,1,-0.3181743079568587,0.3266417352497006,0,1,1
LAND OR,2025-10-01,1,1,-1.0,0.3510457720073537,0,1,1
LAND OR,2025-10-02,0,1,-1.0,0.33897279916007134,0,1,1
LAND OR,2025-10-03,1,1,-1.0,0.3610605591184955,0,1,1
LAND OR,2025-10-08,0,1,-0.4100148127099902,0.3453977785706714,0,1,1
LAND OR,2025-10-10,1,1,-1.0,0.35473784606444386,0,1,1
LAND OR,2025-10-16,1,1,-1.0,0.34455654074981723,0,1,1
LAND OR,2025-10-17,1,1,-1.0,0.33992251416143415,0,1,1
LAND OR,2025-10-22,1,1,-1.0,0.37974330695115666,0,1,1
LAND OR,2025-10-23,1,1,-1.0,0.36939537102914033,0,1,1
LAND OR,2025-10-24,1,1,-1.0,0.37066502191660256,0,1,1
LAND OR,2025-10-29,1,1,-1.0,0.3698863654493653,0,1,1
LAND OR,2025-10-30,1,1,-1.0,0.3687953541609677,0,1,1
LAND OR,2025-10-31,1,1,-1.0,0.3577319448577545,0,1,1
LAND OR,2025-11-05,1,1,-1.0,0.39610342965754597,0,1,1
LAND OR,2025-11-06,1,1,-1.0,0.39793340542784184,0,1,1
LAND OR,2025-11-07,1,1,-0.427212895909403,0.3628394421624186,0,1,1
LAND OR,2025-11-12,1,1,-1.0,0.370102073206633,0,1,1
LAND OR,2025-11-13,1,1,-1.0,0.3812775852507475,0,1,1
LAND OR,2025-11-19,1,1,-0.39907165003649414,0.34987882797397946,0,1,1
LAND OR,2025-11-20,1,1,-1.0,0.3534234509707982,0,1,1
LAND OR,2025-11-21,0,1,-1.0,0.3463607793153213,0,1,1
LAND OR,2025-11-26,0,1,-0.3823438131090278,0.3328280653175923,0,1,1
LAND OR,2025-11-27,0,1,-0.07553159241508492,0.3431428193879322,0,1,1
LAND OR,2025-11-28,0,1,0.0,0.0,0,1,1
LAND OR,2025-12-03,1,1,0.0,0.0,0,1,1
LAND OR,2025-12-04,1,1,0.0,0.0,0,1,1
MPBS,2025-01-22,0,1,-1.0,0.37856565891359173,0,1,1
MPBS,2025-01-23,0,1,-1.0,0.34066718228835613,0,1,1
MPBS,2025-01-24,0,1,1.0,0.32674724190385945,1,1,1
MPBS,2025-01-29,0,1,0.0,0.0,0,1,1
MPBS,2025-01-30,0,1,0.0,0.0,0,1,1
MPBS,2025-02-05,1,1,0.0,0.0,0,1,1
MPBS,2025-02-06,1,1,0.0,0.0,0,1,1
MPBS,2025-02-07,1,1,0.0,0.0,0,1,1
MPBS,2025-02-12,1,1,0.0,0.0,0,1,1
MPBS,2025-02-13,1,1,0.0,0.0,0,1,1
MPBS,2025-02-14,0,1,-1.0,0.32790673016833416,0,1,1
MPBS,2025-02-19,0,1,-0.16305544953856155,0.38092959927631126,0,1,1
MPBS,2025-02-20,0,1,-0.1680823100382864,0.380400040238901,0,1,1
MPBS,2025-02-21,0,1,-0.1710188576972811,0.3661456659568105,0,1,1
MPBS,2025-02-26,0,1,-0.07372538304896177,0.36415730402929947,0,1,1
MPBS,2025-02-27,0,1,-0.1220793312367281,0.3559634768085389,0,1,1
MPBS,2025-02-28,1,1,-0.09364663846907241,0.3532622500506655,0,1,1
MPBS,2025-03-05,1,1,0.043291969588835626,0.3316647296896603,1,1,1
MPBS,2025-03-06,1,1,0.030000396135518966,0.3243775133919847,1,1,1
MPBS,2025-03-07,1,1,0.025709489146287134,0.323614084960915,1,1,1
MPBS,2025-03-12,0,1,0.0,0.0,0,1,1
MPBS,2025-03-13,0,1,0.0,0.0,0,1,1
MPBS,2025-03-19,1,1,-1.0,0.3269969335204107,0,1,1
MPBS,2025-03-21,0,1,-1.0,0.3292482008385093,0,1,1
MPBS,2025-03-27,0,1,-1.0,0.35942560876392093,0,1,1
MPBS,2025-03-28,1,1,-1.0,0.36112535651255623,0,1,1
MPBS,2025-04-02,1,1,-1.0,0.3585387061662509,0,1,1
MPBS,2025-04-04,1,1,-1.0,0.3545193263616681,0,1,1
MPBS,2025-04-10,1,1,-1.0,0.36176367260402514,0,1,1
MPBS,2025-04-11,1,1,-1.0,0.3528189185729856,0,1,1
MPBS,2025-04-16,1,1,-1.0,0.35010962567490655,0,1,1
MPBS,2025-04-17,1,1,-1.0,0.320803878819789,0,1,1
MPBS,2025-04-18,1,1,-1.0,0.3389362404535023,0,1,1
MPBS,2025-04-23,1,1,-0.027163082544623643,0.31058156423754246,0,1,1
MPBS,2025-04-24,1,1,-1.0,0.3166410927887017,0,1,1
MPBS,2025-05-02,1,1,-1.0,0.3516200568891881,0,1,1
MPBS,2025-05-07,0,1,1.0,0.35651519621768885,1,1,1
MPBS,2025-05-08,0,1,1.0,0.3465424501619077,1,1,1
MPBS,2025-05-14,0,1,0.07527415976346345,0.32628743240390506,1,1,1
MPBS,2025-05-15,0,1,0.07975697189710312,0.328425664181826,1,1,1
MPBS,2025-05-16,0,1,1.0,0.3710288742530589,1,1,1
MPBS,2025-05-21,1,1,1.0,0.38485497675567026,1,1,1
MPBS,2025-05-22,0,1,1.0,0.46982412887628355,1,1,1
MPBS,2025-05-23,0,1,1.0,0.47057251618193663,1,1,1
MPBS,2025-05-28,1,1,1.0,0.5153530044560483,1,1,1
MPBS,2025-05-29,0,1,1.0,0.5210272435655912,1,1,1
MPBS,2025-05-30,0,1,1.0,0.48171319847283944,1,1,1
MPBS,2025-06-04,1,1,1.0,0.45611854510822847,1,1,1
MPBS,2025-06-05,1,1,1.0,0.4545942990961085,1,1,1
MPBS,2025-06-11,0,1,0.1628729975646222,0.3761571445936455,1,1,1
MPBS,2025-06-12,0,1,0.11025848076743486,0.3683816337301491,1,1,1
MPBS,2025-06-13,0,1,0.11042268323346802,0.36887560106114625,1,1,1
MPBS,2025-06-18,0,1,0.12599057600764438,0.3779593399124611,1,1,1
MPBS,2025-06-19,0,1,0.13247824312747614,0.37721060868457157,1,1,1
MPBS,2025-06-25,0,1,0.15715304420786344,0.3620406096212898,1,1,1
MPBS,2025-06-27,1,1,0.16011039000731944,0.36112302449881933,1,1,1
MPBS,2025-07-02,1,1,1.0,0.4212189952954695,1,1,1
MPBS,2025-07-03,1,1,1.0,0.38404740636179124,1,1,1
MPBS,2025-07-04,0,1,1.0,0.3615253268970799,1,1,1
MPBS,2025-07-09,0,1,-1.0,0.39490210476954146,0,1,1
MPBS,2025-07-10,0,1,-1.0,0.38573504362170064,0,1,1
MPBS,2025-07-11,0,1,-1.0,0.385741208913403,0,1,1
MPBS,2025-07-16,1,1,0.0,0.0,0,1,1
MPBS,2025-07-17,0,1,0.0,0.0,0,1,1
MPBS,2025-07-18,0,1,0.0,0.0,0,1,1
MPBS,2025-07-23,0,1,0.0,0.0,0,1,1
MPBS,2025-07-24,0,1,0.0,0.0,0,1,1
MPBS,2025-07-30,1,1,0.0,0.0,0,1,1
MPBS,2025-07-31,1,1,0.0,0.0,0,1,1
MPBS,2025-08-01,1,1,0.0,0.0,0,1,1
MPBS,2025-08-06,1,1,0.0,0.0,0,1,1
MPBS,2025-08-08,0,1,0.0,0.0,0,1,1
MPBS,2025-08-14,0,1,0.0,0.0,0,1,1
MPBS,2025-08-15,1,1,0.0,0.0,0,1,1
MPBS,2025-08-20,1,1,0.0,0.0,0,1,1
MPBS,2025-08-21,0,1,0.0,0.0,0,1,1
MPBS,2025-08-22,0,1,0.0,0.0,0,1,1
MPBS,2025-08-27,1,1,0.0,0.0,0,1,1
MPBS,2025-08-28,0,1,0.0,0.0,0,1,1
MPBS,2025-09-03,1,1,0.0,0.0,0,1,1
MPBS,2025-09-05,1,1,0.0,0.0,0,1,1
MPBS,2025-09-10,0,1,0.0,0.0,0,1,1
MPBS,2025-09-11,0,1,0.0,0.0,0,1,1
MPBS,2025-09-17,0,1,0.0,0.0,0,1,1
MPBS,2025-09-18,0,1,0.0,0.0,0,1,1
MPBS,2025-09-19,0,1,0.0,0.0,0,1,1
MPBS,2025-09-24,0,1,0.0,0.0,0,1,1
MPBS,2025-09-25,0,1,0.0,0.0,0,1,1
MPBS,2025-09-26,0,1,0.0,0.0,0,1,1
MPBS,2025-10-01,0,1,1.0,0.3133809439682255,1,1,1
MPBS,2025-10-02,0,1,1.0,0.3164604449071164,1,1,1
MPBS,2025-10-03,0,1,1.0,0.364190316191365,1,1,1
MPBS,2025-10-08,0,1,1.0,0.41186071859713913,1,1,1
MPBS,2025-10-10,0,1,1.0,0.411930873920179,1,1,1
MPBS,2025-10-16,0,1,0.0,0.0,0,1,1
MPBS,2025-10-17,0,1,-1.0,0.3336262195475041,0,1,1
MPBS,2025-10-22,0,1,-0.5356132121637658,0.3460081072640107,0,1,1
MPBS,2025-10-23,1,1,-1.0,0.3694668323760242,0,1,1
MPBS,2025-10-24,0,1,0.15134404610605884,0.35676625359821196,1,1,1
MPBS,2025-10-29,1,1,-0.21297177169581671,0.4089514871348779,0,1,1
MPBS,2025-10-30,0,1,1.0,0.3431965559761694,1,1,1
MPBS,2025-10-31,1,1,0.0,0.0,0,1,1
MPBS,2025-11-05,1,1,0.0,0.0,0,1,1
MPBS,2025-11-06,1,1,0.0,0.0,0,1,1
MPBS,2025-11-07,1,1,1.0,0.31115458745052205,1,1,1
MPBS,2025-11-12,0,1,0.0,0.0,0,1,1
MPBS,2025-11-13,0,1,1.0,0.30974161630225117,1,1,1
MPBS,2025-11-19,0,1,1.0,0.31592279243812227,1,1,1
MPBS,2025-11-20,0,1,1.0,0.3064911758939285,1,1,1
MPBS,2025-11-21,1,1,1.0,0.31094531121302055,1,1,1
MPBS,2025-11-26,1,1,1.0,0.31913681948447237,1,1,1
MPBS,2025-11-27,1,1,1.0,0.3960659005395565,1,1,1
MPBS,2025-11-28,1,1,1.0,0.36084454380463665,1,1,1
MPBS,2025-12-03,1,1,1.0,0.3457615122116399,1,1,1
MPBS,2025-12-04,1,1,1.0,0.35612321539806713,1,1,1
NEW BODY LINE,2025-01-22,0,0,0.0,0.0,0,0,0
NEW BODY LINE,2025-01-23,0,0,0.0,0.0,0,0,0
NEW BODY LINE,2025-01-24,0,0,0.0,0.0,0,0,0
NEW BODY LINE,2025-01-29,1,0,0.0,0.0,0,0,0
NEW BODY LINE,2025-01-30,0,0,0.0,0.0,0,0,0
NEW BODY LINE,2025-02-05,0,0,0.0,0.0,0,0,0
NEW BODY LINE,2025-02-06,0,0,0.0,0.0,0,0,0
NEW BODY LINE,2025-02-07,0,0,0.0,0.0,0,0,0
NEW BODY LINE,2025-02-12,0,0,-1.0,0.30482935361606994,0,0,0
NEW BODY LINE,2025-02-13,1,0,-1.0,0.30238440929971094,0,0,0
NEW BODY LINE,2025-02-14,1,0,-1.0,0.3018533030080493,0,0,0
NEW BODY LINE,2025-02-19,0,0,-1.0,0.33073719521354206,0,0,0
NEW BODY LINE,2025-02-20,0,0,-1.0,0.33303180915152836,0,0,0
NEW BODY LINE,2025-02-21,0,0,-0.32484616472987915,0.32971478434191764,0,0,0
NEW BODY LINE,2025-02-26,0,0,-1.0,0.3408301025549146,0,0,0
NEW BODY LINE,2025-02-27,0,0,-1.0,0.32209923800935975,0,0,0
NEW BODY LINE,2025-02-28,0,0,-1.0,0.31887221420839873,0,0,0
NEW BODY LINE,2025-03-05,1,0,-1.0,0.31290255289042324,0,0,0
NEW BODY LINE,2025-03-06,1,0,0.025784728642537336,0.34187633936427747,1,0,0
NEW BODY LINE,2025-03-07,1,0,-0.01405780904293866,0.33410459246667445,0,0,0
NEW BODY LINE,2025-03-12,1,0,0.031713969323781024,0.39194015960661455,1,0,0
NEW BODY LINE,2025-03-13,1,0,0.07620220274713374,0.3674547719737419,1,0,0
NEW BODY LINE,2025-03-19,1,0,-1.0,0.35616940137166064,0,0,0
NEW BODY LINE,2025-03-21,1,0,-1.0,0.379881201226277,0,0,0
NEW BODY LINE,2025-03-27,0,0,-0.47548494584939793,0.3844894782321238,0,0,0
NEW BODY LINE,2025-03-28,0,0,-0.486927255687606,0.3924998268232988,0,0,0
NEW BODY LINE,2025-04-02,0,0,-0.4642932308545471,0.39683280212707533,0,0,0
NEW BODY LINE,2025-04-04,1,0,-0.46412285465123443,0.3954115271519159,0,0,0
NEW BODY LINE,2025-04-10,1,0,-1.0,0.3745416056470912,0,0,0
NEW BODY LINE,2025-04-11,1,0,-1.0,0.374575941511509,0,0,0
NEW BODY LINE,2025-04-16,0,0,0.36558637395750276,0.3234753356445518,1,0,0
NEW BODY LINE,2025-04-17,0,0,1.0,0.34112989584191655,1,0,0
NEW BODY LINE,2025-04-18,0,0,1.0,0.31947643960336214,1,0,0
NEW BODY LINE,2025-04-23,0,0,1.0,0.31792421047397823,1,0,0
NEW BODY LINE,2025-04-24,0,0,1.0,0.3157508717697124,1,0,0
NEW BODY LINE,2025-05-02,0,0,1.0,0.328307408876931,1,0,0
NEW BODY LINE,2025-05-07,0,0,1.0,0.31967369170797705,1,0,0
NEW BODY LINE,2025-05-08,1,0,1.0,0.320146210370203,1,0,0
NEW BODY LINE,2025-05-14,1,0,1.0,0.33403494830037195,1,0,0
NEW BODY LINE,2025-05-15,1,0,1.0,0.36477139886304966,1,0,0
NEW BODY LINE,2025-05-16,1,0,1.0,0.3580051978184321,1,0,0
NEW BODY LINE,2025-05-21,0,0,1.0,0.3495769066971372,1,0,0
NEW BODY LINE,2025-05-22,0,0,1.0,0.3576715691066097,1,0,0
NEW BODY LINE,2025-05-23,0,0,1.0,0.3453513249829434,1,0,0
NEW BODY LINE,2025-05-28,0,0,1.0,0.3333886342373161,1,0,0
NEW BODY LINE,2025-05-29,0,0,1.0,0.3402257903299349,1,0,0
NEW BODY LINE,2025-05-30,0,0,1.0,0.3422027961613206,1,0,0
NEW BODY LINE,2025-06-04,0,0,1.0,0.30752102101408735,1,0,0
NEW BODY LINE,2025-06-05,0,0,0.0,0.0,0,0,0
NEW BODY LINE,2025-06-11,1,0,0.0,0.0,0,0,0
NEW BODY LINE,2025-06-12,1,0,0.0,0.0,0,0,0
NEW BODY LINE,2025-06-13,1,0,0.0,0.0,0,0,0
NEW BODY LINE,2025-06-18,1,0,0.0,0.0,0,0,0
NEW BODY LINE,2025-06-19,1,0,0.0,0.0,0,0,0
NEW BODY LINE,2025-06-25,1,0,-1.0,0.31124535605833686,0,0,0
NEW BODY LINE,2025-06-27,1,0,0.0,0.0,0,0,0
NEW BODY LINE,2025-07-02,1,0,0.0,0.0,0,0,0
NEW BODY LINE,2025-07-03,1,0,0.0,0.0,0,0,0
NEW BODY LINE,2025-07-04,1,0,0.0,0.0,0,0,0
NEW BODY LINE,2025-07-09,0,0,0.0,0.0,0,0,0
NEW BODY LINE,2025-07-10,0,0,0.0,0.0,0,0,0
NEW BODY LINE,2025-07-11,0,0,0.0,0.0,0,0,0
NEW BODY LINE,2025-07-16,1,0,0.0,0.0,0,0,0
NEW BODY LINE,2025-07-17,0,0,0.0,0.0,0,0,0
NEW BODY LINE,2025-07-18,0,0,0.0,0.0,0,0,0
NEW BODY LINE,2025-07-23,0,0,0.0,0.0,0,0,0
NEW BODY LINE,2025-07-24,0,0,0.0,0.0,0,0,0
NEW BODY LINE,2025-07-30,1,0,1.0,0.35078174383145727,1,0,0
NEW BODY LINE,2025-07-31,0,0,1.0,0.35922997556987935,1,0,0
NEW BODY LINE,2025-08-01,0,0,1.0,0.4227653908028478,1,0,0
NEW BODY LINE,2025-08-06,0,0,1.0,0.4145756866677481,1,0,0
NEW BODY LINE,2025-08-08,0,0,1.0,0.42113070692039617,1,0,0
NEW BODY LINE,2025-08-14,0,0,1.0,0.4229647809011117,1,0,0
NEW BODY LINE,2025-08-15,0,0,1.0,0.43103467502907994,1,0,0
NEW BODY LINE,2025-08-20,0,0,1.0,0.3883000831496259,1,0,0
NEW BODY LINE,2025-08-21,1,0,1.0,0.38750466079150175,1,0,0
NEW BODY LINE,2025-08-22,0,0,1.0,0.3835527526657212,1,0,0
NEW BODY LINE,2025-08-27,1,0,1.0,0.35975303607013925,1,0,0
NEW BODY LINE,2025-08-28,1,0,1.0,0.3658303509340737,1,0,0
NEW BODY LINE,2025-09-03,1,0,1.0,0.3456923627821631,1,0,0
NEW BODY LINE,2025-09-05,0,0,1.0,0.3379732519552252,1,0,0
NEW BODY LINE,2025-09-10,0,0,1.0,0.3389800959162787,1,0,0
NEW BODY LINE,2025-09-11,1,0,1.0,0.3384113326804141,1,0,0
NEW BODY LINE,2025-09-17,1,0,1.0,0.3341896836992344,1,0,0
NEW BODY LINE,2025-09-18,1,0,1.0,0.3384723872542849,1,0,0
NEW BODY LINE,2025-09-19,0,0,1.0,0.3750386847505306,1,0,0
NEW BODY LINE,2025-09-24,0,0,-0.02110204089509743,0.3247919041086347,0,0,0
NEW BODY LINE,2025-09-25,0,0,-0.03448219070114134,0.315020650887788,0,0,0
NEW BODY LINE,2025-09-26,0,0,-0.04075034609735258,0.3127966563730674,0,0,0
NEW BODY LINE,2025-10-01,0,0,-0.002699376786885052,0.32914355581929033,0,0,0
NEW BODY LINE,2025-10-02,0,0,0.29149370495424226,0.31331831539300276,1,0,0
NEW BODY LINE,2025-10-03,0,0,0.3201351408831724,0.3094865620977341,1,0,0
NEW BODY LINE,2025-10-08,0,0,1.0,0.311686095485037,1,0,0
NEW BODY LINE,2025-10-10,1,0,1.0,0.3093026107540223,1,0,0
NEW BODY LINE,2025-10-16,0,0,1.0,0.3179912170961723,1,0,0
NEW BODY LINE,2025-10-17,0,0,1.0,0.3060490951747115,1,0,0
NEW BODY LINE,2025-10-22,0,0,1.0,0.3261082132165205,1,0,0
NEW BODY LINE,2025-10-23,0,0,1.0,0.31836501919312793,1,0,0
NEW BODY LINE,2025-10-24,0,0,1.0,0.3681586638268358,1,0,0
NEW BODY LINE,2025-10-29,0,0,1.0,0.4137442856497109,1,0,0
NEW BODY LINE,2025-10-30,0,0,1.0,0.3890199701576538,1,0,0
NEW BODY LINE,2025-10-31,0,0,1.0,0.388012204733284,1,0,0
NEW BODY LINE,2025-11-05,0,0,1.0,0.3844676087532456,1,0,0
NEW BODY LINE,2025-11-06,0,0,1.0,0.3841978901674198,1,0,0
NEW BODY LINE,2025-11-07,0,0,1.0,0.38463598441958685,1,0,0
NEW BODY LINE,2025-11-12,0,0,1.0,0.3830644601071506,1,0,0
NEW BODY LINE,2025-11-13,0,0,1.0,0.3390628364870836,1,0,0
NEW BODY LINE,2025-11-19,1,0,1.0,0.3586442035425985,1,0,0
NEW BODY LINE,2025-11-20,1,0,1.0,0.35859312732702187,1,0,0
NEW BODY LINE,2025-11-21,1,0,1.0,0.358813620658765,1,0,0
NEW BODY LINE,2025-11-26,1,0,1.0,0.34824186363546045,1,0,0
NEW BODY LINE,2025-11-27,1,0,1.0,0.3000105378087902,1,0,0
NEW BODY LINE,2025-11-28,1,0,1.0,0.3180537053483391,1,0,0
NEW BODY LINE,2025-12-03,1,0,1.0,0.3287537452165473,1,0,0
NEW BODY LINE,2025-12-04,1,0,1.0,0.32793260147005393,1,0,0
ONE TECH HOLDING,2025-01-22,1,1,-1.0,0.3621860850623659,0,1,1
ONE TECH HOLDING,2025-01-23,0,1,-1.0,0.3625752383368009,0,1,1
ONE TECH HOLDING,2025-01-24,0,1,-1.0,0.3625311543764551,0,1,1
ONE TECH HOLDING,2025-01-29,1,1,-1.0,0.34062210503642226,0,1,1
ONE TECH HOLDING,2025-01-30,1,1,-1.0,0.3219532581211454,0,1,1
ONE TECH HOLDING,2025-02-05,1,1,-1.0,0.33552269226320985,0,1,1
ONE TECH HOLDING,2025-02-06,1,1,-1.0,0.3088564156896437,0,1,1
ONE TECH HOLDING,2025-02-07,0,1,-1.0,0.31702946337788623,0,1,1
ONE TECH HOLDING,2025-02-12,0,1,0.0,0.0,0,1,1
ONE TECH HOLDING,2025-02-13,0,1,0.0,0.0,0,1,1
ONE TECH HOLDING,2025-02-14,0,1,0.0,0.0,0,1,1
ONE TECH HOLDING,2025-02-19,0,1,-1.0,0.30616158145118705,0,1,1
ONE TECH HOLDING,2025-02-20,1,1,-1.0,0.3124785676951233,0,1,1
ONE TECH HOLDING,2025-02-21,0,1,-1.0,0.3120271161066261,0,1,1
ONE TECH HOLDING,2025-02-26,0,1,-1.0,0.30295016856250967,0,1,1
ONE TECH HOLDING,2025-02-27,0,1,-0.04615164004811199,0.3193312135327365,0,1,1
ONE TECH HOLDING,2025-02-28,0,1,-0.05752902369518296,0.3232375239276772,0,1,1
ONE TECH HOLDING,2025-03-05,0,1,-1.0,0.3698518167471088,0,1,1
ONE TECH HOLDING,2025-03-06,0,1,-1.0,0.36847184228208235,0,1,1
ONE TECH HOLDING,2025-03-07,1,1,-1.0,0.36758467625552854,0,1,1
ONE TECH HOLDING,2025-03-12,0,1,-1.0,0.35536319861694077,0,1,1
ONE TECH HOLDING,2025-03-13,1,1,-1.0,0.3414058239898676,0,1,1
ONE TECH HOLDING,2025-03-19,0,1,-0.34330574324333624,0.32886789976086533,0,1,1
ONE TECH HOLDING,2025-03-21,0,1,-0.35887718835610644,0.32171683780561816,0,1,1
ONE TECH HOLDING,2025-03-27,0,1,-0.3247538044118961,0.3182175578937884,0,1,1
ONE TECH HOLDING,2025-03-28,0,1,-0.3204115983911512,0.31921703511947874,0,1,1
ONE TECH HOLDING,2025-04-02,0,1,1.0,0.35040639283075603,1,1,1
ONE TECH HOLDING,2025-04-04,0,1,1.0,0.36813826365363517,1,1,1
ONE TECH HOLDING,2025-04-10,1,1,1.0,0.321407837810111,1,1,1
ONE TECH HOLDING,2025-04-11,1,1,1.0,0.32193425390621117,1,1,1
ONE TECH HOLDING,2025-04-16,1,1,1.0,0.3483554382851669,1,1,1
ONE TECH HOLDING,2025-04-17,1,1,1.0,0.32637259604458896,1,1,1
ONE TECH HOLDING,2025-04-18,1,1,1.0,0.34007297681572596,1,1,1
ONE TECH HOLDING,2025-04-23,0,1,1.0,0.3021109022027742,1,1,1
ONE TECH HOLDING,2025-04-24,0,1,1.0,0.30125288561407276,1,1,1
ONE TECH HOLDING,2025-05-02,1,1,1.0,0.3974343806715157,1,1,1
ONE TECH HOLDING,2025-05-07,0,1,1.0,0.4138577227908266,1,1,1
ONE TECH HOLDING,2025-05-08,0,1,1.0,0.4051042204539112,1,1,1
ONE TECH HOLDING,2025-05-14,1,1,1.0,0.408960852355851,1,1,1
ONE TECH HOLDING,2025-05-15,1,1,1.0,0.4267138365715334,1,1,1
ONE TECH HOLDING,2025-05-16,1,1,1.0,0.42349045006706776,1,1,1
ONE TECH HOLDING,2025-05-21,1,1,1.0,0.4043624763361866,1,1,1
ONE TECH HOLDING,2025-05-22,1,1,1.0,0.3945450784838898,1,1,1
ONE TECH HOLDING,2025-05-23,1,1,1.0,0.39296945719476606,1,1,1
ONE TECH HOLDING,2025-05-28,1,1,1.0,0.4103471589429301,1,1,1
ONE TECH HOLDING,2025-05-29,1,1,1.0,0.4159070986462642,1,1,1
ONE TECH HOLDING,2025-05-30,1,1,1.0,0.4289800295393465,1,1,1
ONE TECH HOLDING,2025-06-04,0,1,1.0,0.4136477482603952,1,1,1
ONE TECH HOLDING,2025-06-05,0,1,1.0,0.3943368911626745,1,1,1
ONE TECH HOLDING,2025-06-11,0,1,1.0,0.3803265684372323,1,1,1
ONE TECH HOLDING,2025-06-12,0,1,1.0,0.3932121896204487,1,1,1
ONE TECH HOLDING,2025-06-13,0,1,1.0,0.392623625364321,1,1,1
ONE TECH HOLDING,2025-06-18,1,1,1.0,0.3231654173981635,1,1,1
ONE TECH HOLDING,2025-06-19,1,1,1.0,0.3028175889045747,1,1,1
ONE TECH HOLDING,2025-06-25,1,1,1.0,0.34108330057287006,1,1,1
ONE TECH HOLDING,2025-06-27,0,1,1.0,0.35178492918940735,1,1,1
ONE TECH HOLDING,2025-07-02,1,1,0.5308712154827097,0.32559210446291165,1,1,1
ONE TECH HOLDING,2025-07-03,1,1,1.0,0.3510870790787198,1,1,1
ONE TECH HOLDING,2025-07-04,1,1,1.0,0.3546339158935176,1,1,1
ONE TECH HOLDING,2025-07-09,0,1,1.0,0.3311835279316221,1,1,1
ONE TECH HOLDING,2025-07-10,0,1,1.0,0.34528800250730884,1,1,1
ONE TECH HOLDING,2025-07-11,0,1,1.0,0.3473242808148674,1,1,1
ONE TECH HOLDING,2025-07-16,0,1,0.3787171451619861,0.32907779719458646,1,1,1
ONE TECH HOLDING,2025-07-17,0,1,1.0,0.3365227258273788,1,1,1
ONE TECH HOLDING,2025-07-18,1,1,0.028167343561929743,0.34258596027485455,1,1,1
ONE TECH HOLDING,2025-07-23,0,1,1.0,0.31664257464465173,1,1,1
ONE TECH HOLDING,2025-07-24,0,1,1.0,0.3253099576095954,1,1,1
ONE TECH HOLDING,2025-07-30,0,1,-1.0,0.33738597663428677,0,1,1
ONE TECH HOLDING,2025-07-31,1,1,-1.0,0.3288252977286422,0,1,1
ONE TECH HOLDING,2025-08-01,1,1,-1.0,0.3010581908419305,0,1,1
ONE TECH HOLDING,2025-08-06,1,1,-1.0,0.30345115917300797,0,1,1
ONE TECH HOLDING,2025-08-08,1,1,-1.0,0.303037403637204,0,1,1
ONE TECH HOLDING,2025-08-14,0,1,0.0,0.0,0,1,1
ONE TECH HOLDING,2025-08-15,0,1,0.0,0.0,0,1,1
ONE TECH HOLDING,2025-08-20,0,1,-1.0,0.30942940443751815,0,1,1
ONE TECH HOLDING,2025-08-21,0,1,-1.0,0.32081203528813995,0,1,1
ONE TECH HOLDING,2025-08-22,0,1,-1.0,0.32407536609892085,0,1,1
ONE TECH HOLDING,2025-08-27,1,1,-1.0,0.32216298832018436,0,1,1
ONE TECH HOLDING,2025-08-28,1,1,-1.0,0.31601761145474677,0,1,1
ONE TECH HOLDING,2025-09-03,0,1,-0.35074159800324645,0.3492020984127122,0,1,1
ONE TECH HOLDING,2025-09-05,0,1,-0.09571170893395699,0.5219378964081217,0,1,1
ONE TECH HOLDING,2025-09-10,0,1,-0.10458118179076148,0.515250684612591,0,1,1
ONE TECH HOLDING,2025-09-11,0,1,-0.10328733893598355,0.5159888007196914,0,1,1
ONE TECH HOLDING,2025-09-17,1,1,1.0,0.4136042266966068,1,1,1
ONE TECH HOLDING,2025-09-18,1,1,0.019360394124123263,0.320323077370251,1,1,1
ONE TECH HOLDING,2025-09-19,1,1,-1.0,0.33463376427422814,0,1,1
ONE TECH HOLDING,2025-09-24,0,1,-1.0,0.37688098003186843,0,1,1
ONE TECH HOLDING,2025-09-25,1,1,-0.1455939411434881,0.35364750921437205,0,1,1
ONE TECH HOLDING,2025-09-26,1,1,-0.1481816514109849,0.35775410006312947,0,1,1
ONE TECH HOLDING,2025-10-01,1,1,-1.0,0.4170960392074544,0,1,1
ONE TECH HOLDING,2025-10-02,1,1,-1.0,0.42502260962610344,0,1,1
ONE TECH HOLDING,2025-10-03,1,1,-1.0,0.3845913313812741,0,1,1
ONE TECH HOLDING,2025-10-08,0,1,-1.0,0.35157680932465946,0,1,1
ONE TECH HOLDING,2025-10-10,0,1,-1.0,0.36332350638991545,0,1,1
ONE TECH HOLDING,2025-10-16,0,1,-1.0,0.358890054697279,0,1,1
ONE TECH HOLDING,2025-10-17,0,1,-1.0,0.3761603660893957,0,1,1
ONE TECH HOLDING,2025-10-22,1,1,-1.0,0.3438008052395662,0,1,1
ONE TECH HOLDING,2025-10-23,1,1,-1.0,0.3526151937290423,0,1,1
ONE TECH HOLDING,2025-10-24,1,1,-1.0,0.3473755762541928,0,1,1
ONE TECH HOLDING,2025-10-29,0,1,-0.042999572368768155,0.3211057813014774,0,1,1
ONE TECH HOLDING,2025-10-30,0,1,-1.0,0.34049955882827926,0,1,1
ONE TECH HOLDING,2025-10-31,0,1,-1.0,0.32556524070570014,0,1,1
ONE TECH HOLDING,2025-11-05,0,1,-1.0,0.3505732437782943,0,1,1
ONE TECH HOLDING,2025-11-06,0,1,-1.0,0.3503825200003268,0,1,1
ONE TECH HOLDING,2025-11-07,0,1,-1.0,0.3582349423626833,0,1,1
ONE TECH HOLDING,2025-11-12,0,1,-0.03407586688140637,0.32199951131070853,0,1,1
ONE TECH HOLDING,2025-11-13,1,1,-0.03927749032072063,0.3194089503738271,0,1,1
ONE TECH HOLDING,2025-11-19,1,1,-0.02961392149934558,0.3172114749217066,0,1,1
ONE TECH HOLDING,2025-11-20,1,1,-1.0,0.31657537628653004,0,1,1
ONE TECH HOLDING,2025-11-21,1,1,-1.0,0.33258533653813094,0,1,1
ONE TECH HOLDING,2025-11-26,1,1,-0.006969339417161127,0.3093250805584731,0,1,1
ONE TECH HOLDING,2025-11-27,1,1,-1.0,0.3291482128276311,0,1,1
ONE TECH HOLDING,2025-11-28,1,1,1.0,0.3010473815150217,1,1,1
ONE TECH HOLDING,2025-12-03,1,1,1.0,0.33723329086400944,1,1,1
ONE TECH HOLDING,2025-12-04,0,1,0.0,0.0,0,1,1
POULINA GP HOLDING,2025-01-22,0,1,0.0,0.0,0,1,1
POULINA GP HOLDING,2025-01-23,0,1,0.0,0.0,0,1,1
POULINA GP HOLDING,2025-01-24,0,1,0.0,0.0,0,1,1
POULINA GP HOLDING,2025-01-29,0,1,0.0,0.0,0,1,1
POULINA GP HOLDING,2025-01-30,0,1,0.0,0.0,0,1,1
POULINA GP HOLDING,2025-02-05,0,1,0.0,0.0,0,1,1
POULINA GP HOLDING,2025-02-06,0,1,0.0,0.0,0,1,1
POULINA GP HOLDING,2025-02-07,0,1,0.0,0.0,0,1,1
POULINA GP HOLDING,2025-02-12,0,1,-1.0,0.308696720230993,0,1,1
POULINA GP HOLDING,2025-02-13,0,1,-1.0,0.31101497723780863,0,1,1
POULINA GP HOLDING,2025-02-14,0,1,-1.0,0.3102980519851114,0,1,1
POULINA GP HOLDING,2025-02-19,1,1,-1.0,0.32885322112385895,0,1,1
POULINA GP HOLDING,2025-02-20,1,1,-1.0,0.33964538726343224,0,1,1
POULINA GP HOLDING,2025-02-21,1,1,-1.0,0.34222260976849045,0,1,1
POULINA GP HOLDING,2025-02-26,1,1,-1.0,0.34448532584980546,0,1,1
POULINA GP HOLDING,2025-02-27,1,1,-1.0,0.3461981379551418,0,1,1
POULINA GP HOLDING,2025-02-28,1,1,-1.0,0.3046776462382557,0,1,1
POULINA GP HOLDING,2025-03-05,1,1,0.0,0.0,0,1,1
POULINA GP HOLDING,2025-03-06,1,1,0.0,0.0,0,1,1
POULINA GP HOLDING,2025-03-07,1,1,0.0,0.0,0,1,1
POULINA GP HOLDING,2025-03-12,1,1,-1.0,0.3621226686083975,0,1,1
POULINA GP HOLDING,2025-03-13,1,1,-0.2892500893936631,0.33873147412602994,0,1,1
POULINA GP HOLDING,2025-03-19,1,1,1.0,0.31118458474188776,1,1,1
POULINA GP HOLDING,2025-03-21,1,1,1.0,0.3109507308159227,1,1,1
POULINA GP HOLDING,2025-03-27,1,1,1.0,0.30177505079753475,1,1,1
POULINA GP HOLDING,2025-03-28,1,1,1.0,0.3024119129434774,1,1,1
POULINA GP HOLDING,2025-04-02,1,1,1.0,0.31019469613845596,1,1,1
POULINA GP HOLDING,2025-04-04,1,1,0.0,0.0,0,1,1
POULINA GP HOLDING,2025-04-10,1,1,0.0,0.0,0,1,1
POULINA GP HOLDING,2025-04-11,1,1,0.0,0.0,0,1,1
POULINA GP HOLDING,2025-04-16,1,1,0.0,0.0,0,1,1
POULINA GP HOLDING,2025-04-17,1,1,0.0,0.0,0,1,1
POULINA GP HOLDING,2025-04-18,0,1,0.0,0.0,0,1,1
POULINA GP HOLDING,2025-04-23,1,1,1.0,0.3035009608525101,1,1,1
POULINA GP HOLDING,2025-04-24,1,1,0.0,0.0,0,1,1
POULINA GP HOLDING,2025-05-02,1,1,0.0,0.0,0,1,1
POULINA GP HOLDING,2025-05-07,1,1,0.0,0.0,0,1,1
POULINA GP HOLDING,2025-05-08,0,1,0.0,0.0,0,1,1
POULINA GP HOLDING,2025-05-14,0,1,0.0,0.0,0,1,1
POULINA GP HOLDING,2025-05-15,1,1,0.0,0.0,0,1,1
POULINA GP HOLDING,2025-05-16,1,1,-1.0,0.3539065369828765,0,1,1
POULINA GP HOLDING,2025-05-21,1,1,-1.0,0.3304253318211037,0,1,1
POULINA GP HOLDING,2025-05-22,1,1,-0.025282055061764945,0.3093044654565078,0,1,1
POULINA GP HOLDING,2025-05-23,1,1,-0.0049150202009173504,0.310727272293153,0,1,1
POULINA GP HOLDING,2025-05-28,1,1,0.02371806576239281,0.32126020762992435,1,1,1
POULINA GP HOLDING,2025-05-29,1,1,0.3454911952628566,0.3193904677165937,1,1,1
POULINA GP HOLDING,2025-05-30,1,1,0.37516773549668986,0.3386247478219595,1,1,1
POULINA GP HOLDING,2025-06-04,0,1,0.33823178927347036,0.3410403443913344,1,1,1
POULINA GP HOLDING,2025-06-05,0,1,0.33706320343187673,0.34456011557059196,1,1,1
POULINA GP HOLDING,2025-06-11,0,1,0.4285590478339582,0.4043016736450944,1,1,1
POULINA GP HOLDING,2025-06-12,0,1,0.42564209050563423,0.39913549727822706,1,1,1
POULINA GP HOLDING,2025-06-13,0,1,1.0,0.39762552042845994,1,1,1
POULINA GP HOLDING,2025-06-18,1,1,1.0,0.4339781769144455,1,1,1
POULINA GP HOLDING,2025-06-19,1,1,1.0,0.4283665404056562,1,1,1
POULINA GP HOLDING,2025-06-25,1,1,1.0,0.4266307162729399,1,1,1
POULINA GP HOLDING,2025-06-27,1,1,1.0,0.42272661594448224,1,1,1
POULINA GP HOLDING,2025-07-02,1,1,1.0,0.351133507183255,1,1,1
POULINA GP HOLDING,2025-07-03,0,1,1.0,0.37264685179131857,1,1,1
POULINA GP HOLDING,2025-07-04,0,1,1.0,0.370686852048191,1,1,1
POULINA GP HOLDING,2025-07-09,0,1,0.0,0.0,0,1,1
POULINA GP HOLDING,2025-07-10,0,1,0.0,0.0,0,1,1
POULINA GP HOLDING,2025-07-11,0,1,0.0,0.0,0,1,1
POULINA GP HOLDING,2025-07-16,0,1,0.0,0.0,0,1,1
POULINA GP HOLDING,2025-07-17,0,1,0.0,0.0,0,1,1
POULINA GP HOLDING,2025-07-18,1,1,0.0,0.0,0,1,1
POULINA GP HOLDING,2025-07-23,0,1,0.0,0.0,0,1,1
POULINA GP HOLDING,2025-07-24,0,1,0.0,0.0,0,1,1
POULINA GP HOLDING,2025-07-30,0,1,0.0,0.0,0,1,1
POULINA GP HOLDING,2025-07-31,0,1,0.0,0.0,0,1,1
POULINA GP HOLDING,2025-08-01,0,1,0.0,0.0,0,1,1
POULINA GP HOLDING,2025-08-06,0,1,0.0,0.0,0,1,1
POULINA GP HOLDING,2025-08-08,1,1,0.0,0.0,0,1,1
POULINA GP HOLDING,2025-08-14,0,1,0.0,0.0,0,1,1
POULINA GP HOLDING,2025-08-15,1,1,0.0,0.0,0,1,1
POULINA GP HOLDING,2025-08-20,1,1,0.0,0.0,0,1,1
POULINA GP HOLDING,2025-08-21,1,1,0.0,0.0,0,1,1
POULINA GP HOLDING,2025-08-22,1,1,0.0,0.0,0,1,1
POULINA GP HOLDING,2025-08-27,0,1,0.0,0.0,0,1,1
POULINA GP HOLDING,2025-08-28,0,1,0.0,0.0,0,1,1
POULINA GP HOLDING,2025-09-03,0,1,0.0,0.0,0,1,1
POULINA GP HOLDING,2025-09-05,0,1,0.0,0.0,0,1,1
POULINA GP HOLDING,2025-09-10,0,1,0.0,0.0,0,1,1
POULINA GP HOLDING,2025-09-11,0,1,0.0,0.0,0,1,1
POULINA GP HOLDING,2025-09-17,0,1,0.0,0.0,0,1,1
POULINA GP HOLDING,2025-09-18,0,1,0.0,0.0,0,1,1
POULINA GP HOLDING,2025-09-19,0,1,0.0,0.0,0,1,1
POULINA GP HOLDING,2025-09-24,0,1,0.0,0.0,0,1,1
POULINA GP HOLDING,2025-09-25,0,1,0.0,0.0,0,1,1
POULINA GP HOLDING,2025-09-26,0,1,0.0,0.0,0,1,1
POULINA GP HOLDING,2025-10-01,0,1,0.0,0.0,0,1,1
POULINA GP HOLDING,2025-10-02,0,1,-1.0,0.32105601302669284,0,1,1
POULINA GP HOLDING,2025-10-03,0,1,0.0,0.0,0,1,1
POULINA GP HOLDING,2025-10-08,1,1,0.0,0.0,0,1,1
POULINA GP HOLDING,2025-10-10,1,1,0.0,0.0,0,1,1
POULINA GP HOLDING,2025-10-16,1,1,0.0,0.0,0,1,1
POULINA GP HOLDING,2025-10-17,1,1,0.0,0.0,0,1,1
POULINA GP HOLDING,2025-10-22,1,1,-1.0,0.31444305843523185,0,1,1
POULINA GP HOLDING,2025-10-23,1,1,-1.0,0.35325211818990837,0,1,1
POULINA GP HOLDING,2025-10-24,1,1,0.0,0.0,0,1,1
POULINA GP HOLDING,2025-10-29,1,1,0.0,0.0,0,1,1
POULINA GP HOLDING,2025-10-30,0,1,0.0,0.0,0,1,1
POULINA GP HOLDING,2025-10-31,0,1,0.0,0.0,0,1,1
POULINA GP HOLDING,2025-11-05,1,1,1.0,0.3086967361000695,1,1,1
POULINA GP HOLDING,2025-11-06,1,1,1.0,0.3235669154978035,1,1,1
POULINA GP HOLDING,2025-11-07,1,1,1.0,0.31940197696072964,1,1,1
POULINA GP HOLDING,2025-11-12,1,1,0.06914478477960481,0.34369951706293633,1,1,1
POULINA GP HOLDING,2025-11-13,1,1,0.06461455931678797,0.3445850930052467,1,1,1
POULINA GP HOLDING,2025-11-19,1,1,-0.2620289810956515,0.3341364081776896,0,1,1
POULINA GP HOLDING,2025-11-20,1,1,-0.26324557509927127,0.336773757602116,0,1,1
POULINA GP HOLDING,2025-11-21,1,1,-0.28053068434064304,0.3480518383135564,0,1,1
POULINA GP HOLDING,2025-11-26,1,1,-0.3046929239653327,0.3592565139658103,0,1,1
POULINA GP HOLDING,2025-11-27,0,1,-0.29770736053920976,0.3560257179870612,0,1,1
POULINA GP HOLDING,2025-11-28,1,1,-0.2878019925003175,0.35100952741144203,0,1,1
POULINA GP HOLDING,2025-12-03,0,1,-0.25416105583681137,0.34310349489277403,0,1,1
POULINA GP HOLDING,2025-12-04,0,1,-0.24475314002694556,0.35230977329463514,0,1,1
SAH,2025-01-22,0,0,-1.0,0.36970219198728155,0,0,0
SAH,2025-01-23,0,0,-1.0,0.36917151192132747,0,0,0
SAH,2025-01-24,0,0,-1.0,0.37261250848821614,0,0,0
SAH,2025-01-29,0,0,-0.4065234022268153,0.36276943338498,0,0,0
SAH,2025-01-30,1,0,-0.3730101111699287,0.36546033139514095,0,0,0
SAH,2025-02-05,1,0,-0.5126584734080368,0.3408391704055464,0,0,0
SAH,2025-02-06,1,0,0.22759177523988797,0.329891887310137,1,0,0
SAH,2025-02-07,1,0,0.26618034506514976,0.3397249279906846,1,0,0
SAH,2025-02-12,1,0,0.2724233937516183,0.35298419177022566,1,0,0
SAH,2025-02-13,1,0,0.2734041438780067,0.3518801087629082,1,0,0
SAH,2025-02-14,1,0,0.2779610821672484,0.3538377003886079,1,0,0
SAH,2025-02-19,1,0,-1.0,0.3019123397805027,0,0,0
SAH,2025-02-20,1,0,-1.0,0.31402224252717104,0,0,0
SAH,2025-02-21,1,0,-1.0,0.3173271581094909,0,0,0
SAH,2025-02-26,0,0,-1.0,0.31141504811507587,0,0,0
SAH,2025-02-27,1,0,-1.0,0.31419959812507536,0,0,0
SAH,2025-02-28,1,0,-1.0,0.3325393500035985,0,0,0
SAH,2025-03-05,1,0,-1.0,0.34562722413100755,0,0,0
SAH,2025-03-06,1,0,-1.0,0.43410841810069745,0,0,0
SAH,2025-03-07,1,0,-1.0,0.4641455598705455,0,0,0
SAH,2025-03-12,1,0,-1.0,0.42992176347284583,0,0,0
SAH,2025-03-13,1,0,-1.0,0.3583997437379462,0,0,0
SAH,2025-03-19,1,0,-1.0,0.35237449284610195,0,0,0
SAH,2025-03-21,0,0,-1.0,0.39328139436919685,0,0,0
SAH,2025-03-27,0,0,-1.0,0.35367749806523013,0,0,0
SAH,2025-03-28,0,0,-1.0,0.3573850125165299,0,0,0
SAH,2025-04-02,0,0,-1.0,0.3269353916810937,0,0,0
SAH,2025-04-04,0,0,0.0,0.0,0,0,0
SAH,2025-04-10,1,0,0.0,0.0,0,0,0
SAH,2025-04-11,1,0,0.0,0.0,0,0,0
SAH,2025-04-16,1,0,-1.0,0.3051812459123689,0,0,0
SAH,2025-04-17,1,0,0.0,0.0,0,0,0
SAH,2025-04-18,1,0,-1.0,0.3001385410465683,0,0,0
SAH,2025-04-23,0,0,0.0,0.0,0,0,0
SAH,2025-04-24,1,0,0.0,0.0,0,0,0
SAH,2025-05-02,1,0,0.0,0.0,0,0,0
SAH,2025-05-07,0,0,0.0,0.0,0,0,0
SAH,2025-05-08,0,0,0.0,0.0,0,0,0
SAH,2025-05-14,1,0,0.0,0.0,0,0,0
SAH,2025-05-15,1,0,0.0,0.0,0,0,0
SAH,2025-05-16,1,0,0.0,0.0,0,0,0
SAH,2025-05-21,0,0,0.0,0.0,0,0,0
SAH,2025-05-22,0,0,0.0,0.0,0,0,0
SAH,2025-05-23,1,0,0.0,0.0,0,0,0
SAH,2025-05-28,1,0,0.0,0.0,0,0,0
SAH,2025-05-29,1,0,0.0,0.0,0,0,0
SAH,2025-05-30,1,0,0.0,0.0,0,0,0
SAH,2025-06-04,0,0,-1.0,0.32687204461581093,0,0,0
SAH,2025-06-05,0,0,-1.0,0.3209273181746706,0,0,0
SAH,2025-06-11,1,0,0.0,0.0,0,0,0
SAH,2025-06-12,0,0,0.0,0.0,0,0,0
SAH,2025-06-13,0,0,-1.0,0.3573343152199769,0,0,0
SAH,2025-06-18,1,0,-0.04063610330883045,0.3344482357835863,0,0,0
SAH,2025-06-19,1,0,-0.035513040017636985,0.3349230837502139,0,0,0
SAH,2025-06-25,1,0,-0.27383374254616877,0.378911313556201,0,0,0
SAH,2025-06-27,1,0,0.2939221220234816,0.3693855172058386,1,0,0
SAH,2025-07-02,1,0,0.2902352109236486,0.3709710169059397,1,0,0
SAH,2025-07-03,1,0,0.28405402291130205,0.3780908367166071,1,0,0
SAH,2025-07-04,1,0,0.27839406745461487,0.37475369849225754,1,0,0
SAH,2025-07-09,0,0,0.311971198881235,0.3911444460333729,1,0,0
SAH,2025-07-10,0,0,0.32403010008198646,0.3949364802292539,1,0,0
SAH,2025-07-11,0,0,0.3184035279275386,0.39355534018790533,1,0,0
SAH,2025-07-16,0,0,0.35101115788761184,0.3696963124908619,1,0,0
SAH,2025-07-17,0,0,0.33693397518385737,0.36038626558084474,1,0,0
SAH,2025-07-18,0,0,0.5151403375669782,0.3616366941599391,1,0,0
SAH,2025-07-23,0,0,1.0,0.4789998414737908,1,0,0
SAH,2025-07-24,0,0,1.0,0.4655332250515409,1,0,0
SAH,2025-07-30,1,0,1.0,0.47078651185079373,1,0,0
SAH,2025-07-31,0,0,1.0,0.47253026919975183,1,0,0
SAH,2025-08-01,0,0,1.0,0.46957999603215433,1,0,0
SAH,2025-08-06,1,0,1.0,0.3988625643402427,1,0,0
SAH,2025-08-08,1,0,1.0,0.379197863109732,1,0,0
SAH,2025-08-14,1,0,1.0,0.3833478395989157,1,0,0
SAH,2025-08-15,1,0,1.0,0.39817795052509775,1,0,0
SAH,2025-08-20,1,0,1.0,0.4596572345071834,1,0,0
SAH,2025-08-21,1,0,1.0,0.4603080559458639,1,0,0
SAH,2025-08-22,0,0,1.0,0.44108573890403635,1,0,0
SAH,2025-08-27,1,0,1.0,0.41654941252991,1,0,0
SAH,2025-08-28,0,0,1.0,0.44483545759223103,1,0,0
SAH,2025-09-03,1,0,0.0,0.0,0,0,0
SAH,2025-09-05,1,0,0.0,0.0,0,0,0
SAH,2025-09-10,1,0,0.0,0.0,0,0,0
SAH,2025-09-11,1,0,0.0,0.0,0,0,0
SAH,2025-09-17,0,0,0.0,0.0,0,0,0
SAH,2025-09-18,0,0,0.0,0.0,0,0,0
SAH,2025-09-19,0,0,0.0,0.0,0,0,0
SAH,2025-09-24,0,0,-1.0,0.3316456761515316,0,0,0
SAH,2025-09-25,0,0,-1.0,0.3258832530464984,0,0,0
SAH,2025-09-26,0,0,-1.0,0.3255432283783646,0,0,0
SAH,2025-10-01,0,0,-1.0,0.33003203829342176,0,0,0
SAH,2025-10-02,0,0,-1.0,0.33298199821361185,0,0,0
SAH,2025-10-03,0,0,-1.0,0.315613556908691,0,0,0
SAH,2025-10-08,0,0,0.0,0.0,0,0,0
SAH,2025-10-10,1,0,0.0,0.0,0,0,0
SAH,2025-10-16,1,0,0.0,0.0,0,0,0
SAH,2025-10-17,1,0,0.0,0.0,0,0,0
SAH,2025-10-22,1,0,0.0,0.0,0,0,0
SAH,2025-10-23,1,0,0.0,0.0,0,0,0
SAH,2025-10-24,1,0,0.0,0.0,0,0,0
SAH,2025-10-29,1,0,0.0,0.0,0,0,0
SAH,2025-10-30,1,0,0.0,0.0,0,0,0
SAH,2025-10-31,1,0,0.0,0.0,0,0,0
SAH,2025-11-05,1,0,0.0,0.0,0,0,0
SAH,2025-11-06,1,0,0.0,0.0,0,0,0
SAH,2025-11-07,1,0,0.0,0.0,0,0,0
SAH,2025-11-12,1,0,0.0,0.0,0,0,0
SAH,2025-11-13,1,0,0.0,0.0,0,0,0
SAH,2025-11-19,1,0,1.0,0.3112312775990812,1,0,0
SAH,2025-11-20,1,0,1.0,0.31427232701390156,1,0,0
SAH,2025-11-21,1,0,1.0,0.3234427542857245,1,0,0
SAH,2025-11-26,1,0,1.0,0.3377509025951241,1,0,0
SAH,2025-11-27,1,0,1.0,0.3378982804878226,1,0,0
SAH,2025-11-28,1,0,1.0,0.33814708913265773,1,0,0
SAH,2025-12-03,1,0,1.0,0.34056980736802345,1,0,0
SAH,2025-12-04,1,0,1.0,0.3569231770292078,1,0,0
SFBT,2025-01-22,1,0,0.013459171672230957,0.3298515889497447,1,0,0
SFBT,2025-01-23,1,0,0.012594316134512947,0.32964897481718736,1,0,0
SFBT,2025-01-24,1,0,-0.0003460852311567773,0.33347851860406186,0,0,0
SFBT,2025-01-29,0,0,-1.0,0.3561081466355985,0,0,0
SFBT,2025-01-30,0,0,-1.0,0.3318434660051636,0,0,0
SFBT,2025-02-05,0,0,0.0,0.0,0,0,0
SFBT,2025-02-06,1,0,0.0,0.0,0,0,0
SFBT,2025-02-07,1,0,-1.0,0.32409469222062226,0,0,0
SFBT,2025-02-12,1,0,-1.0,0.3233684639268236,0,0,0
SFBT,2025-02-13,0,0,-1.0,0.3078620719895202,0,0,0
SFBT,2025-02-14,1,0,0.0,0.0,0,0,0
SFBT,2025-02-19,1,0,0.0,0.0,0,0,0
SFBT,2025-02-20,0,0,0.0,0.0,0,0,0
SFBT,2025-02-21,0,0,0.0,0.0,0,0,0
SFBT,2025-02-26,0,0,0.0,0.0,0,0,0
SFBT,2025-02-27,0,0,-1.0,0.31924642661604385,0,0,0
SFBT,2025-02-28,0,0,-1.0,0.31834963024117524,0,0,0
SFBT,2025-03-05,0,0,-1.0,0.31394490134294606,0,0,0
SFBT,2025-03-06,0,0,-1.0,0.32208714080115586,0,0,0
SFBT,2025-03-07,0,0,-1.0,0.32433141333869503,0,0,0
SFBT,2025-03-12,0,0,-1.0,0.3170432282748923,0,0,0
SFBT,2025-03-13,0,0,-1.0,0.31614552838480253,0,0,0
SFBT,2025-03-19,1,0,-1.0,0.3339594486364935,0,0,0
SFBT,2025-03-21,1,0,-1.0,0.33078189604732666,0,0,0
SFBT,2025-03-27,1,0,-1.0,0.31154600586906944,0,0,0
SFBT,2025-03-28,0,0,-1.0,0.3101369608689102,0,0,0
SFBT,2025-04-02,0,0,-1.0,0.32046473308530177,0,0,0
SFBT,2025-04-04,0,0,-1.0,0.32320545452754146,0,0,0
SFBT,2025-04-10,0,0,-1.0,0.31995222913147725,0,0,0
SFBT,2025-04-11,0,0,0.0,0.0,0,0,0
SFBT,2025-04-16,0,0,0.0,0.0,0,0,0
SFBT,2025-04-17,1,0,0.0,0.0,0,0,0
SFBT,2025-04-18,1,0,0.0,0.0,0,0,0
SFBT,2025-04-23,1,0,0.0,0.0,0,0,0
SFBT,2025-04-24,1,0,0.0,0.0,0,0,0
SFBT,2025-05-02,0,0,-0.011495672518926154,0.3265780651619286,0,0,0
SFBT,2025-05-07,1,0,0.0,0.0,0,0,0
SFBT,2025-05-08,1,0,0.0,0.0,0,0,0
SFBT,2025-05-14,1,0,-1.0,0.31431426962444303,0,0,0
SFBT,2025-05-15,1,0,-1.0,0.3104570108045688,0,0,0
SFBT,2025-05-16,1,0,-1.0,0.31756647286667156,0,0,0
SFBT,2025-05-21,0,0,-1.0,0.3867903016482365,0,0,0
SFBT,2025-05-22,0,0,-1.0,0.3603458504496994,0,0,0
SFBT,2025-05-23,0,0,-1.0,0.4009339171380579,0,0,0
SFBT,2025-05-28,0,0,-1.0,0.3872780360550332,0,0,0
SFBT,2025-05-29,0,0,-1.0,0.39289959470430735,0,0,0
SFBT,2025-05-30,1,0,-1.0,0.39987720080302014,0,0,0
SFBT,2025-06-04,1,0,-1.0,0.3726381141626761,0,0,0
SFBT,2025-06-05,0,0,-1.0,0.3653908442632772,0,0,0
SFBT,2025-06-11,1,0,-1.0,0.3780962109182598,0,0,0
SFBT,2025-06-12,1,0,-1.0,0.36345085488481643,0,0,0
SFBT,2025-06-13,1,0,-1.0,0.3544153844816064,0,0,0
SFBT,2025-06-18,1,0,-1.0,0.3581963461380679,0,0,0
SFBT,2025-06-19,1,0,-1.0,0.3615213544246523,0,0,0
SFBT,2025-06-25,1,0,0.11081089800275119,0.34429866548085386,1,0,0
SFBT,2025-06-27,1,0,1.0,0.37172840695981846,1,0,0
SFBT,2025-07-02,1,0,1.0,0.33807152908032456,1,0,0
SFBT,2025-07-03,1,0,1.0,0.34085687482041865,1,0,0
SFBT,2025-07-04,1,0,1.0,0.354724810545066,1,0,0
SFBT,2025-07-09,0,0,1.0,0.3368855602022696,1,0,0
SFBT,2025-07-10,0,0,1.0,0.33972706729545543,1,0,0
SFBT,2025-07-11,0,0,1.0,0.3410038695847304,1,0,0
SFBT,2025-07-16,1,0,0.033011788764177444,0.3337661027089014,1,0,0
SFBT,2025-07-17,0,0,0.031209296340602835,0.33369400878114625,1,0,0
SFBT,2025-07-18,0,0,0.06384077770789395,0.3297518202303097,1,0,0
SFBT,2025-07-23,0,0,0.06995857163176114,0.33108650583483745,1,0,0
SFBT,2025-07-24,0,0,0.06876433239159555,0.33192285800219834,1,0,0
SFBT,2025-07-30,0,0,0.05710187818430546,0.33697686473817345,1,0,0
SFBT,2025-07-31,0,0,0.03568719142589865,0.34167029269965876,1,0,0
SFBT,2025-08-01,0,0,0.023657332239579852,0.34218089963249304,1,0,0
SFBT,2025-08-06,1,0,0.0,0.0,0,0,0
SFBT,2025-08-08,0,0,-1.0,0.3070633361322445,0,0,0
SFBT,2025-08-14,1,0,0.0,0.0,0,0,0
SFBT,2025-08-15,1,0,0.0,0.0,0,0,0
SFBT,2025-08-20,1,0,0.0,0.0,0,0,0
SFBT,2025-08-21,1,0,0.0,0.0,0,0,0
SFBT,2025-08-22,1,0,0.0,0.0,0,0,0
SFBT,2025-08-27,1,0,0.0,0.0,0,0,0
SFBT,2025-08-28,1,0,0.0,0.0,0,0,0
SFBT,2025-09-03,1,0,0.0,0.0,0,0,0
SFBT,2025-09-05,1,0,0.0,0.0,0,0,0
SFBT,2025-09-10,1,0,0.0,0.0,0,0,0
SFBT,2025-09-11,1,0,0.0,0.0,0,0,0
SFBT,2025-09-17,0,0,0.0,0.0,0,0,0
SFBT,2025-09-18,1,0,0.0,0.0,0,0,0
SFBT,2025-09-19,0,0,0.0,0.0,0,0,0
SFBT,2025-09-24,0,0,0.0,0.0,0,0,0
SFBT,2025-09-25,0,0,0.0,0.0,0,0,0
SFBT,2025-09-26,0,0,0.0,0.0,0,0,0
SFBT,2025-10-01,1,0,0.0,0.0,0,0,0
SFBT,2025-10-02,0,0,0.0,0.0,0,0,0
SFBT,2025-10-03,0,0,0.0,0.0,0,0,0
SFBT,2025-10-08,0,0,0.0,0.0,0,0,0
SFBT,2025-10-10,0,0,0.0,0.0,0,0,0
SFBT,2025-10-16,0,0,0.0,0.0,0,0,0
SFBT,2025-10-17,0,0,0.0,0.0,0,0,0
SFBT,2025-10-22,0,0,-0.0314002201076611,0.3170203769395267,0,0,0
SFBT,2025-10-23,0,0,-1.0,0.3291872708477478,0,0,0
SFBT,2025-10-24,0,0,-1.0,0.33020444356826145,0,0,0
SFBT,2025-10-29,0,0,-1.0,0.33694333269672855,0,0,0
SFBT,2025-10-30,0,0,-0.043934651441709334,0.31701763998607047,0,0,0
SFBT,2025-10-31,0,0,-0.023308351261774444,0.31432046326697294,0,0,0
SFBT,2025-11-05,0,0,-0.33574670139086743,0.3122313615088901,0,0,0
SFBT,2025-11-06,0,0,-1.0,0.3389750767011961,0,0,0
SFBT,2025-11-07,0,0,-1.0,0.33649320339968425,0,0,0
SFBT,2025-11-12,0,0,-1.0,0.3392458225132571,0,0,0
SFBT,2025-11-13,0,0,-1.0,0.33685683767704133,0,0,0
SFBT,2025-11-19,0,0,-0.35414528957638497,0.3336382896848427,0,0,0
SFBT,2025-11-20,0,0,-0.054110261826896176,0.35307438664971946,0,0,0
SFBT,2025-11-21,0,0,-0.06559598813514417,0.3524965663070003,0,0,0
SFBT,2025-11-26,1,0,-0.044767682006910114,0.3586351309108397,0,0,0
SFBT,2025-11-27,1,0,0.2790882287722667,0.3468305709244291,1,0,0
SFBT,2025-11-28,1,0,0.280537163134675,0.34746518267020526,1,0,0
SFBT,2025-12-03,1,0,0.27066919625697344,0.3508695190936851,1,0,0
SFBT,2025-12-04,1,0,-0.060003118914706756,0.3765283968565409,0,0,0
SIAME,2025-01-22,0,0,-0.5982701239418495,0.3600154368062225,0,0,0
SIAME,2025-01-23,0,0,-0.5987085173742588,0.35971240352851364,0,0,0
SIAME,2025-01-24,0,0,-0.6016607516886702,0.3609441663605911,0,0,0
SIAME,2025-01-29,0,0,-0.5393845508577967,0.37580322819493267,0,0,0
SIAME,2025-01-30,0,0,-0.5268900688940075,0.3657541965921021,0,0,0
SIAME,2025-02-05,0,0,-0.6545132449250511,0.36597687455103267,0,0,0
SIAME,2025-02-06,0,0,-1.0,0.3964617785475915,0,0,0
SIAME,2025-02-07,0,0,-1.0,0.3992777614177765,0,0,0
SIAME,2025-02-12,0,0,-1.0,0.40119675913699226,0,0,0
SIAME,2025-02-13,0,0,-1.0,0.40070479870328307,0,0,0
SIAME,2025-02-14,0,0,-1.0,0.4062740250769102,0,0,0
SIAME,2025-02-19,1,0,-1.0,0.4313874534300505,0,0,0
SIAME,2025-02-20,1,0,-0.4167595299836574,0.3464408197876774,0,0,0
SIAME,2025-02-21,1,0,-0.5944816291854805,0.3753686902633759,0,0,0
SIAME,2025-02-26,1,0,-1.0,0.42745621410597917,0,0,0
SIAME,2025-02-27,1,0,-1.0,0.44551457467225974,0,0,0
SIAME,2025-02-28,0,0,-0.44318261756164673,0.37923047247212077,0,0,0
SIAME,2025-03-05,0,0,-0.13607424069663182,0.4146510530771593,0,0,0
SIAME,2025-03-06,0,0,-0.11324989492915902,0.4168173393046407,0,0,0
SIAME,2025-03-07,1,0,0.16859664574541902,0.4118789461119777,1,0,0
SIAME,2025-03-12,1,0,0.20613425900434992,0.3861199123368125,1,0,0
SIAME,2025-03-13,1,0,-1.0,0.42899633961313427,0,0,0
SIAME,2025-03-19,1,0,-0.02401741725962934,0.34859703040501233,0,0,0
SIAME,2025-03-21,1,0,-0.02389556100039271,0.34747411579239385,0,0,0
SIAME,2025-03-27,0,0,0.015124350543141428,0.35392241724446427,1,0,0
SIAME,2025-03-28,0,0,0.011902466098587163,0.34490001709957896,1,0,0
SIAME,2025-04-02,0,0,-0.011702840478425172,0.33324388920249176,0,0,0
SIAME,2025-04-04,0,0,-1.0,0.3448991777669322,0,0,0
SIAME,2025-04-10,0,0,-1.0,0.30412034713846514,0,0,0
SIAME,2025-04-11,0,0,-1.0,0.3015804957611891,0,0,0
SIAME,2025-04-16,0,0,1.0,0.30007461347252007,1,0,0
SIAME,2025-04-17,0,0,1.0,0.3153054295390848,1,0,0
SIAME,2025-04-18,0,0,1.0,0.3153054295390848,1,0,0
SIAME,2025-04-23,0,0,0.0,0.0,0,0,0
SIAME,2025-04-24,0,0,0.0,0.0,0,0,0
SIAME,2025-05-02,1,0,1.0,0.32282383067296255,1,0,0
SIAME,2025-05-07,1,0,0.0,0.0,0,0,0
SIAME,2025-05-08,1,0,0.0,0.0,0,0,0
SIAME,2025-05-14,1,0,0.0,0.0,0,0,0
SIAME,2025-05-15,1,0,0.0,0.0,0,0,0
SIAME,2025-05-16,0,0,0.0,0.0,0,0,0
SIAME,2025-05-21,1,0,0.0,0.0,0,0,0
SIAME,2025-05-22,0,0,0.0,0.0,0,0,0
SIAME,2025-05-23,0,0,0.0,0.0,0,0,0
SIAME,2025-05-28,0,0,0.0,0.0,0,0,0
SIAME,2025-05-29,0,0,1.0,0.3023153858556572,1,0,0
SIAME,2025-05-30,0,0,0.0,0.0,0,0,0
SIAME,2025-06-04,0,0,0.0,0.0,0,0,0
SIAME,2025-06-05,0,0,1.0,0.3158492361272971,1,0,0
SIAME,2025-06-11,0,0,1.0,0.3008416613117109,1,0,0
SIAME,2025-06-12,0,0,1.0,0.30572938155072865,1,0,0
SIAME,2025-06-13,0,0,0.0,0.0,0,0,0
SIAME,2025-06-18,0,0,1.0,0.33756528594634677,1,0,0
SIAME,2025-06-19,1,0,1.0,0.30689103576823695,1,0,0
SIAME,2025-06-25,0,0,0.0,0.0,0,0,0
SIAME,2025-06-27,0,0,0.0,0.0,0,0,0
SIAME,2025-07-02,0,0,0.0,0.0,0,0,0
SIAME,2025-07-03,0,0,0.0,0.0,0,0,0
SIAME,2025-07-04,0,0,0.0,0.0,0,0,0
SIAME,2025-07-09,0,0,0.0,0.0,0,0,0
SIAME,2025-07-10,0,0,0.0,0.0,0,0,0
SIAME,2025-07-11,0,0,0.0,0.0,0,0,0
SIAME,2025-07-16,1,0,0.0,0.0,0,0,0
SIAME,2025-07-17,1,0,0.0,0.0,0,0,0
SIAME,2025-07-18,1,0,0.0,0.0,0,0,0
SIAME,2025-07-23,0,0,0.0,0.0,0,0,0
SIAME,2025-07-24,0,0,1.0,0.325389005915833,1,0,0
SIAME,2025-07-30,0,0,1.0,0.30919413162721654,1,0,0
SIAME,2025-07-31,0,0,1.0,0.33351824372538497,1,0,0
SIAME,2025-08-01,1,0,1.0,0.3108242997962686,1,0,0
SIAME,2025-08-06,0,0,1.0,0.3134672389125519,1,0,0
SIAME,2025-08-08,0,0,0.0,0.0,0,0,0
SIAME,2025-08-14,0,0,0.0,0.0,0,0,0
SIAME,2025-08-15,0,0,0.0,0.0,0,0,0
SIAME,2025-08-20,0,0,0.0,0.0,0,0,0
SIAME,2025-08-21,1,0,1.0,0.33130786435028636,1,0,0
SIAME,2025-08-22,0,0,1.0,0.3291994501715002,1,0,0
SIAME,2025-08-27,1,0,1.0,0.3170338799359642,1,0,0
SIAME,2025-08-28,1,0,1.0,0.3110047802990336,1,0,0
SIAME,2025-09-03,0,0,1.0,0.317251888837591,1,0,0
SIAME,2025-09-05,0,0,1.0,0.3093718655960422,1,0,0
SIAME,2025-09-10,0,0,0.0,0.0,0,0,0
SIAME,2025-09-11,0,0,0.0,0.0,0,0,0
SIAME,2025-09-17,0,0,0.0,0.0,0,0,0
SIAME,2025-09-18,0,0,1.0,0.3110939119966338,1,0,0
SIAME,2025-09-19,0,0,1.0,0.30506875427442925,1,0,0
SIAME,2025-09-24,1,0,1.0,0.30799293001626793,1,0,0
SIAME,2025-09-25,0,0,1.0,0.3081368873045556,1,0,0
SIAME,2025-09-26,0,0,1.0,0.30829066430730445,1,0,0
SIAME,2025-10-01,0,0,0.0,0.0,0,0,0
SIAME,2025-10-02,0,0,0.0,0.0,0,0,0
SIAME,2025-10-03,1,0,0.0,0.0,0,0,0
SIAME,2025-10-08,1,0,1.0,0.3997615115606308,1,0,0
SIAME,2025-10-10,1,0,1.0,0.39390753381202226,1,0,0
SIAME,2025-10-16,1,0,1.0,0.3858754994570991,1,0,0
SIAME,2025-10-17,1,0,1.0,0.3781523619127817,1,0,0
SIAME,2025-10-22,1,0,0.0,0.0,0,0,0
SIAME,2025-10-23,1,0,0.0,0.0,0,0,0
SIAME,2025-10-24,1,0,0.0,0.0,0,0,0
SIAME,2025-10-29,1,0,0.0,0.0,0,0,0
SIAME,2025-10-30,1,0,0.0,0.0,0,0,0
SIAME,2025-10-31,1,0,0.0,0.0,0,0,0
SIAME,2025-11-05,1,0,0.0,0.0,0,0,0
SIAME,2025-11-06,1,0,1.0,0.3316763433013636,1,0,0
SIAME,2025-11-07,1,0,1.0,0.3139112031048705,1,0,0
SIAME,2025-11-12,0,0,0.0,0.0,0,0,0
SIAME,2025-11-13,0,0,1.0,0.30320425699773657,1,0,0
SIAME,2025-11-19,0,0,0.0,0.0,0,0,0
SIAME,2025-11-20,1,0,0.0,0.0,0,0,0
SIAME,2025-11-21,1,0,0.0,0.0,0,0,0
SIAME,2025-11-26,1,0,1.0,0.3386846181583706,1,0,0
SIAME,2025-11-27,1,0,1.0,0.35961643899308565,1,0,0
SIAME,2025-11-28,1,0,1.0,0.3584834945654897,1,0,0
SIAME,2025-12-03,0,0,1.0,0.37472568469833417,1,0,0
SIAME,2025-12-04,0,0,1.0,0.38818034756303,1,0,0
SMART TUNISIE,2025-01-22,0,0,0.0,0.0,0,0,0
SMART TUNISIE,2025-01-23,0,0,0.0,0.0,0,0,0
SMART TUNISIE,2025-01-24,0,0,0.0,0.0,0,0,0
SMART TUNISIE,2025-01-29,0,0,0.0,0.0,0,0,0
SMART TUNISIE,2025-01-30,0,0,0.0,0.0,0,0,0
SMART TUNISIE,2025-02-05,0,0,0.0,0.0,0,0,0
SMART TUNISIE,2025-02-06,1,0,1.0,0.3339094531846647,1,0,0
SMART TUNISIE,2025-02-07,0,0,1.0,0.3463526769618909,1,0,0
SMART TUNISIE,2025-02-12,0,0,1.0,0.33834950158773447,1,0,0
SMART TUNISIE,2025-02-13,0,0,1.0,0.3376734327396918,1,0,0
SMART TUNISIE,2025-02-14,1,0,0.0,0.0,0,0,0
SMART TUNISIE,2025-02-19,0,0,0.0,0.0,0,0,0
SMART TUNISIE,2025-02-20,0,0,0.0,0.0,0,0,0
SMART TUNISIE,2025-02-21,0,0,0.0,0.0,0,0,0
SMART TUNISIE,2025-02-26,1,0,0.0,0.0,0,0,0
SMART TUNISIE,2025-02-27,1,0,0.0,0.0,0,0,0
SMART TUNISIE,2025-02-28,1,0,0.0,0.0,0,0,0
SMART TUNISIE,2025-03-05,1,0,0.0,0.0,0,0,0
SMART TUNISIE,2025-03-06,1,0,0.0,0.0,0,0,0
SMART TUNISIE,2025-03-07,1,0,0.0,0.0,0,0,0
SMART TUNISIE,2025-03-12,1,0,0.0,0.0,0,0,0
SMART TUNISIE,2025-03-13,0,0,0.0,0.0,0,0,0
SMART TUNISIE,2025-03-19,0,0,0.0,0.0,0,0,0
SMART TUNISIE,2025-03-21,0,0,0.0,0.0,0,0,0
SMART TUNISIE,2025-03-27,0,0,0.0,0.0,0,0,0
SMART TUNISIE,2025-03-28,0,0,0.0,0.0,0,0,0
SMART TUNISIE,2025-04-02,0,0,1.0,0.3004949831825423,1,0,0
SMART TUNISIE,2025-04-04,1,0,0.0,0.0,0,0,0
SMART TUNISIE,2025-04-10,0,0,0.0,0.0,0,0,0
SMART TUNISIE,2025-04-11,0,0,0.0,0.0,0,0,0
SMART TUNISIE,2025-04-16,0,0,0.0,0.0,0,0,0
SMART TUNISIE,2025-04-17,0,0,0.0,0.0,0,0,0
SMART TUNISIE,2025-04-18,0,0,0.0,0.0,0,0,0
SMART TUNISIE,2025-04-23,1,0,0.0,0.0,0,0,0
SMART TUNISIE,2025-04-24,1,0,0.0,0.0,0,0,0
SMART TUNISIE,2025-05-02,0,0,1.0,0.37838751927025394,1,0,0
SMART TUNISIE,2025-05-07,0,0,1.0,0.3821382282488904,1,0,0
SMART TUNISIE,2025-05-08,0,0,1.0,0.3844785514713368,1,0,0
SMART TUNISIE,2025-05-14,1,0,1.0,0.43976168272957644,1,0,0
SMART TUNISIE,2025-05-15,1,0,1.0,0.4411536444812048,1,0,0
SMART TUNISIE,2025-05-16,1,0,1.0,0.4482221706127982,1,0,0
SMART TUNISIE,2025-05-21,0,0,1.0,0.5251128410642544,1,0,0
SMART TUNISIE,2025-05-22,1,0,1.0,0.5103979074881746,1,0,0
SMART TUNISIE,2025-05-23,0,0,1.0,0.49081823078279174,1,0,0
SMART TUNISIE,2025-05-28,1,0,1.0,0.46987523820586113,1,0,0
SMART TUNISIE,2025-05-29,1,0,1.0,0.4583685526793611,1,0,0
SMART TUNISIE,2025-05-30,1,0,1.0,0.4583242599981881,1,0,0
SMART TUNISIE,2025-06-04,1,0,1.0,0.4309736034339652,1,0,0
SMART TUNISIE,2025-06-05,0,0,1.0,0.4229793197393821,1,0,0
SMART TUNISIE,2025-06-11,0,0,1.0,0.3649902885943966,1,0,0
SMART TUNISIE,2025-06-12,0,0,1.0,0.4034993632360467,1,0,0
SMART TUNISIE,2025-06-13,0,0,1.0,0.4030496935489477,1,0,0
SMART TUNISIE,2025-06-18,0,0,1.0,0.3729233224926672,1,0,0
SMART TUNISIE,2025-06-19,1,0,1.0,0.39029390355344346,1,0,0
SMART TUNISIE,2025-06-25,1,0,1.0,0.3261997320765837,1,0,0
SMART TUNISIE,2025-06-27,1,0,0.0,0.0,0,0,0
SMART TUNISIE,2025-07-02,1,0,0.0,0.0,0,0,0
SMART TUNISIE,2025-07-03,1,0,0.0,0.0,0,0,0
SMART TUNISIE,2025-07-04,1,0,0.0,0.0,0,0,0
SMART TUNISIE,2025-07-09,1,0,0.0,0.0,0,0,0
SMART TUNISIE,2025-07-10,1,0,0.0,0.0,0,0,0
SMART TUNISIE,2025-07-11,1,0,0.0,0.0,0,0,0
SMART TUNISIE,2025-07-16,1,0,0.0,0.0,0,0,0
SMART TUNISIE,2025-07-17,1,0,0.0,0.0,0,0,0
SMART TUNISIE,2025-07-18,1,0,0.0,0.0,0,0,0
SMART TUNISIE,2025-07-23,1,0,0.0,0.0,0,0,0
SMART TUNISIE,2025-07-24,1,0,0.0,0.0,0,0,0
SMART TUNISIE,2025-07-30,0,0,0.0,0.0,0,0,0
SMART TUNISIE,2025-07-31,0,0,0.0,0.0,0,0,0
SMART TUNISIE,2025-08-01,0,0,0.0,0.0,0,0,0
SMART TUNISIE,2025-08-06,1,0,0.0,0.0,0,0,0
SMART TUNISIE,2025-08-08,0,0,0.0,0.0,0,0,0
SMART TUNISIE,2025-08-14,0,0,0.0,0.0,0,0,0
SMART TUNISIE,2025-08-15,0,0,0.0,0.0,0,0,0
SMART TUNISIE,2025-08-20,0,0,-1.0,0.30353892586617415,0,0,0
SMART TUNISIE,2025-08-21,1,0,-1.0,0.30487373813867397,0,0,0
SMART TUNISIE,2025-08-22,1,0,-1.0,0.3054069060701693,0,0,0
SMART TUNISIE,2025-08-27,1,0,-1.0,0.3035785548354448,0,0,0
SMART TUNISIE,2025-08-28,1,0,-1.0,0.3135518429435026,0,0,0
SMART TUNISIE,2025-09-03,0,0,-1.0,0.3173944499919418,0,0,0
SMART TUNISIE,2025-09-05,0,0,-1.0,0.35335732315282437,0,0,0
SMART TUNISIE,2025-09-10,0,0,-1.0,0.3494578784120382,0,0,0
SMART TUNISIE,2025-09-11,0,0,-1.0,0.3495123509653233,0,0,0
SMART TUNISIE,2025-09-17,1,0,0.0,0.0,0,0,0
SMART TUNISIE,2025-09-18,1,0,1.0,0.3141214963453109,1,0,0
SMART TUNISIE,2025-09-19,1,0,0.052112823127314835,0.31805882118189377,1,0,0
SMART TUNISIE,2025-09-24,1,0,0.36655558556407436,0.3494869935344071,1,0,0
SMART TUNISIE,2025-09-25,0,0,0.3862415603373635,0.3616760775547643,1,0,0
SMART TUNISIE,2025-09-26,0,0,0.37823748464618107,0.35851660285973114,1,0,0
SMART TUNISIE,2025-10-01,0,0,1.0,0.3882656285411929,1,0,0
SMART TUNISIE,2025-10-02,0,0,1.0,0.3589300419421246,1,0,0
SMART TUNISIE,2025-10-03,0,0,1.0,0.3664041268252715,1,0,0
SMART TUNISIE,2025-10-08,0,0,1.0,0.35266180035963296,1,0,0
SMART TUNISIE,2025-10-10,1,0,1.0,0.3575302609141003,1,0,0
SMART TUNISIE,2025-10-16,1,0,1.0,0.34843965666004434,1,0,0
SMART TUNISIE,2025-10-17,1,0,1.0,0.3570082423755343,1,0,0
SMART TUNISIE,2025-10-22,1,0,1.0,0.35212617216429093,1,0,0
SMART TUNISIE,2025-10-23,1,0,1.0,0.3417738514991848,1,0,0
SMART TUNISIE,2025-10-24,1,0,1.0,0.34891833549167833,1,0,0
SMART TUNISIE,2025-10-29,1,0,1.0,0.3448584965496911,1,0,0
SMART TUNISIE,2025-10-30,1,0,1.0,0.34341558707013603,1,0,0
SMART TUNISIE,2025-10-31,0,0,1.0,0.3316547451904958,1,0,0
SMART TUNISIE,2025-11-05,0,0,1.0,0.3755733330143806,1,0,0
SMART TUNISIE,2025-11-06,0,0,1.0,0.3813910011580979,1,0,0
SMART TUNISIE,2025-11-07,0,0,1.0,0.36185697198738165,1,0,0
SMART TUNISIE,2025-11-12,0,0,1.0,0.34026611657850764,1,0,0
SMART TUNISIE,2025-11-13,0,0,1.0,0.3399976231034288,1,0,0
SMART TUNISIE,2025-11-19,0,0,1.0,0.32470473210102435,1,0,0
SMART TUNISIE,2025-11-20,0,0,1.0,0.3238397077225675,1,0,0
SMART TUNISIE,2025-11-21,0,0,0.23286634975457846,0.3203497734906061,1,0,0
SMART TUNISIE,2025-11-26,1,0,0.5109274014314699,0.31761776988710805,1,0,0
SMART TUNISIE,2025-11-27,1,0,1.0,0.3158329723986574,1,0,0
SMART TUNISIE,2025-11-28,1,0,1.0,0.3128093939383838,1,0,0
SMART TUNISIE,2025-12-03,1,0,1.0,0.38419467040991867,1,0,0
SMART TUNISIE,2025-12-04,1,0,1.0,0.3827771318878659,1,0,0
SOTETEL,2025-01-22,0,0,1.0,0.3798975759550839,1,0,0
SOTETEL,2025-01-23,0,0,0.0,0.0,0,0,0
SOTETEL,2025-01-24,0,0,0.0,0.0,0,0,0
SOTETEL,2025-01-29,0,0,0.0,0.0,0,0,0
SOTETEL,2025-01-30,0,0,0.0,0.0,0,0,0
SOTETEL,2025-02-05,0,0,-1.0,0.3203238831605937,0,0,0
SOTETEL,2025-02-06,1,0,-1.0,0.3057212123214512,0,0,0
SOTETEL,2025-02-07,1,0,0.0,0.0,0,0,0
SOTETEL,2025-02-12,0,0,0.0,0.0,0,0,0
SOTETEL,2025-02-13,0,0,1.0,0.30016182400912855,1,0,0
SOTETEL,2025-02-14,1,0,0.0,0.0,0,0,0
SOTETEL,2025-02-19,0,0,0.0,0.0,0,0,0
SOTETEL,2025-02-20,0,0,0.0,0.0,0,0,0
SOTETEL,2025-02-21,1,0,0.0,0.0,0,0,0
SOTETEL,2025-02-26,1,0,0.0,0.0,0,0,0
SOTETEL,2025-02-27,1,0,0.0,0.0,0,0,0
SOTETEL,2025-02-28,0,0,0.0,0.0,0,0,0
SOTETEL,2025-03-05,1,0,0.0,0.0,0,0,0
SOTETEL,2025-03-06,0,0,0.0,0.0,0,0,0
SOTETEL,2025-03-07,0,0,0.0,0.0,0,0,0
SOTETEL,2025-03-12,0,0,1.0,0.3071137921609451,1,0,0
SOTETEL,2025-03-13,0,0,1.0,0.31784300929233283,1,0,0
SOTETEL,2025-03-19,0,0,0.0,0.0,0,0,0
SOTETEL,2025-03-21,0,0,0.0,0.0,0,0,0
SOTETEL,2025-03-27,0,0,1.0,0.3066686180738095,1,0,0
SOTETEL,2025-03-28,0,0,1.0,0.31432376116367405,1,0,0
SOTETEL,2025-04-02,0,0,0.0,0.0,0,0,0
SOTETEL,2025-04-04,0,0,-1.0,0.3111619299328557,0,0,0
SOTETEL,2025-04-10,0,0,0.0,0.0,0,0,0
SOTETEL,2025-04-11,1,0,-1.0,0.3913524072130994,0,0,0
SOTETEL,2025-04-16,1,0,-1.0,0.4594732415580128,0,0,0
SOTETEL,2025-04-17,1,0,-1.0,0.4750322666306621,0,0,0
SOTETEL,2025-04-18,1,0,-1.0,0.46156238637554337,0,0,0
SOTETEL,2025-04-23,0,0,-1.0,0.4179208895056492,0,0,0
SOTETEL,2025-04-24,0,0,-1.0,0.37845532861151715,0,0,0
SOTETEL,2025-05-02,0,0,-1.0,0.42889146636339326,0,0,0
SOTETEL,2025-05-07,1,0,-1.0,0.42100267806935987,0,0,0
SOTETEL,2025-05-08,1,0,-1.0,0.40696516302010644,0,0,0
SOTETEL,2025-05-14,0,0,-1.0,0.3652121032785323,0,0,0
SOTETEL,2025-05-15,1,0,-1.0,0.39811431328152275,0,0,0
SOTETEL,2025-05-16,0,0,-1.0,0.39840080706832526,0,0,0
SOTETEL,2025-05-21,0,0,-1.0,0.3644539627726862,0,0,0
SOTETEL,2025-05-22,1,0,-1.0,0.3924894642044652,0,0,0
SOTETEL,2025-05-23,0,0,-1.0,0.37693338631315854,0,0,0
SOTETEL,2025-05-28,1,0,-1.0,0.4445846735805935,0,0,0
SOTETEL,2025-05-29,1,0,-1.0,0.3616092443209256,0,0,0
SOTETEL,2025-05-30,1,0,-1.0,0.4216395523052108,0,0,0
SOTETEL,2025-06-04,0,0,-1.0,0.41235807977753713,0,0,0
SOTETEL,2025-06-05,0,0,-1.0,0.41777079116288063,0,0,0
SOTETEL,2025-06-11,0,0,-1.0,0.4377652613149732,0,0,0
SOTETEL,2025-06-12,0,0,-1.0,0.4555442586879856,0,0,0
SOTETEL,2025-06-13,1,0,-1.0,0.47396296429816376,0,0,0
SOTETEL,2025-06-18,1,0,-1.0,0.4746772676796626,0,0,0
SOTETEL,2025-06-19,1,0,-1.0,0.47248915172357986,0,0,0
SOTETEL,2025-06-25,0,0,-1.0,0.4609814612286648,0,0,0
SOTETEL,2025-06-27,1,0,-1.0,0.4579009902728231,0,0,0
SOTETEL,2025-07-02,0,0,-1.0,0.41415713693550776,0,0,0
SOTETEL,2025-07-03,0,0,-1.0,0.4154306282444589,0,0,0
SOTETEL,2025-07-04,1,0,-1.0,0.4121333464939042,0,0,0
SOTETEL,2025-07-09,1,0,-1.0,0.362510611136789,0,0,0
SOTETEL,2025-07-10,1,0,0.0,0.0,0,0,0
SOTETEL,2025-07-11,1,0,0.0,0.0,0,0,0
SOTETEL,2025-07-16,0,0,1.0,0.3036468426449836,1,0,0
SOTETEL,2025-07-17,0,0,0.0,0.0,0,0,0
SOTETEL,2025-07-18,0,0,0.0,0.0,0,0,0
SOTETEL,2025-07-23,0,0,0.0,0.0,0,0,0
SOTETEL,2025-07-24,0,0,0.0,0.0,0,0,0
SOTETEL,2025-07-30,1,0,1.0,0.3223669108702606,1,0,0
SOTETEL,2025-07-31,0,0,1.0,0.3154203570045803,1,0,0
SOTETEL,2025-08-01,0,0,1.0,0.31227725253633165,1,0,0
SOTETEL,2025-08-06,0,0,0.0,0.0,0,0,0
SOTETEL,2025-08-08,0,0,0.0,0.0,0,0,0
SOTETEL,2025-08-14,1,0,0.0,0.0,0,0,0
SOTETEL,2025-08-15,1,0,0.0,0.0,0,0,0
SOTETEL,2025-08-20,1,0,0.0,0.0,0,0,0
SOTETEL,2025-08-21,1,0,0.0,0.0,0,0,0
SOTETEL,2025-08-22,1,0,1.0,0.3054101404373572,1,0,0
SOTETEL,2025-08-27,0,0,1.0,0.32630947764198903,1,0,0
SOTETEL,2025-08-28,0,0,1.0,0.3332668451165845,1,0,0
SOTETEL,2025-09-03,0,0,1.0,0.3070695955922153,1,0,0
SOTETEL,2025-09-05,0,0,0.0,0.0,0,0,0
SOTETEL,2025-09-10,0,0,0.0,0.0,0,0,0
SOTETEL,2025-09-11,0,0,1.0,0.30214993548007146,1,0,0
SOTETEL,2025-09-17,0,0,0.0,0.0,0,0,0
SOTETEL,2025-09-18,0,0,0.0,0.0,0,0,0
SOTETEL,2025-09-19,0,0,0.0,0.0,0,0,0
SOTETEL,2025-09-24,0,0,1.0,0.31793813206573773,1,0,0
SOTETEL,2025-09-25,0,0,1.0,0.30415804872907765,1,0,0
SOTETEL,2025-09-26,0,0,1.0,0.30005008436777025,1,0,0
SOTETEL,2025-10-01,0,0,0.0,0.0,0,0,0
SOTETEL,2025-10-02,0,0,1.0,0.3022689868439337,1,0,0
SOTETEL,2025-10-03,0,0,1.0,0.305416521104248,1,0,0
SOTETEL,2025-10-08,0,0,1.0,0.311686095485037,1,0,0
SOTETEL,2025-10-10,0,0,1.0,0.30930261075402227,1,0,0
SOTETEL,2025-10-16,1,0,1.0,0.30517948055270017,1,0,0
SOTETEL,2025-10-17,1,0,1.0,0.30604909517471146,1,0,0
SOTETEL,2025-10-22,1,0,1.0,0.32845951253828043,1,0,0
SOTETEL,2025-10-23,1,0,0.0,0.0,0,0,0
SOTETEL,2025-10-24,0,0,1.0,0.31536493305648655,1,0,0
SOTETEL,2025-10-29,0,0,0.0,0.0,0,0,0
SOTETEL,2025-10-30,1,0,0.0,0.0,0,0,0
SOTETEL,2025-10-31,1,0,0.0,0.0,0,0,0
SOTETEL,2025-11-05,1,0,0.0,0.0,0,0,0
SOTETEL,2025-11-06,1,0,1.0,0.300030345785777,1,0,0
SOTETEL,2025-11-07,1,0,0.0,0.0,0,0,0
SOTETEL,2025-11-12,0,0,0.0,0.0,0,0,0
SOTETEL,2025-11-13,0,0,0.0,0.0,0,0,0
SOTETEL,2025-11-19,0,0,0.0,0.0,0,0,0
SOTETEL,2025-11-20,0,0,0.0,0.0,0,0,0
SOTETEL,2025-11-21,0,0,0.0,0.0,0,0,0
SOTETEL,2025-11-26,0,0,0.0,0.0,0,0,0
SOTETEL,2025-11-27,1,0,0.0,0.0,0,0,0
SOTETEL,2025-11-28,0,0,0.0,0.0,0,0,0
SOTETEL,2025-12-03,1,0,0.0,0.0,0,0,0
SOTETEL,2025-12-04,1,0,0.0,0.0,0,0,0
ASSU MAGHREBIA VIE,2025-01-22,0,0,1.0,0.3618792385401639,1,0,0
ASSU MAGHREBIA VIE,2025-01-23,0,0,1.0,0.36172452383193315,1,0,0
ASSU MAGHREBIA VIE,2025-01-24,1,0,1.0,0.36098836207627444,1,0,0
ASSU MAGHREBIA VIE,2025-01-29,1,0,1.0,0.34341182526230996,1,0,0
ASSU MAGHREBIA VIE,2025-01-30,0,0,1.0,0.3428657446752204,1,0,0
ASSU MAGHREBIA VIE,2025-02-05,0,0,0.34086140718418373,0.3239823274921911,1,0,0
ASSU MAGHREBIA VIE,2025-02-06,0,0,-0.3657200140854594,0.3246267921090791,0,0,0
ASSU MAGHREBIA VIE,2025-02-07,0,0,-1.0,0.31452374086118595,0,0,0
ASSU MAGHREBIA VIE,2025-02-12,0,0,-1.0,0.331299047472147,0,0,0
ASSU MAGHREBIA VIE,2025-02-13,0,0,-1.0,0.3532540100406881,0,0,0
ASSU MAGHREBIA VIE,2025-02-14,0,0,-1.0,0.35520751275401324,0,0,0
ASSU MAGHREBIA VIE,2025-02-19,0,0,-1.0,0.3415786696970736,0,0,0
ASSU MAGHREBIA VIE,2025-02-20,0,0,-0.06430315277924635,0.3213595992445715,0,0,0
ASSU MAGHREBIA VIE,2025-02-21,0,0,-1.0,0.3434781778883888,0,0,0
ASSU MAGHREBIA VIE,2025-02-26,0,0,-1.0,0.3511216213379959,0,0,0
ASSU MAGHREBIA VIE,2025-02-27,0,0,-1.0,0.3128640475550715,0,0,0
ASSU MAGHREBIA VIE,2025-02-28,1,0,-1.0,0.3183496302411752,0,0,0
ASSU MAGHREBIA VIE,2025-03-05,0,0,0.06148425541352385,0.3374781340831766,1,0,0
ASSU MAGHREBIA VIE,2025-03-06,0,0,-0.2612072476283974,0.3335286458773383,0,0,0
ASSU MAGHREBIA VIE,2025-03-07,0,0,0.0946867807797858,0.3750205213641938,1,0,0
ASSU MAGHREBIA VIE,2025-03-12,0,0,0.10848789935973144,0.35607583450834,1,0,0
ASSU MAGHREBIA VIE,2025-03-13,0,0,0.0,0.0,0,0,0
ASSU MAGHREBIA VIE,2025-03-19,0,0,0.0,0.0,0,0,0
ASSU MAGHREBIA VIE,2025-03-21,0,0,1.0,0.3010294695046048,1,0,0
ASSU MAGHREBIA VIE,2025-03-27,1,0,1.0,0.3435440880303579,1,0,0
ASSU MAGHREBIA VIE,2025-03-28,0,0,1.0,0.34613775427516613,1,0,0
ASSU MAGHREBIA VIE,2025-04-02,0,0,0.0332456962000436,0.3314851889727022,1,0,0
ASSU MAGHREBIA VIE,2025-04-04,0,0,-1.0,0.33524897912222723,0,0,0
ASSU MAGHREBIA VIE,2025-04-10,0,0,1.0,0.3268867211147396,1,0,0
ASSU MAGHREBIA VIE,2025-04-11,1,0,1.0,0.32756652651143664,1,0,0
ASSU MAGHREBIA VIE,2025-04-16,1,0,1.0,0.3403345137158694,1,0,0
ASSU MAGHREBIA VIE,2025-04-17,1,0,1.0,0.31632286273856564,1,0,0
ASSU MAGHREBIA VIE,2025-04-18,0,0,1.0,0.31563941192567546,1,0,0
ASSU MAGHREBIA VIE,2025-04-23,0,0,1.0,0.324086539756107,1,0,0
ASSU MAGHREBIA VIE,2025-04-24,1,0,1.0,0.36261050024218816,1,0,0
ASSU MAGHREBIA VIE,2025-05-02,0,0,-0.022298231700967328,0.3231271359056016,0,0,0
ASSU MAGHREBIA VIE,2025-05-07,0,0,0.0,0.0,0,0,0
ASSU MAGHREBIA VIE,2025-05-08,0,0,0.0,0.0,0,0,0
ASSU MAGHREBIA VIE,2025-05-14,0,0,-1.0,0.31431426962444303,0,0,0
ASSU MAGHREBIA VIE,2025-05-15,0,0,-1.0,0.31045701080456883,0,0,0
ASSU MAGHREBIA VIE,2025-05-16,1,0,-1.0,0.3175664728666715,0,0,0
ASSU MAGHREBIA VIE,2025-05-21,1,0,0.0,0.0,0,0,0
ASSU MAGHREBIA VIE,2025-05-22,1,0,0.0,0.0,0,0,0
ASSU MAGHREBIA VIE,2025-05-23,1,0,0.0,0.0,0,0,0
ASSU MAGHREBIA VIE,2025-05-28,0,0,0.0,0.0,0,0,0
ASSU MAGHREBIA VIE,2025-05-29,0,0,0.0,0.0,0,0,0
ASSU MAGHREBIA VIE,2025-05-30,0,0,0.0,0.0,0,0,0
ASSU MAGHREBIA VIE,2025-06-04,0,0,0.0,0.0,0,0,0
ASSU MAGHREBIA VIE,2025-06-05,1,0,0.0,0.0,0,0,0
ASSU MAGHREBIA VIE,2025-06-11,0,0,0.0,0.0,0,0,0
ASSU MAGHREBIA VIE,2025-06-12,0,0,0.0,0.0,0,0,0
ASSU MAGHREBIA VIE,2025-06-13,0,0,0.0,0.0,0,0,0
ASSU MAGHREBIA VIE,2025-06-18,0,0,0.0,0.0,0,0,0
ASSU MAGHREBIA VIE,2025-06-19,0,0,0.0,0.0,0,0,0
ASSU MAGHREBIA VIE,2025-06-25,0,0,0.0,0.0,0,0,0
ASSU MAGHREBIA VIE,2025-06-27,0,0,0.0,0.0,0,0,0
ASSU MAGHREBIA VIE,2025-07-02,0,0,0.0,0.0,0,0,0
ASSU MAGHREBIA VIE,2025-07-03,0,0,0.0,0.0,0,0,0
ASSU MAGHREBIA VIE,2025-07-04,0,0,0.0,0.0,0,0,0
ASSU MAGHREBIA VIE,2025-07-09,0,0,0.0,0.0,0,0,0
ASSU MAGHREBIA VIE,2025-07-10,0,0,0.0,0.0,0,0,0
ASSU MAGHREBIA VIE,2025-07-11,0,0,0.0,0.0,0,0,0
ASSU MAGHREBIA VIE,2025-07-16,0,0,0.0,0.0,0,0,0
ASSU MAGHREBIA VIE,2025-07-17,1,0,0.0,0.0,0,0,0
ASSU MAGHREBIA VIE,2025-07-18,0,0,0.0,0.0,0,0,0
ASSU MAGHREBIA VIE,2025-07-23,0,1,1.0,0.3076496103533964,1,1,1
ASSU MAGHREBIA VIE,2025-07-24,1,1,1.0,0.3092605433678257,1,1,1
ASSU MAGHREBIA VIE,2025-07-30,0,1,1.0,0.34072527959999277,1,1,1
ASSU MAGHREBIA VIE,2025-07-31,0,1,0.0,0.0,0,1,1
ASSU MAGHREBIA VIE,2025-08-01,0,1,0.0,0.0,0,1,1
ASSU MAGHREBIA VIE,2025-08-06,0,1,0.0,0.0,0,1,1
ASSU MAGHREBIA VIE,2025-08-08,1,1,0.0,0.0,0,1,1
ASSU MAGHREBIA VIE,2025-08-14,1,1,-1.0,0.33484240492542733,0,1,1
ASSU MAGHREBIA VIE,2025-08-15,1,1,-1.0,0.317433068432474,0,1,1
ASSU MAGHREBIA VIE,2025-08-20,0,1,-1.0,0.31277016203661256,0,1,1
ASSU MAGHREBIA VIE,2025-08-21,0,1,-1.0,0.31078346765619996,0,1,1
ASSU MAGHREBIA VIE,2025-08-22,1,1,-1.0,0.31886972778566347,0,1,1
ASSU MAGHREBIA VIE,2025-08-27,1,1,-1.0,0.3477751068266277,0,1,1
ASSU MAGHREBIA VIE,2025-08-28,1,1,-1.0,0.35430782824447704,0,1,1
ASSU MAGHREBIA VIE,2025-09-03,1,1,0.0,0.0,0,1,1
ASSU MAGHREBIA VIE,2025-09-05,1,1,0.0,0.0,0,1,1
ASSU MAGHREBIA VIE,2025-09-10,1,1,0.0,0.0,0,1,1
ASSU MAGHREBIA VIE,2025-09-11,1,1,0.0,0.0,0,1,1
ASSU MAGHREBIA VIE,2025-09-17,1,1,0.0,0.0,0,1,1
ASSU MAGHREBIA VIE,2025-09-18,1,1,0.0,0.0,0,1,1
ASSU MAGHREBIA VIE,2025-09-19,1,1,-1.0,0.31990943021433627,0,1,1
ASSU MAGHREBIA VIE,2025-09-24,0,1,-1.0,0.38121751239366725,0,1,1
ASSU MAGHREBIA VIE,2025-09-25,0,1,-1.0,0.37348934636298986,0,1,1
ASSU MAGHREBIA VIE,2025-09-26,0,1,-1.0,0.3554517962769473,0,1,1
ASSU MAGHREBIA VIE,2025-10-01,0,1,-1.0,0.37024581926895395,0,1,1
ASSU MAGHREBIA VIE,2025-10-02,0,1,-1.0,0.375976439727398,0,1,1
ASSU MAGHREBIA VIE,2025-10-03,0,1,-1.0,0.3985701606725866,0,1,1
ASSU MAGHREBIA VIE,2025-10-08,0,1,-1.0,0.3886579964225838,0,1,1
ASSU MAGHREBIA VIE,2025-10-10,1,1,-1.0,0.3836743524907638,0,1,1
ASSU MAGHREBIA VIE,2025-10-16,0,1,-1.0,0.3729900653639846,0,1,1
ASSU MAGHREBIA VIE,2025-10-17,1,1,-1.0,0.36253317312697,0,1,1
ASSU MAGHREBIA VIE,2025-10-22,0,1,-1.0,0.38974110961754294,0,1,1
ASSU MAGHREBIA VIE,2025-10-23,0,1,-1.0,0.38843148822548107,0,1,1
ASSU MAGHREBIA VIE,2025-10-24,0,1,-1.0,0.3880715290131592,0,1,1
ASSU MAGHREBIA VIE,2025-10-29,0,1,-1.0,0.39369420574465996,0,1,1
ASSU MAGHREBIA VIE,2025-10-30,0,1,-1.0,0.39190847414601104,0,1,1
ASSU MAGHREBIA VIE,2025-10-31,0,1,-1.0,0.39171677072874744,0,1,1
ASSU MAGHREBIA VIE,2025-11-05,0,1,-1.0,0.38122540586314874,0,1,1
ASSU MAGHREBIA VIE,2025-11-06,1,1,-1.0,0.382977062894315,0,1,1
ASSU MAGHREBIA VIE,2025-11-07,1,1,-1.0,0.4165527722168383,0,1,1
ASSU MAGHREBIA VIE,2025-11-12,1,1,-1.0,0.4134973423609781,0,1,1
ASSU MAGHREBIA VIE,2025-11-13,1,1,-1.0,0.38307416642734204,0,1,1
ASSU MAGHREBIA VIE,2025-11-19,0,1,-1.0,0.42519880124696974,0,1,1
ASSU MAGHREBIA VIE,2025-11-20,0,1,-1.0,0.4114328131009497,0,1,1
ASSU MAGHREBIA VIE,2025-11-21,1,1,-1.0,0.4091696953175533,0,1,1
ASSU MAGHREBIA VIE,2025-11-26,1,1,-1.0,0.4258275404455383,0,1,1
ASSU MAGHREBIA VIE,2025-11-27,1,1,-1.0,0.43992958587684317,0,1,1
ASSU MAGHREBIA VIE,2025-11-28,1,1,-1.0,0.3839208377330965,0,1,1
ASSU MAGHREBIA VIE,2025-12-03,1,1,-1.0,0.4112750146724857,0,1,1
ASSU MAGHREBIA VIE,2025-12-04,1,1,-1.0,0.4535342459914454,0,1,1
SOTIPAPIER,2025-01-22,0,0,-1.0,0.34532595430968743,0,0,0
SOTIPAPIER,2025-01-23,0,0,-1.0,0.3449607907963226,0,0,0
SOTIPAPIER,2025-01-24,0,0,-1.0,0.358488535524563,0,0,0
SOTIPAPIER,2025-01-29,1,0,-1.0,0.370567807732508,0,0,0
SOTIPAPIER,2025-01-30,0,0,-1.0,0.4028829900707445,0,0,0
SOTIPAPIER,2025-02-05,0,0,-1.0,0.40417403254601586,0,0,0
SOTIPAPIER,2025-02-06,0,0,-1.0,0.4004773298189593,0,0,0
SOTIPAPIER,2025-02-07,0,0,-1.0,0.4017508871873935,0,0,0
SOTIPAPIER,2025-02-12,0,0,-1.0,0.404146471610147,0,0,0
SOTIPAPIER,2025-02-13,0,0,-1.0,0.40300954094247515,0,0,0
SOTIPAPIER,2025-02-14,0,0,-1.0,0.403937751838929,0,0,0
SOTIPAPIER,2025-02-19,0,0,-1.0,0.38224116764161903,0,0,0
SOTIPAPIER,2025-02-20,0,0,-1.0,0.38318139906295035,0,0,0
SOTIPAPIER,2025-02-21,0,0,-1.0,0.38318676379945604,0,0,0
SOTIPAPIER,2025-02-26,1,0,0.0,0.0,0,0,0
SOTIPAPIER,2025-02-27,1,0,0.0,0.0,0,0,0
SOTIPAPIER,2025-02-28,0,0,0.0,0.0,0,0,0
SOTIPAPIER,2025-03-05,0,0,0.0,0.0,0,0,0
SOTIPAPIER,2025-03-06,0,0,0.0,0.0,0,0,0
SOTIPAPIER,2025-03-07,0,0,0.0,0.0,0,0,0
SOTIPAPIER,2025-03-12,0,0,0.0,0.0,0,0,0
SOTIPAPIER,2025-03-13,0,0,0.0,0.0,0,0,0
SOTIPAPIER,2025-03-19,1,0,0.0,0.0,0,0,0
SOTIPAPIER,2025-03-21,1,0,0.0,0.0,0,0,0
SOTIPAPIER,2025-03-27,1,0,0.0,0.0,0,0,0
SOTIPAPIER,2025-03-28,1,0,0.0,0.0,0,0,0
SOTIPAPIER,2025-04-02,1,0,0.0,0.0,0,0,0
SOTIPAPIER,2025-04-04,0,0,0.0,0.0,0,0,0
SOTIPAPIER,2025-04-10,0,0,0.0,0.0,0,0,0
SOTIPAPIER,2025-04-11,0,0,0.0,0.0,0,0,0
SOTIPAPIER,2025-04-16,0,0,1.0,0.31514357436000334,1,0,0
SOTIPAPIER,2025-04-17,0,0,1.0,0.3126138158624479,1,0,0
SOTIPAPIER,2025-04-18,0,0,1.0,0.3076264022577521,1,0,0
SOTIPAPIER,2025-04-23,0,0,0.0,0.0,0,0,0
SOTIPAPIER,2025-04-24,0,0,1.0,0.30361192545750326,1,0,0
SOTIPAPIER,2025-05-02,0,0,0.0,0.0,0,0,0
SOTIPAPIER,2025-05-07,1,0,-1.0,0.35651519621768885,0,0,0
SOTIPAPIER,2025-05-08,1,0,-1.0,0.3465424501619077,0,0,0
SOTIPAPIER,2025-05-14,1,0,-1.0,0.3390654506958978,0,0,0
SOTIPAPIER,2025-05-15,1,0,-1.0,0.3324810447887414,0,0,0
SOTIPAPIER,2025-05-16,1,0,-1.0,0.34295305494132267,0,0,0
SOTIPAPIER,2025-05-21,0,0,-1.0,0.3937052539985507,0,0,0
SOTIPAPIER,2025-05-22,0,0,-1.0,0.46982412887628355,0,0,0
SOTIPAPIER,2025-05-23,0,0,-1.0,0.47057251618193663,0,0,0
SOTIPAPIER,2025-05-28,1,0,-1.0,0.5153530044560483,0,0,0
SOTIPAPIER,2025-05-29,0,0,-1.0,0.5210272435655913,0,0,0
SOTIPAPIER,2025-05-30,1,0,-1.0,0.4817131984728395,0,0,0
SOTIPAPIER,2025-06-04,0,0,-1.0,0.45611854510822847,0,0,0
SOTIPAPIER,2025-06-05,0,0,-1.0,0.4545942990961085,0,0,0
SOTIPAPIER,2025-06-11,0,0,-1.0,0.4374229862889616,0,0,0
SOTIPAPIER,2025-06-12,0,0,-1.0,0.40899883300786094,0,0,0
SOTIPAPIER,2025-06-13,0,0,-1.0,0.4096078347096763,0,0,0
SOTIPAPIER,2025-06-18,0,0,-0.0987368662075556,0.3873344637323817,0,0,0
SOTIPAPIER,2025-06-19,0,0,-0.07257989552216869,0.39827597850338436,0,0,0
SOTIPAPIER,2025-06-25,0,0,-0.054924462237016934,0.39712454165843486,0,0,0
SOTIPAPIER,2025-06-27,1,0,-0.05479677315291885,0.39717847404830087,0,0,0
SOTIPAPIER,2025-07-02,1,0,-0.06576237684429774,0.3952278710970179,0,0,0
SOTIPAPIER,2025-07-03,0,0,-0.026958496959928982,0.37396584915424913,0,0,0
SOTIPAPIER,2025-07-04,0,0,-0.00734662704115575,0.3588887054290098,0,0,0
SOTIPAPIER,2025-07-09,0,0,1.0,0.3438103679111352,1,0,0
SOTIPAPIER,2025-07-10,0,0,1.0,0.3957214375401112,1,0,0
SOTIPAPIER,2025-07-11,0,0,1.0,0.3954011214879456,1,0,0
SOTIPAPIER,2025-07-16,0,0,1.0,0.4020569809444993,1,0,0
SOTIPAPIER,2025-07-17,0,0,1.0,0.4016369568961201,1,0,0
SOTIPAPIER,2025-07-18,0,0,1.0,0.39353696355967477,1,0,0
SOTIPAPIER,2025-07-23,1,0,0.11967612842901512,0.3494732112675524,1,0,0
SOTIPAPIER,2025-07-24,1,0,0.10959207984142214,0.3473245648048006,1,0,0
SOTIPAPIER,2025-07-30,1,0,-0.3325124595032134,0.3808648506046974,0,0,0
SOTIPAPIER,2025-07-31,0,0,0.10134810540442314,0.3481405852668884,1,0,0
SOTIPAPIER,2025-08-01,0,0,0.0,0.0,0,0,0
SOTIPAPIER,2025-08-06,0,0,-1.0,0.3507891615152366,0,0,0
SOTIPAPIER,2025-08-08,0,0,-0.07802955441444025,0.35342686812854596,0,0,0
SOTIPAPIER,2025-08-14,0,0,0.050821975727557984,0.37330744073351707,1,0,0
SOTIPAPIER,2025-08-15,0,0,0.02804515050471954,0.36483786135240925,1,0,0
SOTIPAPIER,2025-08-20,0,0,0.0052613661123203995,0.366216553086548,1,0,0
SOTIPAPIER,2025-08-21,1,0,0.008238462036553224,0.36604800461033493,1,0,0
SOTIPAPIER,2025-08-22,1,0,-0.011871724977611499,0.3642428306378004,0,0,0
SOTIPAPIER,2025-08-27,0,0,-1.0,0.3820025514036831,0,0,0
SOTIPAPIER,2025-08-28,1,0,-1.0,0.3363173373292801,0,0,0
SOTIPAPIER,2025-09-03,0,0,-1.0,0.3159047872429237,0,0,0
SOTIPAPIER,2025-09-05,0,0,-1.0,0.30522543804248664,0,0,0
SOTIPAPIER,2025-09-10,0,0,0.0,0.0,0,0,0
SOTIPAPIER,2025-09-11,0,0,-1.0,0.31304039833734515,0,0,0
SOTIPAPIER,2025-09-17,1,0,1.0,0.5184689872114062,1,0,0
SOTIPAPIER,2025-09-18,1,0,1.0,0.45269423442092055,1,0,0
SOTIPAPIER,2025-09-19,1,0,0.47297207365985405,0.39430564645438343,1,0,0
SOTIPAPIER,2025-09-24,1,0,0.48073437441184186,0.3890207670573395,1,0,0
SOTIPAPIER,2025-09-25,1,0,0.4838751916897844,0.3995734927892884,1,0,0
SOTIPAPIER,2025-09-26,1,0,0.4858186680879602,0.40687259626120936,1,0,0
SOTIPAPIER,2025-10-01,1,0,0.4886932411128378,0.3983651070744414,1,0,0
SOTIPAPIER,2025-10-02,0,0,0.49582610154081413,0.40241602700725126,1,0,0
SOTIPAPIER,2025-10-03,1,0,0.48518456556724265,0.38913189696457634,1,0,0
SOTIPAPIER,2025-10-08,1,0,1.0,0.40054527659955075,1,0,0
SOTIPAPIER,2025-10-10,0,0,0.3990247960494932,0.3526182153735274,1,0,0
SOTIPAPIER,2025-10-16,0,0,0.413776460374705,0.3615623051968762,1,0,0
SOTIPAPIER,2025-10-17,0,0,0.42536416182348163,0.3546128961738552,1,0,0
SOTIPAPIER,2025-10-22,0,0,0.37711686212055384,0.35384854629139156,1,0,0
SOTIPAPIER,2025-10-23,0,0,0.380605197196329,0.35383919778139505,1,0,0
SOTIPAPIER,2025-10-24,0,0,0.03362411983035565,0.35487988611099625,1,0,0
SOTIPAPIER,2025-10-29,0,0,0.03501877486327094,0.35146726321762767,1,0,0
SOTIPAPIER,2025-10-30,0,0,0.04659487106708129,0.3480056333643202,1,0,0
SOTIPAPIER,2025-10-31,0,0,0.04550719213238884,0.34847132512313267,1,0,0
SOTIPAPIER,2025-11-05,1,0,0.3530260280560699,0.34569165762296156,1,0,0
SOTIPAPIER,2025-11-06,0,0,0.3325081603239307,0.3308667640558849,1,0,0
SOTIPAPIER,2025-11-07,0,0,1.0,0.3386857837121421,1,0,0
SOTIPAPIER,2025-11-12,0,0,1.0,0.3233195649788548,1,0,0
SOTIPAPIER,2025-11-13,0,0,1.0,0.3250355950396657,1,0,0
SOTIPAPIER,2025-11-19,0,0,0.4320260963012036,0.3329902284810857,1,0,0
SOTIPAPIER,2025-11-20,0,0,0.263845268915903,0.3400178492184644,1,0,0
SOTIPAPIER,2025-11-21,0,0,0.44105616839346884,0.3297940885100155,1,0,0
SOTIPAPIER,2025-11-26,0,0,0.5198103790959437,0.3294887301176937,1,0,0
SOTIPAPIER,2025-11-27,1,0,0.5168090573645137,0.32927701866137915,1,0,0
SOTIPAPIER,2025-11-28,1,0,0.2910637047978432,0.3347531865267257,1,0,0
SOTIPAPIER,2025-12-03,1,0,0.4408081593858039,0.3321455836100852,1,0,0
SOTIPAPIER,2025-12-04,1,0,0.4212477841737463,0.32407075735969393,1,0,0
SOTRAPIL,2025-01-22,0,1,-1.0,0.35418401477841893,0,1,1
SOTRAPIL,2025-01-23,1,1,-1.0,0.3336269612113088,0,1,1
SOTRAPIL,2025-01-24,0,1,-1.0,0.33371856253062876,0,1,1
SOTRAPIL,2025-01-29,1,1,0.0,0.0,0,1,1
SOTRAPIL,2025-01-30,1,1,-1.0,0.30153429886884375,0,1,1
SOTRAPIL,2025-02-05,1,1,0.0,0.0,0,1,1
SOTRAPIL,2025-02-06,0,1,0.0,0.0,0,1,1
SOTRAPIL,2025-02-07,1,1,0.0,0.0,0,1,1
SOTRAPIL,2025-02-12,0,1,1.0,0.30482935361606994,1,1,1
SOTRAPIL,2025-02-13,0,1,1.0,0.30238440929971094,1,1,1
SOTRAPIL,2025-02-14,0,1,1.0,0.3018533030080493,1,1,1
SOTRAPIL,2025-02-19,1,1,1.0,0.33073719521354206,1,1,1
SOTRAPIL,2025-02-20,1,1,1.0,0.32058316631116635,1,1,1
SOTRAPIL,2025-02-21,1,1,1.0,0.34512443765914447,1,1,1
SOTRAPIL,2025-02-26,1,1,1.0,0.30515017293543156,1,1,1
SOTRAPIL,2025-02-27,1,1,1.0,0.32743149950492856,1,1,1
SOTRAPIL,2025-02-28,1,1,1.0,0.33207968295035284,1,1,1
SOTRAPIL,2025-03-05,0,1,0.0,0.0,0,1,1
SOTRAPIL,2025-03-06,1,1,0.0,0.0,0,1,1
SOTRAPIL,2025-03-07,0,1,1.0,0.31993370312138053,1,1,1
SOTRAPIL,2025-03-12,1,1,1.0,0.3241618582583449,1,1,1
SOTRAPIL,2025-03-13,1,1,0.0,0.0,0,1,1
SOTRAPIL,2025-03-19,1,1,0.0,0.0,0,1,1
SOTRAPIL,2025-03-21,1,1,0.0,0.0,0,1,1
SOTRAPIL,2025-03-27,1,1,-1.0,0.30182374724878513,0,1,1
SOTRAPIL,2025-03-28,1,1,-1.0,0.3086694381123899,0,1,1
SOTRAPIL,2025-04-02,1,1,-1.0,0.3081058276137476,0,1,1
SOTRAPIL,2025-04-04,1,1,-1.0,0.34036056360860595,0,1,1
SOTRAPIL,2025-04-10,1,1,-0.1975649774531296,0.39438154572338424,0,1,1
SOTRAPIL,2025-04-11,1,1,-0.19021548172919855,0.3909293953950385,0,1,1
SOTRAPIL,2025-04-16,1,1,0.38891154403255546,0.39800290179174813,1,1,1
SOTRAPIL,2025-04-17,1,1,0.3886413415562714,0.4068343824705356,1,1,1
SOTRAPIL,2025-04-18,1,1,0.3606680141825023,0.4280211664996816,1,1,1
SOTRAPIL,2025-04-23,1,1,0.3766266685717637,0.44951876332524665,1,1,1
SOTRAPIL,2025-04-24,1,1,0.4058357625155206,0.35369297796192917,1,1,1
SOTRAPIL,2025-05-02,1,1,1.0,0.39967098983759397,1,1,1
SOTRAPIL,2025-05-07,1,1,1.0,0.41219332300163675,1,1,1
SOTRAPIL,2025-05-08,1,1,1.0,0.3992578437091833,1,1,1
SOTRAPIL,2025-05-14,1,1,1.0,0.34371329227988345,1,1,1
SOTRAPIL,2025-05-15,0,1,1.0,0.3777042225813523,1,1,1
SOTRAPIL,2025-05-16,0,1,1.0,0.3459400248413413,1,1,1
SOTRAPIL,2025-05-21,0,1,1.0,0.32908845124052133,1,1,1
SOTRAPIL,2025-05-22,0,1,1.0,0.3590664362144181,1,1,1
SOTRAPIL,2025-05-23,0,1,1.0,0.3585233671928433,1,1,1
SOTRAPIL,2025-05-28,0,1,1.0,0.3668670818248535,1,1,1
SOTRAPIL,2025-05-29,0,1,1.0,0.36230705575680644,1,1,1
SOTRAPIL,2025-05-30,0,1,1.0,0.3645446994262593,1,1,1
SOTRAPIL,2025-06-04,1,1,1.0,0.3638977998235939,1,1,1
SOTRAPIL,2025-06-05,1,1,1.0,0.34508625547859184,1,1,1
SOTRAPIL,2025-06-11,1,1,1.0,0.3522220617140864,1,1,1
SOTRAPIL,2025-06-12,0,1,1.0,0.35721216863852745,1,1,1
SOTRAPIL,2025-06-13,1,1,1.0,0.3444342507147759,1,1,1
SOTRAPIL,2025-06-18,0,1,0.0,0.0,0,1,1
SOTRAPIL,2025-06-19,1,1,0.0,0.0,0,1,1
SOTRAPIL,2025-06-25,1,1,0.0,0.0,0,1,1
SOTRAPIL,2025-06-27,1,1,0.0,0.0,0,1,1
SOTRAPIL,2025-07-02,1,1,0.0,0.0,0,1,1
SOTRAPIL,2025-07-03,1,1,0.0,0.0,0,1,1
SOTRAPIL,2025-07-04,1,1,0.0,0.0,0,1,1
SOTRAPIL,2025-07-09,0,1,0.0,0.0,0,1,1
SOTRAPIL,2025-07-10,1,1,-1.0,0.351156018573766,0,1,1
SOTRAPIL,2025-07-11,1,1,-1.0,0.3065567215094208,0,1,1
SOTRAPIL,2025-07-16,1,1,-1.0,0.32756758888904,0,1,1
SOTRAPIL,2025-07-17,1,1,-1.0,0.3453605866010659,0,1,1
SOTRAPIL,2025-07-18,1,1,-1.0,0.34176398569221206,0,1,1
SOTRAPIL,2025-07-23,0,1,0.0,0.0,0,1,1
SOTRAPIL,2025-07-24,0,1,0.06557919921393515,0.3482253452000482,1,1,1
SOTRAPIL,2025-07-30,0,1,0.03736959522498334,0.321197138687387,1,1,1
SOTRAPIL,2025-07-31,0,1,0.051702533294985885,0.3517021350739642,1,1,1
SOTRAPIL,2025-08-01,0,1,0.0826905760580614,0.3486994129694503,1,1,1
SOTRAPIL,2025-08-06,0,1,0.09897855434286877,0.35442660058729825,1,1,1
SOTRAPIL,2025-08-08,0,1,1.0,0.42382982238634287,1,1,1
SOTRAPIL,2025-08-14,1,1,1.0,0.37423018510831385,1,1,1
SOTRAPIL,2025-08-15,0,1,1.0,0.3749140887772597,1,1,1
SOTRAPIL,2025-08-20,1,1,1.0,0.36760367699332086,1,1,1
SOTRAPIL,2025-08-21,1,1,1.0,0.37200491692791215,1,1,1
SOTRAPIL,2025-08-22,1,1,1.0,0.3707314827261749,1,1,1
SOTRAPIL,2025-08-27,1,1,1.0,0.3729856162456408,1,1,1
SOTRAPIL,2025-08-28,1,1,1.0,0.3921273728013277,1,1,1
SOTRAPIL,2025-09-03,1,1,1.0,0.3564504557542858,1,1,1
SOTRAPIL,2025-09-05,0,1,1.0,0.34684581545792986,1,1,1
SOTRAPIL,2025-09-10,0,1,1.0,0.3246918631746191,1,1,1
SOTRAPIL,2025-09-11,0,1,1.0,0.32252496815747256,1,1,1
SOTRAPIL,2025-09-17,0,1,1.0,0.3288047743538742,1,1,1
SOTRAPIL,2025-09-18,0,1,1.0,0.34825937446896277,1,1,1
SOTRAPIL,2025-09-19,0,1,1.0,0.3588510967501382,1,1,1
SOTRAPIL,2025-09-24,0,1,1.0,0.36395036919596246,1,1,1
SOTRAPIL,2025-09-25,0,1,1.0,0.36600953834274846,1,1,1
SOTRAPIL,2025-09-26,1,1,1.0,0.36759364558378893,1,1,1
SOTRAPIL,2025-10-01,0,1,0.03755450200475628,0.34495051112423286,1,1,1
SOTRAPIL,2025-10-02,0,1,0.041081007557758134,0.3505664932471956,1,1,1
SOTRAPIL,2025-10-03,0,1,-0.5103218947833931,0.347640920760415,0,1,1
SOTRAPIL,2025-10-08,0,1,-0.483272585425749,0.3376412829826141,0,1,1
SOTRAPIL,2025-10-10,0,1,-0.4979825119834225,0.34378255807639974,0,1,1
SOTRAPIL,2025-10-16,0,1,-0.34603473041198013,0.36249288025647264,0,1,1
SOTRAPIL,2025-10-17,0,1,-0.34838598878444005,0.3637338668504406,0,1,1
SOTRAPIL,2025-10-22,1,1,-1.0,0.3362288813363381,0,1,1
SOTRAPIL,2025-10-23,1,1,-1.0,0.3352252557367961,0,1,1
SOTRAPIL,2025-10-24,0,1,-1.0,0.33404433900705954,0,1,1
SOTRAPIL,2025-10-29,1,1,-1.0,0.35473128157954703,0,1,1
SOTRAPIL,2025-10-30,1,1,-0.3947661896369578,0.33652592638301293,0,1,1
SOTRAPIL,2025-10-31,1,1,-1.0,0.39143945089083637,0,1,1
SOTRAPIL,2025-11-05,1,1,-1.0,0.35522156995680276,0,1,1
SOTRAPIL,2025-11-06,1,1,-1.0,0.3775785242594365,0,1,1
SOTRAPIL,2025-11-07,1,1,-1.0,0.36928964662051966,0,1,1
SOTRAPIL,2025-11-12,1,1,-1.0,0.3761400003648779,0,1,1
SOTRAPIL,2025-11-13,0,1,-1.0,0.40301994733518476,0,1,1
SOTRAPIL,2025-11-19,0,1,-1.0,0.3882034930775895,0,1,1
SOTRAPIL,2025-11-20,1,1,-1.0,0.3866512829166122,0,1,1
SOTRAPIL,2025-11-21,1,1,-1.0,0.40137054491834695,0,1,1
SOTRAPIL,2025-11-26,1,1,-1.0,0.3607272389458102,0,1,1
SOTRAPIL,2025-11-27,1,1,0.0,0.0,0,1,1
SOTRAPIL,2025-11-28,1,1,0.0,0.0,0,1,1
SOTRAPIL,2025-12-03,0,1,0.0,0.0,0,1,1
SOTRAPIL,2025-12-04,0,1,0.0,0.0,0,1,1
SOTUMAG,2025-01-22,1,1,1.0,0.3300707065062,1,1,1
SOTUMAG,2025-01-23,1,1,1.0,0.3295574056034038,1,1,1
SOTUMAG,2025-01-24,1,1,1.0,0.3060596462879341,1,1,1
SOTUMAG,2025-01-29,1,1,1.0,0.3193838576148835,1,1,1
SOTUMAG,2025-01-30,1,1,1.0,0.3277652279056524,1,1,1
SOTUMAG,2025-02-05,1,1,1.0,0.3432454837384511,1,1,1
SOTUMAG,2025-02-06,0,1,1.0,0.3574976132644699,1,1,1
SOTUMAG,2025-02-07,0,1,1.0,0.3398299923734955,1,1,1
SOTUMAG,2025-02-12,0,1,1.0,0.3163116370645371,1,1,1
SOTUMAG,2025-02-13,0,1,1.0,0.3180997975516108,1,1,1
SOTUMAG,2025-02-14,0,1,1.0,0.315356603607165,1,1,1
SOTUMAG,2025-02-19,0,1,1.0,0.3391884732334598,1,1,1
SOTUMAG,2025-02-20,1,1,1.0,0.34018785633548254,1,1,1
SOTUMAG,2025-02-21,0,1,1.0,0.35705189327309356,1,1,1
SOTUMAG,2025-02-26,1,1,1.0,0.3544042594988495,1,1,1
SOTUMAG,2025-02-27,0,1,1.0,0.3498996423131482,1,1,1
SOTUMAG,2025-02-28,0,1,1.0,0.30789796876565445,1,1,1
SOTUMAG,2025-03-05,0,1,1.0,0.3801754357214456,1,1,1
SOTUMAG,2025-03-06,0,1,1.0,0.37970479476321883,1,1,1
SOTUMAG,2025-03-07,0,1,1.0,0.37927603180603287,1,1,1
SOTUMAG,2025-03-12,0,1,1.0,0.3689942100855748,1,1,1
SOTUMAG,2025-03-13,0,1,1.0,0.3685638018788035,1,1,1
SOTUMAG,2025-03-19,1,1,1.0,0.39173299196327754,1,1,1
SOTUMAG,2025-03-21,0,1,1.0,0.39040502450265097,1,1,1
SOTUMAG,2025-03-27,1,1,1.0,0.36184098265122194,1,1,1
SOTUMAG,2025-03-28,1,1,1.0,0.36121550927496116,1,1,1
SOTUMAG,2025-04-02,1,1,0.0,0.0,0,1,1
SOTUMAG,2025-04-04,1,1,0.0,0.0,0,1,1
SOTUMAG,2025-04-10,1,1,1.0,0.30942625512367067,1,1,1
SOTUMAG,2025-04-11,1,1,1.0,0.30419881639863827,1,1,1
SOTUMAG,2025-04-16,1,1,0.0,0.0,0,1,1
SOTUMAG,2025-04-17,1,1,0.0,0.0,0,1,1
SOTUMAG,2025-04-18,1,1,1.0,0.3048800909968417,1,1,1
SOTUMAG,2025-04-23,0,1,0.0,0.0,0,1,1
SOTUMAG,2025-04-24,0,1,0.0,0.0,0,1,1
SOTUMAG,2025-05-02,1,1,1.0,0.30094504423892127,1,1,1
SOTUMAG,2025-05-07,1,1,-1.0,0.309530669934647,0,1,1
SOTUMAG,2025-05-08,1,1,-1.0,0.30931631615115684,0,1,1
SOTUMAG,2025-05-14,1,1,-1.0,0.3317623512862918,0,1,1
SOTUMAG,2025-05-15,0,1,-1.0,0.3410343477778124,0,1,1
SOTUMAG,2025-05-16,0,1,-1.0,0.3608812019079795,0,1,1
SOTUMAG,2025-05-21,1,1,-0.026934426258056456,0.3549312871739239,0,1,1
SOTUMAG,2025-05-22,1,1,0.005882283817591664,0.33956163322040717,1,1,1
SOTUMAG,2025-05-23,0,1,-0.3445822143874704,0.3331876008770496,0,1,1
SOTUMAG,2025-05-28,0,1,-0.03913189004703746,0.3530858377847961,0,1,1
SOTUMAG,2025-05-29,0,1,-0.3467362010014523,0.3422439331282654,0,1,1
SOTUMAG,2025-05-30,0,1,-0.34909498826266877,0.3446546721098822,0,1,1
SOTUMAG,2025-06-04,1,1,-0.3780896864462678,0.3554111706319118,0,1,1
SOTUMAG,2025-06-05,1,1,-0.010222484195444543,0.32977793732140037,0,1,1
SOTUMAG,2025-06-11,0,1,-0.01784602323771492,0.3247637869165174,0,1,1
SOTUMAG,2025-06-12,0,1,0.28032179595376766,0.3255385014092536,1,1,1
SOTUMAG,2025-06-13,1,1,-0.04510877485056078,0.3373750839549741,0,1,1
SOTUMAG,2025-06-18,1,1,0.31473660316711577,0.31902503871039894,1,1,1
SOTUMAG,2025-06-19,1,1,0.3154479598564454,0.31898136219207734,1,1,1
SOTUMAG,2025-06-25,1,1,0.0,0.0,0,1,1
SOTUMAG,2025-06-27,1,1,0.0,0.0,0,1,1
SOTUMAG,2025-07-02,1,1,1.0,0.3153999281718009,1,1,1
SOTUMAG,2025-07-03,1,1,1.0,0.34431372898851603,1,1,1
SOTUMAG,2025-07-04,1,1,1.0,0.35805322639409753,1,1,1
SOTUMAG,2025-07-09,1,1,0.3438364225930318,0.36865901485921765,1,1,1
SOTUMAG,2025-07-10,1,1,0.37671631861599786,0.3528916836832893,1,1,1
SOTUMAG,2025-07-11,1,1,0.4202791262635332,0.3670621277270068,1,1,1
SOTUMAG,2025-07-16,0,1,0.4170732544755854,0.38674371158887916,1,1,1
SOTUMAG,2025-07-17,0,1,0.44454895653491955,0.38290637773320624,1,1,1
SOTUMAG,2025-07-18,0,1,0.4427189387014769,0.37057555239198514,1,1,1
SOTUMAG,2025-07-23,0,1,-1.0,0.3316174042514772,0,1,1
SOTUMAG,2025-07-24,0,1,-1.0,0.3411227618313462,0,1,1
SOTUMAG,2025-07-30,1,1,-1.0,0.32052266321897815,0,1,1
SOTUMAG,2025-07-31,1,1,-1.0,0.31623067030241936,0,1,1
SOTUMAG,2025-08-01,1,1,-1.0,0.31460119922479335,0,1,1
SOTUMAG,2025-08-06,1,1,-1.0,0.32358969052746356,0,1,1
SOTUMAG,2025-08-08,1,1,0.0,0.0,0,1,1
SOTUMAG,2025-08-14,1,1,0.0,0.0,0,1,1
SOTUMAG,2025-08-15,1,1,0.0,0.0,0,1,1
SOTUMAG,2025-08-20,1,1,1.0,0.31122742410624604,1,1,1
SOTUMAG,2025-08-21,0,1,0.0,0.0,0,1,1
SOTUMAG,2025-08-22,1,1,0.0,0.0,0,1,1
SOTUMAG,2025-08-27,0,1,0.0,0.0,0,1,1
SOTUMAG,2025-08-28,0,1,0.0,0.0,0,1,1
SOTUMAG,2025-09-03,0,1,0.0,0.0,0,1,1
SOTUMAG,2025-09-05,0,1,0.0,0.0,0,1,1
SOTUMAG,2025-09-10,1,1,0.0,0.0,0,1,1
SOTUMAG,2025-09-11,1,1,0.0,0.0,0,1,1
SOTUMAG,2025-09-17,1,1,0.0,0.0,0,1,1
SOTUMAG,2025-09-18,1,1,0.0,0.0,0,1,1
SOTUMAG,2025-09-19,1,1,0.0,0.0,0,1,1
SOTUMAG,2025-09-24,1,1,0.0,0.0,0,1,1
SOTUMAG,2025-09-25,0,1,0.0,0.0,0,1,1
SOTUMAG,2025-09-26,0,1,0.0,0.0,0,1,1
SOTUMAG,2025-10-01,0,1,-1.0,0.30721783089522353,0,1,1
SOTUMAG,2025-10-02,1,1,0.0,0.0,0,1,1
SOTUMAG,2025-10-03,0,1,0.0,0.0,0,1,1
SOTUMAG,2025-10-08,0,1,0.0,0.0,0,1,1
SOTUMAG,2025-10-10,0,1,0.0,0.0,0,1,1
SOTUMAG,2025-10-16,1,1,0.0,0.0,0,1,1
SOTUMAG,2025-10-17,1,1,0.0,0.0,0,1,1
SOTUMAG,2025-10-22,1,1,0.0,0.0,0,1,1
SOTUMAG,2025-10-23,0,1,0.0,0.0,0,1,1
SOTUMAG,2025-10-24,1,1,0.0,0.0,0,1,1
SOTUMAG,2025-10-29,1,1,0.0,0.0,0,1,1
SOTUMAG,2025-10-30,0,1,0.0,0.0,0,1,1
SOTUMAG,2025-10-31,1,1,0.0,0.0,0,1,1
SOTUMAG,2025-11-05,0,1,0.0,0.0,0,1,1
SOTUMAG,2025-11-06,1,1,0.0,0.0,0,1,1
SOTUMAG,2025-11-07,1,1,0.0,0.0,0,1,1
SOTUMAG,2025-11-12,1,1,0.0,0.0,0,1,1
SOTUMAG,2025-11-13,1,1,0.0,0.0,0,1,1
SOTUMAG,2025-11-19,0,1,0.37883504687271224,0.33381345503164667,1,1,1
SOTUMAG,2025-11-20,0,1,1.0,0.34206435108717703,1,1,1
SOTUMAG,2025-11-21,0,1,0.0,0.0,0,1,1
SOTUMAG,2025-11-26,1,1,0.0,0.0,0,1,1
SOTUMAG,2025-11-27,0,1,0.0,0.0,0,1,1
SOTUMAG,2025-11-28,0,1,0.0,0.0,0,1,1
SOTUMAG,2025-12-03,0,1,0.0,0.0,0,1,1
SOTUMAG,2025-12-04,0,1,0.0,0.0,0,1,1
SOTUVER,2025-01-22,1,1,1.0,0.32337220271703226,1,1,1
SOTUVER,2025-01-23,1,1,1.0,0.331163876380338,1,1,1
SOTUVER,2025-01-24,1,1,1.0,0.3348568445800909,1,1,1
SOTUVER,2025-01-29,1,1,1.0,0.3148084711817067,1,1,1
SOTUVER,2025-01-30,1,1,1.0,0.31054625335932073,1,1,1
SOTUVER,2025-02-05,1,1,1.0,0.3247583832992522,1,1,1
SOTUVER,2025-02-06,1,1,1.0,0.3222708041844909,1,1,1
SOTUVER,2025-02-07,1,1,1.0,0.31698492360294195,1,1,1
SOTUVER,2025-02-12,1,1,1.0,0.3010405122002573,1,1,1
SOTUVER,2025-02-13,1,1,1.0,0.3126799837326008,1,1,1
SOTUVER,2025-02-14,1,1,0.0,0.0,0,1,1
SOTUVER,2025-02-19,1,1,0.0,0.0,0,1,1
SOTUVER,2025-02-20,0,1,0.0,0.0,0,1,1
SOTUVER,2025-02-21,0,1,0.0,0.0,0,1,1
SOTUVER,2025-02-26,1,1,1.0,0.3454139347416968,1,1,1
SOTUVER,2025-02-27,1,1,1.0,0.34464410087136027,1,1,1
SOTUVER,2025-02-28,1,1,1.0,0.3600784695529205,1,1,1
SOTUVER,2025-03-05,1,1,1.0,0.35848138248098677,1,1,1
SOTUVER,2025-03-06,0,1,1.0,0.35961902582048966,1,1,1
SOTUVER,2025-03-07,1,1,1.0,0.3879193854278197,1,1,1
SOTUVER,2025-03-12,0,1,1.0,0.35598906848532097,1,1,1
SOTUVER,2025-03-13,0,1,1.0,0.36061342037487537,1,1,1
SOTUVER,2025-03-19,0,1,0.35735280683553217,0.3390786367269647,1,1,1
SOTUVER,2025-03-21,1,1,1.0,0.3423117084428199,1,1,1
SOTUVER,2025-03-27,0,1,1.0,0.32568325847396307,1,1,1
SOTUVER,2025-03-28,0,1,1.0,0.3221784963396587,1,1,1
SOTUVER,2025-04-02,0,1,1.0,0.31995324068001557,1,1,1
SOTUVER,2025-04-04,0,1,1.0,0.32884214961482977,1,1,1
SOTUVER,2025-04-10,1,1,-1.0,0.3212482287621234,0,1,1
SOTUVER,2025-04-11,1,1,-1.0,0.30831867848976036,0,1,1
SOTUVER,2025-04-16,0,1,0.0,0.0,0,1,1
SOTUVER,2025-04-17,0,1,-1.0,0.3616664060063358,0,1,1
SOTUVER,2025-04-18,0,1,-1.0,0.3551399678908251,0,1,1
SOTUVER,2025-04-23,0,1,-0.0904069223915703,0.3617137294486761,0,1,1
SOTUVER,2025-04-24,0,1,-0.10147129032208219,0.3603882610181077,0,1,1
SOTUVER,2025-05-02,0,1,-1.0,0.3463842445362799,0,1,1
SOTUVER,2025-05-07,0,1,-1.0,0.38749246815230337,0,1,1
SOTUVER,2025-05-08,0,1,-1.0,0.38715404757845534,0,1,1
SOTUVER,2025-05-14,0,1,-1.0,0.3961868837518434,0,1,1
SOTUVER,2025-05-15,0,1,-1.0,0.39332893334333624,0,1,1
SOTUVER,2025-05-16,1,1,-1.0,0.3686556205788719,0,1,1
SOTUVER,2025-05-21,1,1,-1.0,0.3789281565666857,0,1,1
SOTUVER,2025-05-22,0,1,-1.0,0.3824585049949327,0,1,1
SOTUVER,2025-05-23,1,1,-1.0,0.3838764420052335,0,1,1
SOTUVER,2025-05-28,0,1,1.0,0.30245419607301416,1,1,1
SOTUVER,2025-05-29,0,1,-1.0,0.31933949723023236,0,1,1
SOTUVER,2025-05-30,0,1,-1.0,0.34513656985946906,0,1,1
SOTUVER,2025-06-04,0,1,-0.3733912749103848,0.33515851742117864,0,1,1
SOTUVER,2025-06-05,0,1,-0.3732791111391317,0.33666267838271696,0,1,1
SOTUVER,2025-06-11,0,1,-1.0,0.3483449794018566,0,1,1
SOTUVER,2025-06-12,0,1,-1.0,0.34625470561892435,0,1,1
SOTUVER,2025-06-13,0,1,-1.0,0.36511559849312164,0,1,1
SOTUVER,2025-06-18,0,1,-1.0,0.3573981077994406,0,1,1
SOTUVER,2025-06-19,0,1,-1.0,0.3498611809709189,0,1,1
SOTUVER,2025-06-25,0,1,-1.0,0.34805773058413114,0,1,1
SOTUVER,2025-06-27,0,1,-1.0,0.37629017549036176,0,1,1
SOTUVER,2025-07-02,0,1,-1.0,0.3734600653152242,0,1,1
SOTUVER,2025-07-03,0,1,-1.0,0.37923784376095204,0,1,1
SOTUVER,2025-07-04,0,1,-1.0,0.3746288519714469,0,1,1
SOTUVER,2025-07-09,0,1,-1.0,0.35790302188942225,0,1,1
SOTUVER,2025-07-10,0,1,-1.0,0.33260528393422784,0,1,1
SOTUVER,2025-07-11,0,1,-1.0,0.3351252092971202,0,1,1
SOTUVER,2025-07-16,1,1,0.0,0.0,0,1,1
SOTUVER,2025-07-17,1,1,0.0,0.0,0,1,1
SOTUVER,2025-07-18,1,1,0.0,0.0,0,1,1
SOTUVER,2025-07-23,1,1,0.0,0.0,0,1,1
SOTUVER,2025-07-24,1,1,1.0,0.3123870896002454,1,1,1
SOTUVER,2025-07-30,1,1,0.0,0.0,0,1,1
SOTUVER,2025-07-31,1,1,0.0,0.0,0,1,1
SOTUVER,2025-08-01,1,1,0.0,0.0,0,1,1
SOTUVER,2025-08-06,0,1,0.0,0.0,0,1,1
SOTUVER,2025-08-08,0,1,0.0,0.0,0,1,1
SOTUVER,2025-08-14,0,1,0.0,0.0,0,1,1
SOTUVER,2025-08-15,0,1,0.0,0.0,0,1,1
SOTUVER,2025-08-20,1,1,1.0,0.3130276113537891,1,1,1
SOTUVER,2025-08-21,1,1,1.0,0.3023753355456466,1,1,1
SOTUVER,2025-08-22,1,1,1.0,0.30096787042459394,1,1,1
SOTUVER,2025-08-27,1,1,1.0,0.33074575441910314,1,1,1
SOTUVER,2025-08-28,0,1,1.0,0.331435867952289,1,1,1
SOTUVER,2025-09-03,0,1,0.0,0.0,0,1,1
SOTUVER,2025-09-05,0,1,-1.0,0.3310048473317464,0,1,1
SOTUVER,2025-09-10,1,1,-1.0,0.3051517688927911,0,1,1
SOTUVER,2025-09-11,1,1,-1.0,0.3051512830579723,0,1,1
SOTUVER,2025-09-17,1,1,0.0,0.0,0,1,1
SOTUVER,2025-09-18,1,1,0.0,0.0,0,1,1
SOTUVER,2025-09-19,1,1,0.0,0.0,0,1,1
SOTUVER,2025-09-24,1,1,0.0,0.0,0,1,1
SOTUVER,2025-09-25,1,1,1.0,0.30215857457227363,1,1,1
SOTUVER,2025-09-26,0,1,1.0,0.30474150671672423,1,1,1
SOTUVER,2025-10-01,0,1,-1.0,0.3319960664626761,0,1,1
SOTUVER,2025-10-02,0,1,-1.0,0.3361648684886107,0,1,1
SOTUVER,2025-10-03,0,1,-1.0,0.3547957896631427,0,1,1
SOTUVER,2025-10-08,1,1,0.008827539940966519,0.3035723018766864,1,1,1
SOTUVER,2025-10-10,0,1,-1.0,0.30140308447764025,0,1,1
SOTUVER,2025-10-16,0,1,0.0,0.0,0,1,1
SOTUVER,2025-10-17,0,1,0.0,0.0,0,1,1
SOTUVER,2025-10-22,0,1,-1.0,0.3192690189498557,0,1,1
SOTUVER,2025-10-23,1,1,-1.0,0.3208087165500258,0,1,1
SOTUVER,2025-10-24,0,1,1.0,0.31306271959513104,1,1,1
SOTUVER,2025-10-29,0,1,1.0,0.32185636438212395,1,1,1
SOTUVER,2025-10-30,0,1,1.0,0.37068410750116937,1,1,1
SOTUVER,2025-10-31,0,1,0.0,0.0,0,1,1
SOTUVER,2025-11-05,0,1,0.0,0.0,0,1,1
SOTUVER,2025-11-06,0,1,1.0,0.31374188225432337,1,1,1
SOTUVER,2025-11-07,0,1,1.0,0.31445648984075214,1,1,1
SOTUVER,2025-11-12,0,1,1.0,0.3260408964709725,1,1,1
SOTUVER,2025-11-13,0,1,1.0,0.31186679553428387,1,1,1
SOTUVER,2025-11-19,1,1,1.0,0.3080073399801091,1,1,1
SOTUVER,2025-11-20,1,1,1.0,0.3064911758939285,1,1,1
SOTUVER,2025-11-21,1,1,0.0,0.0,0,1,1
SOTUVER,2025-11-26,0,1,1.0,0.32759734282848596,1,1,1
SOTUVER,2025-11-27,0,1,-1.0,0.3325831003920308,0,1,1
SOTUVER,2025-11-28,0,1,-1.0,0.3438333484894689,0,1,1
SOTUVER,2025-12-03,0,1,-1.0,0.32413352959395353,0,1,1
SOTUVER,2025-12-04,1,1,-1.0,0.30942750537390146,0,1,1
STA,2025-01-22,0,1,1.0,0.3273360753726067,1,1,1
STA,2025-01-23,0,1,1.0,0.32860705754547487,1,1,1
STA,2025-01-24,0,1,1.0,0.3308199987680987,1,1,1
STA,2025-01-29,0,1,1.0,0.3239823454260718,1,1,1
STA,2025-01-30,1,1,1.0,0.320086940268836,1,1,1
STA,2025-02-05,0,1,1.0,0.33440185828830127,1,1,1
STA,2025-02-06,0,1,1.0,0.33913491050884936,1,1,1
STA,2025-02-07,1,1,1.0,0.335885183752485,1,1,1
STA,2025-02-12,1,1,1.0,0.30301881307068457,1,1,1
STA,2025-02-13,1,1,1.0,0.3126799837326008,1,1,1
STA,2025-02-14,1,1,0.0,0.0,0,1,1
STA,2025-02-19,1,1,0.0,0.0,0,1,1
STA,2025-02-20,1,1,0.0,0.0,0,1,1
STA,2025-02-21,1,1,0.0,0.0,0,1,1
STA,2025-02-26,1,1,0.0,0.0,0,1,1
STA,2025-02-27,1,1,0.0,0.0,0,1,1
STA,2025-02-28,0,1,0.0,0.0,0,1,1
STA,2025-03-05,0,1,0.0,0.0,0,1,1
STA,2025-03-06,0,1,0.0,0.0,0,1,1
STA,2025-03-07,0,1,0.0,0.0,0,1,1
STA,2025-03-12,0,1,0.0,0.0,0,1,1
STA,2025-03-13,1,1,0.0,0.0,0,1,1
STA,2025-03-19,1,1,1.0,0.3173349855057225,1,1,1
STA,2025-03-21,1,1,1.0,0.3154259865285826,1,1,1
STA,2025-03-27,1,1,1.0,0.31234465815718826,1,1,1
STA,2025-03-28,1,1,1.0,0.31669008969269186,1,1,1
STA,2025-04-02,0,1,1.0,0.3129547520558621,1,1,1
STA,2025-04-04,0,1,1.0,0.30761425367860384,1,1,1
STA,2025-04-10,0,1,1.0,0.3466855411197207,1,1,1
STA,2025-04-11,1,1,1.0,0.34130861321174333,1,1,1
STA,2025-04-16,1,1,-1.0,0.3461290397120867,0,1,1
STA,2025-04-17,1,1,-1.0,0.3447929163367485,0,1,1
STA,2025-04-18,1,1,-1.0,0.3174817181744528,0,1,1
STA,2025-04-23,0,1,0.0,0.0,0,1,1
STA,2025-04-24,1,1,0.0,0.0,0,1,1
STA,2025-05-02,1,1,0.0,0.0,0,1,1
STA,2025-05-07,0,1,0.0,0.0,0,1,1
STA,2025-05-08,0,1,0.0,0.0,0,1,1
STA,2025-05-14,1,1,0.0,0.0,0,1,1
STA,2025-05-15,1,1,0.0,0.0,0,1,1
STA,2025-05-16,1,1,0.0,0.0,0,1,1
STA,2025-05-21,0,1,0.0,0.0,0,1,1
STA,2025-05-22,1,1,0.0,0.0,0,1,1
STA,2025-05-23,1,1,0.0,0.0,0,1,1
STA,2025-05-28,0,1,0.0,0.0,0,1,1
STA,2025-05-29,0,1,0.0,0.0,0,1,1
STA,2025-05-30,1,1,0.0,0.0,0,1,1
STA,2025-06-04,0,1,0.0,0.0,0,1,1
STA,2025-06-05,0,1,1.0,0.33963186352415026,1,1,1
STA,2025-06-11,0,1,1.0,0.3312376191690199,1,1,1
STA,2025-06-12,1,1,1.0,0.3239171263328378,1,1,1
STA,2025-06-13,0,1,1.0,0.3221565072526602,1,1,1
STA,2025-06-18,1,1,1.0,0.3161384012102944,1,1,1
STA,2025-06-19,1,1,1.0,0.3165200037546128,1,1,1
STA,2025-06-25,1,1,0.0,0.0,0,1,1
STA,2025-06-27,1,1,0.0,0.0,0,1,1
STA,2025-07-02,0,1,1.0,0.3339500210997425,1,1,1
STA,2025-07-03,0,1,1.0,0.36894146835530445,1,1,1
STA,2025-07-04,0,1,1.0,0.34903705364329696,1,1,1
STA,2025-07-09,0,1,1.0,0.39142838082953607,1,1,1
STA,2025-07-10,0,1,1.0,0.3834596069386799,1,1,1
STA,2025-07-11,1,1,1.0,0.4346717362639525,1,1,1
STA,2025-07-16,1,1,1.0,0.4552729514556612,1,1,1
STA,2025-07-17,1,1,1.0,0.48011597462124045,1,1,1
STA,2025-07-18,1,1,1.0,0.46921333394946796,1,1,1
STA,2025-07-23,1,1,0.0,0.0,0,1,1
STA,2025-07-24,1,1,0.0,0.0,0,1,1
STA,2025-07-30,1,1,0.0,0.0,0,1,1
STA,2025-07-31,1,1,0.0,0.0,0,1,1
STA,2025-08-01,1,1,0.0,0.0,0,1,1
STA,2025-08-06,1,1,-1.0,0.39114362532119606,0,1,1
STA,2025-08-08,0,1,-1.0,0.3891469883574731,0,1,1
STA,2025-08-14,0,1,-1.0,0.3811174612824523,0,1,1
STA,2025-08-15,0,1,-1.0,0.3763579906826662,0,1,1
STA,2025-08-20,1,1,-0.07360196573261911,0.3359543226496293,0,1,1
STA,2025-08-21,1,1,-1.0,0.3544701679621008,0,1,1
STA,2025-08-22,1,1,-1.0,0.34998809538713055,0,1,1
STA,2025-08-27,1,1,-1.0,0.35882682386995524,0,1,1
STA,2025-08-28,1,1,-1.0,0.3591045499837247,0,1,1
STA,2025-09-03,1,1,-1.0,0.37156538536458056,0,1,1
STA,2025-09-05,1,1,-1.0,0.3647888155867157,0,1,1
STA,2025-09-10,0,1,-1.0,0.3693396820539101,0,1,1
STA,2025-09-11,1,1,-1.0,0.3690030572931783,0,1,1
STA,2025-09-17,1,1,-1.0,0.35867323730257394,0,1,1
STA,2025-09-18,0,1,-0.6199531211045445,0.3436677699805687,0,1,1
STA,2025-09-19,1,1,-1.0,0.324315573846645,0,1,1
STA,2025-09-24,0,1,0.0,0.0,0,1,1
STA,2025-09-25,0,1,-1.0,0.3239831065931518,0,1,1
STA,2025-09-26,0,1,-1.0,0.3231872490980847,0,1,1
STA,2025-10-01,0,1,-1.0,0.3278139276669236,0,1,1
STA,2025-10-02,0,1,-1.0,0.325857104506821,0,1,1
STA,2025-10-03,0,1,-1.0,0.324933098644519,0,1,1
STA,2025-10-08,1,1,-1.0,0.3238657418078307,0,1,1
STA,2025-10-10,1,1,-1.0,0.32360693805274027,0,1,1
STA,2025-10-16,1,1,-1.0,0.3230532399271244,0,1,1
STA,2025-10-17,1,1,-1.0,0.3218854193023218,0,1,1
STA,2025-10-22,0,1,-1.0,0.311179560156766,0,1,1
STA,2025-10-23,0,1,-1.0,0.31765139077649246,0,1,1
STA,2025-10-24,0,1,-1.0,0.3214513080872603,0,1,1
STA,2025-10-29,0,1,-1.0,0.3212662440641496,0,1,1
STA,2025-10-30,1,1,0.0,0.0,0,1,1
STA,2025-10-31,1,1,0.0,0.0,0,1,1
STA,2025-11-05,1,1,0.0,0.0,0,1,1
STA,2025-11-06,1,1,0.0,0.0,0,1,1
STA,2025-11-07,1,1,0.0,0.0,0,1,1
STA,2025-11-12,1,1,0.0,0.0,0,1,1
STA,2025-11-13,1,1,0.0,0.0,0,1,1
STA,2025-11-19,0,1,0.0,0.0,0,1,1
STA,2025-11-20,0,1,0.0,0.0,0,1,1
STA,2025-11-21,1,1,0.0,0.0,0,1,1
STA,2025-11-26,0,1,0.0,0.0,0,1,1
STA,2025-11-27,0,1,0.0,0.0,0,1,1
STA,2025-11-28,1,1,0.0,0.0,0,1,1
STA,2025-12-03,0,1,0.0,0.0,0,1,1
STA,2025-12-04,0,1,0.0,0.0,0,1,1
STAR,2025-04-11,1,0,0.0,0.0,0,0,0
STAR,2025-04-16,1,0,0.0,0.0,0,0,0
STAR,2025-04-17,1,0,0.0,0.0,0,0,0
STAR,2025-04-18,1,0,0.0,0.0,0,0,0
STAR,2025-04-23,0,0,0.0,0.0,0,0,0
STAR,2025-04-24,0,0,0.0,0.0,0,0,0
STAR,2025-05-02,0,0,0.0,0.0,0,0,0
STAR,2025-05-07,0,0,0.0,0.0,0,0,0
STAR,2025-05-08,0,0,0.0,0.0,0,0,0
STAR,2025-05-14,0,0,0.0,0.0,0,0,0
STAR,2025-05-15,1,0,0.0,0.0,0,0,0
STAR,2025-05-16,1,0,1.0,0.39224325144373423,1,0,0
STAR,2025-05-21,1,0,1.0,0.3710375971347176,1,0,0
STAR,2025-05-22,1,0,1.0,0.36882251204350197,1,0,0
STAR,2025-05-23,0,0,1.0,0.3661374429544232,1,0,0
STAR,2025-05-28,0,0,1.0,0.36473631234874376,1,0,0
STAR,2025-05-29,0,0,1.0,0.3646954372689819,1,0,0
STAR,2025-05-30,0,0,1.0,0.363799886331157,1,0,0
STAR,2025-06-04,0,0,1.0,0.3671924279434512,1,0,0
STAR,2025-06-05,0,0,1.0,0.37184295067614015,1,0,0
STAR,2025-06-11,0,0,1.0,0.3736886309046864,1,0,0
STAR,2025-06-12,0,0,1.0,0.3723973560448173,1,0,0
STAR,2025-06-13,1,0,1.0,0.3409505522104773,1,0,0
STAR,2025-06-18,0,0,1.0,0.31543968465260985,1,0,0
STAR,2025-06-19,0,0,1.0,0.32039559350978136,1,0,0
STAR,2025-06-25,0,0,0.0,0.0,0,0,0
STAR,2025-06-27,0,0,0.0,0.0,0,0,0
STAR,2025-07-02,1,0,-1.0,0.3137426699707072,0,0,0
STAR,2025-07-03,1,0,-1.0,0.3246217408091675,0,0,0
STAR,2025-07-04,0,0,-1.0,0.3282221995184851,0,0,0
STAR,2025-07-09,0,0,-1.0,0.3155864892308847,0,0,0
STAR,2025-07-10,0,0,-1.0,0.3164749054908544,0,0,0
STAR,2025-07-11,0,0,0.0,0.0,0,0,0
STAR,2025-07-16,1,0,-1.0,0.30732411739915283,0,0,0
STAR,2025-07-17,1,0,-1.0,0.30710973706780065,0,0,0
STAR,2025-07-18,1,0,-1.0,0.33509670341776576,0,0,0
STAR,2025-07-23,1,0,-1.0,0.3153612013765646,0,0,0
STAR,2025-07-24,1,0,1.0,0.3005850786548096,1,0,0
STAR,2025-07-30,1,0,0.0,0.0,0,0,0
STAR,2025-07-31,1,0,1.0,0.30440625112589703,1,0,0
STAR,2025-08-01,1,0,1.0,0.30552099077648487,1,0,0
STAR,2025-08-06,0,0,1.0,0.3076291400182663,1,0,0
STAR,2025-08-08,0,0,1.0,0.3187263096378759,1,0,0
STAR,2025-08-14,0,0,-1.0,0.3229349524309348,0,0,0
STAR,2025-08-15,0,0,-1.0,0.3227211395743466,0,0,0
STAR,2025-08-20,1,0,1.0,0.310578864893726,1,0,0
STAR,2025-08-21,1,0,0.0,0.0,0,0,0
STAR,2025-08-22,0,0,0.0,0.0,0,0,0
STAR,2025-08-27,1,0,0.0,0.0,0,0,0
STAR,2025-08-28,1,0,0.0,0.0,0,0,0
STAR,2025-09-03,1,0,0.07767883752374512,0.3401311201610968,1,0,0
STAR,2025-09-05,1,0,0.5541027293867824,0.39623176283056394,1,0,0
STAR,2025-09-10,1,0,0.5574299371982403,0.3948051481382856,1,0,0
STAR,2025-09-11,1,0,0.5607189526776973,0.39782316252410993,1,0,0
STAR,2025-09-17,0,0,0.23633370277557486,0.4193600692494599,1,0,0
STAR,2025-09-18,0,0,1.0,0.42999416228664283,1,0,0
STAR,2025-09-19,0,0,1.0,0.404379319238797,1,0,0
STAR,2025-09-24,0,0,0.624090794836373,0.40145175658613474,1,0,0
STAR,2025-09-25,0,0,0.6185552308149433,0.39833781947518043,1,0,0
STAR,2025-09-26,0,0,0.6200297114589918,0.39529716439069834,1,0,0
STAR,2025-10-01,0,0,1.0,0.42281808419919614,1,0,0
STAR,2025-10-02,0,0,1.0,0.4236161890534765,1,0,0
STAR,2025-10-03,0,0,0.6145325290698719,0.3923225253292167,1,0,0
STAR,2025-10-08,1,0,0.42301502524833495,0.3603241070399896,1,0,0
STAR,2025-10-10,0,0,1.0,0.3795073526909183,1,0,0
STAR,2025-10-16,1,0,0.42912095269440986,0.3593219403463567,1,0,0
STAR,2025-10-17,0,0,0.44501380831966597,0.36514418266255033,1,0,0
STAR,2025-10-22,0,0,0.5451375593739339,0.36167900840932976,1,0,0
STAR,2025-10-23,0,0,0.4290004009276415,0.3845764265244094,1,0,0
STAR,2025-10-24,0,0,0.415419010212385,0.387962237702599,1,0,0
STAR,2025-10-29,0,0,0.3945123631909236,0.39825371591592545,1,0,0
STAR,2025-10-30,0,0,0.3838459387284727,0.39212499163781067,1,0,0
STAR,2025-10-31,0,0,0.45808459583575295,0.38365789284275537,1,0,0
STAR,2025-11-05,1,0,0.573501997547296,0.35777742858008243,1,0,0
STAR,2025-11-06,1,0,1.0,0.33960231055495843,1,0,0
STAR,2025-11-07,1,0,1.0,0.33489049709470947,1,0,0
STAR,2025-11-12,1,0,1.0,0.3180245291694686,1,0,0
STAR,2025-11-13,0,0,1.0,0.33014031781123465,1,0,0
STAR,2025-11-19,0,0,1.0,0.31747220775996043,1,0,0
STAR,2025-11-20,0,0,1.0,0.3238396463551738,1,0,0
STAR,2025-11-21,0,0,1.0,0.3212246816888647,1,0,0
STAR,2025-11-26,1,0,1.0,0.3166360739980467,1,0,0
STAR,2025-11-27,0,0,1.0,0.3092548752018742,1,0,0
STAR,2025-11-28,0,0,1.0,0.31950501748589794,1,0,0
STAR,2025-12-03,0,0,0.0,0.0,0,0,0
STAR,2025-12-04,1,0,1.0,0.3074460329401965,1,0,0
STB,2025-01-22,0,0,-1.0,0.33570975554817084,0,0,0
STB,2025-01-23,1,0,-1.0,0.3364252587701916,0,0,0
STB,2025-01-24,1,0,-1.0,0.3370761285311358,0,0,0
STB,2025-01-29,1,0,-1.0,0.35824058067230485,0,0,0
STB,2025-01-30,1,0,-1.0,0.35238695283311766,0,0,0
STB,2025-02-05,0,0,-1.0,0.3767642638987816,0,0,0
STB,2025-02-06,1,0,-1.0,0.3944616274185819,0,0,0
STB,2025-02-07,1,0,-1.0,0.351806215502666,0,0,0
STB,2025-02-12,1,0,-1.0,0.3672613943489357,0,0,0
STB,2025-02-13,1,0,-1.0,0.3566997407753884,0,0,0
STB,2025-02-14,1,0,-1.0,0.34325978904466026,0,0,0
STB,2025-02-19,1,0,-1.0,0.3311952272761265,0,0,0
STB,2025-02-20,1,0,-1.0,0.314022242527171,0,0,0
STB,2025-02-21,1,0,-1.0,0.31732715810949086,0,0,0
STB,2025-02-26,1,0,-1.0,0.31141504811507587,0,0,0
STB,2025-02-27,1,0,-1.0,0.3147752886334274,0,0,0
STB,2025-02-28,1,0,-1.0,0.3325393500035985,0,0,0
STB,2025-03-05,0,0,-1.0,0.34562722413100755,0,0,0
STB,2025-03-06,0,0,-1.0,0.43410841810069745,0,0,0
STB,2025-03-07,0,0,-1.0,0.4641455598705455,0,0,0
STB,2025-03-12,1,0,-1.0,0.4299217634728459,0,0,0
STB,2025-03-13,0,0,-1.0,0.3583997437379462,0,0,0
STB,2025-03-19,0,0,-1.0,0.352374492846102,0,0,0
STB,2025-03-21,0,0,-1.0,0.39328139436919685,0,0,0
STB,2025-03-27,0,0,-1.0,0.3536774980652301,0,0,0
STB,2025-03-28,0,0,-1.0,0.3573850125165299,0,0,0
STB,2025-04-02,0,0,-1.0,0.3269353916810937,0,0,0
STB,2025-04-04,0,0,0.0,0.0,0,0,0
STB,2025-04-10,0,0,-1.0,0.31476173497317184,0,0,0
STB,2025-04-11,0,0,-1.0,0.3110724022210477,0,0,0
STB,2025-04-16,0,0,-1.0,0.32083473680232155,0,0,0
STB,2025-04-17,0,0,-1.0,0.33352003164098765,0,0,0
STB,2025-04-18,0,0,-1.0,0.3405002513312919,0,0,0
STB,2025-04-23,0,0,-1.0,0.33182496606651946,0,0,0
STB,2025-04-24,0,0,-1.0,0.33182088815359123,0,0,0
STB,2025-05-02,0,0,-1.0,0.3474796719259659,0,0,0
STB,2025-05-07,1,0,-0.42598049842240676,0.35742565229095313,0,0,0
STB,2025-05-08,1,0,-1.0,0.37810850324029116,0,0,0
STB,2025-05-14,1,0,-1.0,0.3641908495356886,0,0,0
STB,2025-05-15,1,0,-1.0,0.36866308488428035,0,0,0
STB,2025-05-16,1,0,-1.0,0.366896865518329,0,0,0
STB,2025-05-21,1,0,-1.0,0.3372816773961456,0,0,0
STB,2025-05-22,1,0,-1.0,0.3518897728011178,0,0,0
STB,2025-05-23,0,0,-0.37042901871501305,0.3431767488769357,0,0,0
STB,2025-05-28,1,0,-0.33902762839197276,0.3584929620880745,0,0,0
STB,2025-05-29,0,0,-0.3551792929678762,0.3650604884086432,0,0,0
STB,2025-05-30,0,0,-0.4174649532861268,0.37182524042588433,0,0,0
STB,2025-06-04,0,0,-0.33206705065989844,0.38458607637409425,0,0,0
STB,2025-06-05,0,0,-0.3976929301809302,0.356818338249262,0,0,0
STB,2025-06-11,0,0,-1.0,0.3803265684372322,0,0,0
STB,2025-06-12,0,0,-0.11098216987089715,0.3539320434513744,0,0,0
STB,2025-06-13,1,0,-0.11121421871354206,0.3533284750611481,0,0,0
STB,2025-06-18,1,0,-1.0,0.3349541290484259,0,0,0
STB,2025-06-19,1,0,-1.0,0.3028175889045748,0,0,0
STB,2025-06-25,1,0,0.0,0.0,0,0,0
STB,2025-06-27,1,0,0.0,0.0,0,0,0
STB,2025-07-02,1,0,-1.0,0.31572431063811923,0,0,0
STB,2025-07-03,0,0,0.0,0.0,0,0,0
STB,2025-07-04,0,0,0.0,0.0,0,0,0
STB,2025-07-09,0,0,0.0,0.0,0,0,0
STB,2025-07-10,0,0,0.0,0.0,0,0,0
STB,2025-07-11,0,0,0.0,0.0,0,0,0
STB,2025-07-16,1,0,0.0,0.0,0,0,0
STB,2025-07-17,1,0,0.0,0.0,0,0,0
STB,2025-07-18,1,0,0.0,0.0,0,0,0
STB,2025-07-23,1,0,0.0,0.0,0,0,0
STB,2025-07-24,1,0,0.0,0.0,0,0,0
STB,2025-07-30,0,0,-1.0,0.42053545862639097,0,0,0
STB,2025-07-31,1,0,-1.0,0.31285719653570226,0,0,0
STB,2025-08-01,1,0,0.0,0.0,0,0,0
STB,2025-08-06,1,0,-1.0,0.3507891615152366,0,0,0
STB,2025-08-08,1,0,-1.0,0.38100460916670753,0,0,0
STB,2025-08-14,0,0,-0.06652243711409286,0.3322341909659571,0,0,0
STB,2025-08-15,0,0,-0.07840919388796834,0.32882316900740327,0,0,0
STB,2025-08-20,0,0,-1.0,0.36428975372436756,0,0,0
STB,2025-08-21,1,0,-1.0,0.36303233202079666,0,0,0
STB,2025-08-22,0,0,-0.0937077463330084,0.33698858089277817,0,0,0
STB,2025-08-27,1,0,-0.07862788076143624,0.35415601452283607,0,0,0
STB,2025-08-28,1,0,-0.004555800887578806,0.3347920912229323,0,0,0
STB,2025-09-03,1,0,1.0,0.30706959559221536,1,0,0
STB,2025-09-05,1,0,0.0,0.0,0,0,0
STB,2025-09-10,1,0,0.0,0.0,0,0,0
STB,2025-09-11,1,0,1.0,0.30214993548007146,1,0,0
STB,2025-09-17,1,0,1.0,0.31421592675892357,1,0,0
STB,2025-09-18,1,0,1.0,0.3122638299411615,1,0,0
STB,2025-09-19,1,0,0.0,0.0,0,0,0
STB,2025-09-24,1,0,0.0,0.0,0,0,0
STB,2025-09-25,1,0,0.0,0.0,0,0,0
STB,2025-09-26,1,0,0.0,0.0,0,0,0
STB,2025-10-01,0,0,0.0,0.0,0,0,0
STB,2025-10-02,0,0,0.0,0.0,0,0,0
STB,2025-10-03,1,0,0.0,0.0,0,0,0
STB,2025-10-08,1,0,-1.0,0.3289979422016439,0,0,0
STB,2025-10-10,1,0,0.0,0.0,0,0,0
STB,2025-10-16,1,0,0.0,0.0,0,0,0
STB,2025-10-17,1,0,0.0,0.0,0,0,0
STB,2025-10-22,0,0,1.0,0.35023753323094536,1,0,0
STB,2025-10-23,1,0,1.0,0.3347567123778121,1,0,0
STB,2025-10-24,1,0,0.0,0.0,0,0,0
STB,2025-10-29,0,0,1.0,0.4105506454667566,1,0,0
STB,2025-10-30,0,0,1.0,0.4151247767727373,1,0,0
STB,2025-10-31,1,0,1.0,0.41469370456112803,1,0,0
STB,2025-11-05,1,0,1.0,0.42303466270246326,1,0,0
STB,2025-11-06,1,0,1.0,0.46191500171594485,1,0,0
STB,2025-11-07,1,0,1.0,0.46102793908273987,1,0,0
STB,2025-11-12,1,0,1.0,0.4682298216695006,1,0,0
STB,2025-11-13,1,0,1.0,0.4617556654949296,1,0,0
STB,2025-11-19,1,0,1.0,0.47098887623053276,1,0,0
STB,2025-11-20,1,0,1.0,0.4613553078311976,1,0,0
STB,2025-11-21,0,0,1.0,0.46706687129162905,1,0,0
STB,2025-11-26,1,0,1.0,0.42506629340520397,1,0,0
STB,2025-11-27,1,0,1.0,0.4398096724801254,1,0,0
STB,2025-11-28,1,0,1.0,0.42385567919511036,1,0,0
STB,2025-12-03,0,0,1.0,0.436708490591073,1,0,0
STB,2025-12-04,0,0,1.0,0.44295889564632085,1,0,0
TELNET HOLDING,2025-01-22,0,1,0.0,0.0,0,1,1
TELNET HOLDING,2025-01-23,0,1,0.0,0.0,0,1,1
TELNET HOLDING,2025-01-24,0,1,0.0,0.0,0,1,1
TELNET HOLDING,2025-01-29,0,1,1.0,0.3036817283888803,1,1,1
TELNET HOLDING,2025-01-30,0,1,0.0,0.0,0,1,1
TELNET HOLDING,2025-02-05,0,1,0.0,0.0,0,1,1
TELNET HOLDING,2025-02-06,0,1,1.0,0.3270638013283393,1,1,1
TELNET HOLDING,2025-02-07,1,1,1.0,0.32783685996356526,1,1,1
TELNET HOLDING,2025-02-12,1,1,0.0,0.0,0,1,1
TELNET HOLDING,2025-02-13,1,1,0.0,0.0,0,1,1
TELNET HOLDING,2025-02-14,1,1,0.0,0.0,0,1,1
TELNET HOLDING,2025-02-19,1,1,1.0,0.31866773194910586,1,1,1
TELNET HOLDING,2025-02-20,1,1,1.0,0.3153525917080789,1,1,1
TELNET HOLDING,2025-02-21,1,1,1.0,0.3001571667924152,1,1,1
TELNET HOLDING,2025-02-26,1,1,1.0,0.3105491918649639,1,1,1
TELNET HOLDING,2025-02-27,1,1,1.0,0.4066020563013517,1,1,1
TELNET HOLDING,2025-02-28,1,1,1.0,0.40502094645450615,1,1,1
TELNET HOLDING,2025-03-05,1,1,0.0,0.0,0,1,1
TELNET HOLDING,2025-03-06,1,1,0.0,0.0,0,1,1
TELNET HOLDING,2025-03-07,1,1,0.0,0.0,0,1,1
TELNET HOLDING,2025-03-12,1,1,0.0,0.0,0,1,1
TELNET HOLDING,2025-03-13,0,1,0.0,0.0,0,1,1
TELNET HOLDING,2025-03-19,1,1,0.0,0.0,0,1,1
TELNET HOLDING,2025-03-21,1,1,0.0,0.0,0,1,1
TELNET HOLDING,2025-03-27,0,1,0.0,0.0,0,1,1
TELNET HOLDING,2025-03-28,0,1,0.0,0.0,0,1,1
TELNET HOLDING,2025-04-02,0,1,0.0,0.0,0,1,1
TELNET HOLDING,2025-04-04,1,1,0.0,0.0,0,1,1
TELNET HOLDING,2025-04-10,1,1,0.0,0.0,0,1,1
TELNET HOLDING,2025-04-11,0,1,0.0,0.0,0,1,1
TELNET HOLDING,2025-04-16,0,1,0.0,0.0,0,1,1
TELNET HOLDING,2025-04-17,0,1,0.0,0.0,0,1,1
TELNET HOLDING,2025-04-18,0,1,0.0,0.0,0,1,1
TELNET HOLDING,2025-04-23,0,1,0.0,0.0,0,1,1
TELNET HOLDING,2025-04-24,0,1,0.0,0.0,0,1,1
TELNET HOLDING,2025-05-02,0,1,-1.0,0.31757377574995443,0,1,1
TELNET HOLDING,2025-05-07,0,1,-1.0,0.30656286173683844,0,1,1
TELNET HOLDING,2025-05-08,0,1,0.0,0.0,0,1,1
TELNET HOLDING,2025-05-14,1,1,-1.0,0.3057115373893364,0,1,1
TELNET HOLDING,2025-05-15,1,1,0.0,0.0,0,1,1
TELNET HOLDING,2025-05-16,1,1,-1.0,0.3190485416408402,0,1,1
TELNET HOLDING,2025-05-21,0,1,-1.0,0.33890478328932994,0,1,1
TELNET HOLDING,2025-05-22,0,1,-1.0,0.3326200412992317,0,1,1
TELNET HOLDING,2025-05-23,0,1,-1.0,0.3228054649265732,0,1,1
TELNET HOLDING,2025-05-28,0,1,-1.0,0.34706699658482076,0,1,1
TELNET HOLDING,2025-05-29,0,1,-1.0,0.35232229453108227,0,1,1
TELNET HOLDING,2025-05-30,0,1,-1.0,0.3582521135912189,0,1,1
TELNET HOLDING,2025-06-04,1,1,-1.0,0.3334152753368063,0,1,1
TELNET HOLDING,2025-06-05,0,1,-1.0,0.3197239256469377,0,1,1
TELNET HOLDING,2025-06-11,0,1,-1.0,0.31582006270314256,0,1,1
TELNET HOLDING,2025-06-12,1,1,-1.0,0.32875022416252836,0,1,1
TELNET HOLDING,2025-06-13,1,1,-1.0,0.32886753787433903,0,1,1
TELNET HOLDING,2025-06-18,1,1,-1.0,0.3343316037408541,0,1,1
TELNET HOLDING,2025-06-19,1,1,-1.0,0.3469219514166157,0,1,1
TELNET HOLDING,2025-06-25,1,1,-1.0,0.4482646182588957,0,1,1
TELNET HOLDING,2025-06-27,0,1,-1.0,0.445374534077837,0,1,1
TELNET HOLDING,2025-07-02,1,1,-1.0,0.35470146399081537,0,1,1
TELNET HOLDING,2025-07-03,1,1,-1.0,0.3570488534596949,0,1,1
TELNET HOLDING,2025-07-04,1,1,-1.0,0.34975856755306045,0,1,1
TELNET HOLDING,2025-07-09,0,1,-1.0,0.3839974868938861,0,1,1
TELNET HOLDING,2025-07-10,0,1,-1.0,0.38140710790410476,0,1,1
TELNET HOLDING,2025-07-11,0,1,-1.0,0.39921970559776526,0,1,1
TELNET HOLDING,2025-07-16,0,1,-1.0,0.41764232418279,0,1,1
TELNET HOLDING,2025-07-17,0,1,-1.0,0.4266020588001063,0,1,1
TELNET HOLDING,2025-07-18,0,1,-1.0,0.4218762705177196,0,1,1
TELNET HOLDING,2025-07-23,1,1,-1.0,0.37812538847135063,0,1,1
TELNET HOLDING,2025-07-24,1,1,-1.0,0.3863962905112522,0,1,1
TELNET HOLDING,2025-07-30,0,1,-1.0,0.35838548749384025,0,1,1
TELNET HOLDING,2025-07-31,0,1,-1.0,0.3476975993792153,0,1,1
TELNET HOLDING,2025-08-01,0,1,-1.0,0.35135672452967304,0,1,1
TELNET HOLDING,2025-08-06,0,1,-1.0,0.4168656924073124,0,1,1
TELNET HOLDING,2025-08-08,0,1,-1.0,0.33455455485610774,0,1,1
TELNET HOLDING,2025-08-14,0,1,0.0,0.0,0,1,1
TELNET HOLDING,2025-08-15,0,1,0.0,0.0,0,1,1
TELNET HOLDING,2025-08-20,0,1,1.0,0.31523671561041633,1,1,1
TELNET HOLDING,2025-08-21,0,1,-0.05318503170609586,0.35479613060341825,0,1,1
TELNET HOLDING,2025-08-22,0,1,-0.04964373415623453,0.3533051272001678,0,1,1
TELNET HOLDING,2025-08-27,1,1,-0.019004767535358864,0.35882926468781606,0,1,1
TELNET HOLDING,2025-08-28,1,1,-0.014963369101098667,0.35378220187518206,0,1,1
TELNET HOLDING,2025-09-03,0,1,-0.1173657739989787,0.3711288849097587,0,1,1
TELNET HOLDING,2025-09-05,0,1,-0.10737259838566762,0.362364668337277,0,1,1
TELNET HOLDING,2025-09-10,0,1,-0.055473080492043664,0.35819670888547517,0,1,1
TELNET HOLDING,2025-09-11,0,1,-0.06509289903570119,0.3611114294251094,0,1,1
TELNET HOLDING,2025-09-17,0,1,-0.011478881477828528,0.3747450575257672,0,1,1
TELNET HOLDING,2025-09-18,0,1,-0.01220046243920574,0.37463377496176814,0,1,1
TELNET HOLDING,2025-09-19,0,1,-0.012047847872109262,0.3679362445877893,0,1,1
TELNET HOLDING,2025-09-24,0,1,-0.12632997192769338,0.364275492405363,0,1,1
TELNET HOLDING,2025-09-25,0,1,-0.09280141168205211,0.36361231042811604,0,1,1
TELNET HOLDING,2025-09-26,0,1,-1.0,0.38764702500055465,0,1,1
TELNET HOLDING,2025-10-01,0,1,-1.0,0.3816995379053537,0,1,1
TELNET HOLDING,2025-10-02,0,1,-0.1063833483174606,0.33767220551976346,0,1,1
TELNET HOLDING,2025-10-03,0,1,-1.0,0.3781787259195634,0,1,1
TELNET HOLDING,2025-10-08,0,1,0.0061502655977351325,0.304380080160825,1,1,1
TELNET HOLDING,2025-10-10,1,1,0.0,0.0,0,1,1
TELNET HOLDING,2025-10-16,0,1,0.0,0.0,0,1,1
TELNET HOLDING,2025-10-17,0,1,0.0,0.0,0,1,1
TELNET HOLDING,2025-10-22,0,1,0.0,0.0,0,1,1
TELNET HOLDING,2025-10-23,0,1,0.0,0.0,0,1,1
TELNET HOLDING,2025-10-24,0,1,0.0,0.0,0,1,1
TELNET HOLDING,2025-10-29,0,1,1.0,0.30729837002037463,1,1,1
TELNET HOLDING,2025-10-30,0,1,0.0,0.0,0,1,1
TELNET HOLDING,2025-10-31,0,1,0.0,0.0,0,1,1
TELNET HOLDING,2025-11-05,0,1,0.0,0.0,0,1,1
TELNET HOLDING,2025-11-06,1,1,0.0,0.0,0,1,1
TELNET HOLDING,2025-11-07,0,1,0.0,0.0,0,1,1
TELNET HOLDING,2025-11-12,1,1,0.0,0.0,0,1,1
TELNET HOLDING,2025-11-13,1,1,0.0,0.0,0,1,1
TELNET HOLDING,2025-11-19,1,1,0.0,0.0,0,1,1
TELNET HOLDING,2025-11-20,0,1,0.0,0.0,0,1,1
TELNET HOLDING,2025-11-21,0,1,0.0,0.0,0,1,1
TELNET HOLDING,2025-11-26,0,1,0.0,0.0,0,1,1
TELNET HOLDING,2025-11-27,0,1,0.0,0.0,0,1,1
TELNET HOLDING,2025-11-28,1,1,0.0,0.0,0,1,1
TELNET HOLDING,2025-12-03,1,1,0.0,0.0,0,1,1
TELNET HOLDING,2025-12-04,1,1,0.0,0.0,0,1,1
TPR,2025-01-22,1,1,-1.0,0.3087609495510012,0,1,1
TPR,2025-01-23,1,1,0.0,0.0,0,1,1
TPR,2025-01-24,0,1,0.0,0.0,0,1,1
TPR,2025-01-29,0,1,0.0,0.0,0,1,1
TPR,2025-01-30,1,1,0.0,0.0,0,1,1
TPR,2025-02-05,1,1,-1.0,0.33378410148712906,0,1,1
TPR,2025-02-06,1,1,0.0,0.0,0,1,1
TPR,2025-02-07,1,1,0.0,0.0,0,1,1
TPR,2025-02-12,1,1,0.0,0.0,0,1,1
TPR,2025-02-13,1,1,0.0,0.0,0,1,1
TPR,2025-02-14,1,1,0.0,0.0,0,1,1
TPR,2025-02-19,1,1,1.0,0.3188169522237682,1,1,1
TPR,2025-02-20,0,1,1.0,0.31646152273688943,1,1,1
TPR,2025-02-21,1,1,-0.047666356090174195,0.3187200771023131,0,1,1
TPR,2025-02-26,1,1,0.0,0.0,0,1,1
TPR,2025-02-27,1,1,0.0,0.0,0,1,1
TPR,2025-02-28,1,1,0.0,0.0,0,1,1
TPR,2025-03-05,1,1,1.0,0.35848138248098677,1,1,1
TPR,2025-03-06,1,1,1.0,0.35961902582048966,1,1,1
TPR,2025-03-07,1,1,1.0,0.3879193854278196,1,1,1
TPR,2025-03-12,1,1,1.0,0.35598906848532097,1,1,1
TPR,2025-03-13,1,1,1.0,0.3606134203748753,1,1,1
TPR,2025-03-19,0,1,1.0,0.3875510388478777,1,1,1
TPR,2025-03-21,0,1,1.0,0.37690402503772924,1,1,1
TPR,2025-03-27,1,1,1.0,0.32568325847396307,1,1,1
TPR,2025-03-28,1,1,1.0,0.3221784963396587,1,1,1
TPR,2025-04-02,1,1,1.0,0.3199532406800155,1,1,1
TPR,2025-04-04,1,1,1.0,0.32884214961482977,1,1,1
TPR,2025-04-10,1,1,0.0,0.0,0,1,1
TPR,2025-04-11,1,1,1.0,0.3742474082595487,1,1,1
TPR,2025-04-16,0,1,1.0,0.4244433639796171,1,1,1
TPR,2025-04-17,0,1,1.0,0.426738320022742,1,1,1
TPR,2025-04-18,0,1,0.4336920331127826,0.35426302984651764,1,1,1
TPR,2025-04-23,1,1,1.0,0.36474069680927323,1,1,1
TPR,2025-04-24,0,1,1.0,0.34462364689782,1,1,1
TPR,2025-05-02,0,1,1.0,0.38909505303869135,1,1,1
TPR,2025-05-07,1,1,1.0,0.37529844904055043,1,1,1
TPR,2025-05-08,0,1,1.0,0.37206687480714173,1,1,1
TPR,2025-05-14,1,1,1.0,0.3668152496298209,1,1,1
TPR,2025-05-15,0,1,1.0,0.3672766045692957,1,1,1
TPR,2025-05-16,0,1,1.0,0.36462429864139745,1,1,1
TPR,2025-05-21,1,1,1.0,0.3715779733866799,1,1,1
TPR,2025-05-22,1,1,1.0,0.3645326871837439,1,1,1
TPR,2025-05-23,1,1,1.0,0.34623919631541955,1,1,1
TPR,2025-05-28,1,1,1.0,0.3833773004532284,1,1,1
TPR,2025-05-29,0,1,1.0,0.35126410566871513,1,1,1
TPR,2025-05-30,0,1,1.0,0.34666229712118557,1,1,1
TPR,2025-06-04,0,1,0.0,0.0,0,1,1
TPR,2025-06-05,0,1,0.0,0.0,0,1,1
TPR,2025-06-11,1,1,0.0,0.0,0,1,1
TPR,2025-06-12,1,1,0.0,0.0,0,1,1
TPR,2025-06-13,1,1,0.0,0.0,0,1,1
TPR,2025-06-18,1,1,0.0,0.0,0,1,1
TPR,2025-06-19,0,1,0.0,0.0,0,1,1
TPR,2025-06-25,1,1,0.0,0.0,0,1,1
TPR,2025-06-27,1,1,0.0,0.0,0,1,1
TPR,2025-07-02,1,1,0.0,0.0,0,1,1
TPR,2025-07-03,1,1,0.0,0.0,0,1,1
TPR,2025-07-04,1,1,0.0,0.0,0,1,1
TPR,2025-07-09,0,1,-1.0,0.30340629854408446,0,1,1
TPR,2025-07-10,0,1,0.0,0.0,0,1,1
TPR,2025-07-11,0,1,0.0,0.0,0,1,1
TPR,2025-07-16,1,1,0.0,0.0,0,1,1
TPR,2025-07-17,1,1,0.0,0.0,0,1,1
TPR,2025-07-18,1,1,0.0,0.0,0,1,1
TPR,2025-07-23,0,1,0.0,0.0,0,1,1
TPR,2025-07-24,0,1,1.0,0.3710616844842635,1,1,1
TPR,2025-07-30,1,1,1.0,0.33320014574755746,1,1,1
TPR,2025-07-31,1,1,1.0,0.3698860264225434,1,1,1
TPR,2025-08-01,1,1,0.11150940776419525,0.33965845512582027,1,1,1
TPR,2025-08-06,1,1,-0.22661648999733294,0.33576031218348845,0,1,1
TPR,2025-08-08,0,1,0.13546450692054784,0.37326558408751703,1,1,1
TPR,2025-08-14,0,1,0.08715916183704452,0.34422759633092953,1,1,1
TPR,2025-08-15,0,1,0.0898811242522453,0.343995395859786,1,1,1
TPR,2025-08-20,1,1,0.05219527812560035,0.3493683013367791,1,1,1
TPR,2025-08-21,0,1,-0.2804032282228889,0.34464201019061586,0,1,1
TPR,2025-08-22,0,1,-0.27939495272146664,0.3429816690167007,0,1,1
TPR,2025-08-27,0,1,-0.2687582584880256,0.3400477070454846,0,1,1
TPR,2025-08-28,0,1,-0.23494636675732475,0.34169924456955886,0,1,1
TPR,2025-09-03,0,1,0.05818380658960158,0.3368511722959384,1,1,1
TPR,2025-09-05,0,1,0.05710597404461812,0.3281088405269861,1,1,1
TPR,2025-09-10,0,1,1.0,0.32469186317461907,1,1,1
TPR,2025-09-11,0,1,1.0,0.32252496815747256,1,1,1
TPR,2025-09-17,1,1,1.0,0.32880477435387423,1,1,1
TPR,2025-09-18,1,1,0.056366538599589046,0.3296766432327982,1,1,1
TPR,2025-09-19,0,1,0.08100728181679097,0.3319599255122837,1,1,1
TPR,2025-09-24,0,1,0.08327702537594718,0.33597164960611525,1,1,1
TPR,2025-09-25,0,1,0.08584581752046613,0.337073212823652,1,1,1
TPR,2025-09-26,0,1,0.08774131964394925,0.3379421549455467,1,1,1
TPR,2025-10-01,0,1,1.0,0.35790495578578957,1,1,1
TPR,2025-10-02,0,1,1.0,0.3649681180057804,1,1,1
TPR,2025-10-03,0,1,1.0,0.3276098188309203,1,1,1
TPR,2025-10-08,1,1,-0.06788379485040416,0.37434926298945465,0,1,1
TPR,2025-10-10,1,1,-0.06594415076242913,0.3695386231354385,0,1,1
TPR,2025-10-16,1,1,-0.04085018905495412,0.370731065349046,0,1,1
TPR,2025-10-17,1,1,-0.320658831550469,0.34888815075686086,0,1,1
TPR,2025-10-22,0,1,-0.32594218762730587,0.3238326538678992,0,1,1
TPR,2025-10-23,1,1,0.0,0.0,0,1,1
TPR,2025-10-24,1,1,0.0,0.0,0,1,1
TPR,2025-10-29,0,1,-1.0,0.41055064546675657,0,1,1
TPR,2025-10-30,0,1,-1.0,0.35910717862257324,0,1,1
TPR,2025-10-31,0,1,-1.0,0.3608439380307553,0,1,1
TPR,2025-11-05,0,1,-1.0,0.3517540956458407,0,1,1
TPR,2025-11-06,0,1,-0.5652542819311341,0.36083378077645056,0,1,1
TPR,2025-11-07,0,1,-0.5548739530838593,0.3569308001996638,0,1,1
TPR,2025-11-12,0,1,-0.4106488738288854,0.36881340850141275,0,1,1
TPR,2025-11-13,0,1,-0.5496086095305366,0.3485767949949359,0,1,1
TPR,2025-11-19,1,1,-0.6546721905396129,0.34760234108109933,0,1,1
TPR,2025-11-20,1,1,-1.0,0.35696672496332493,0,1,1
TPR,2025-11-21,1,1,-1.0,0.35696314187510236,0,1,1
TPR,2025-11-26,0,1,-1.0,0.3598755559025319,0,1,1
TPR,2025-11-27,0,1,-1.0,0.36505824753008304,0,1,1
TPR,2025-11-28,0,1,-1.0,0.3683102770617854,0,1,1
TPR,2025-12-03,1,1,-1.0,0.3678716037944985,0,1,1
TPR,2025-12-04,1,1,-1.0,0.37043480270045537,0,1,1
ATB,2025-01-22,1,0,1.0,0.34423756644509823,1,0,0
ATB,2025-01-23,1,0,1.0,0.333713819715381,1,0,0
ATB,2025-01-24,1,0,1.0,0.3335408345722468,1,0,0
ATB,2025-01-29,0,0,-1.0,0.34519257076929555,0,0,0
ATB,2025-01-30,0,0,0.22193129363870573,0.3299181721230024,1,0,0
ATB,2025-02-05,0,0,-0.05736320421312053,0.3540961937609258,0,0,0
ATB,2025-02-06,0,0,-1.0,0.3328722202471854,0,0,0
ATB,2025-02-07,0,0,-1.0,0.31455288246470264,0,0,0
ATB,2025-02-12,1,0,-1.0,0.339654380816433,0,0,0
ATB,2025-02-13,1,0,-1.0,0.31908269376225173,0,0,0
ATB,2025-02-14,1,0,-1.0,0.31604742805784347,0,0,0
ATB,2025-02-19,1,0,-1.0,0.33091608675300027,0,0,0
ATB,2025-02-20,1,0,-1.0,0.30443154634422,0,0,0
ATB,2025-02-21,1,0,-1.0,0.30615037606453105,0,0,0
ATB,2025-02-26,1,0,1.0,0.30173802489649965,1,0,0
ATB,2025-02-27,1,0,1.0,0.31504395344505115,1,0,0
ATB,2025-02-28,1,0,0.3217553315421068,0.3198266402005672,1,0,0
ATB,2025-03-05,0,0,1.0,0.3589908946005806,1,0,0
ATB,2025-03-06,0,0,0.3987629240813565,0.33661221917258005,1,0,0
ATB,2025-03-07,0,0,0.39666871691464495,0.33516011252550076,1,0,0
ATB,2025-03-12,0,0,0.36231189518707774,0.3335078581775957,1,0,0
ATB,2025-03-13,1,0,0.08085928926978334,0.3384635717202171,1,0,0
ATB,2025-03-19,1,0,-0.30568648827433503,0.3145944129263568,0,0,0
ATB,2025-03-21,1,0,-0.3193143727692707,0.31834772676352663,0,0,0
ATB,2025-03-27,1,0,1.0,0.3045406872175352,1,0,0
ATB,2025-03-28,0,0,1.0,0.3066439004630855,1,0,0
ATB,2025-04-02,0,0,-1.0,0.3013693360459176,0,0,0
ATB,2025-04-04,0,0,-1.0,0.3259527664586963,0,0,0
ATB,2025-04-10,0,0,-1.0,0.3187116689864879,0,0,0
ATB,2025-04-11,1,0,-1.0,0.31793448594427454,0,0,0
ATB,2025-04-16,1,0,0.0,0.0,0,0,0
ATB,2025-04-17,1,0,0.0,0.0,0,0,0
ATB,2025-04-18,1,0,0.0,0.0,0,0,0
ATB,2025-04-23,0,0,0.0,0.0,0,0,0
ATB,2025-04-24,1,0,0.0,0.0,0,0,0
ATB,2025-05-02,0,0,1.0,0.3111131011571411,1,0,0
ATB,2025-05-07,0,0,1.0,0.3053717813050283,1,0,0
ATB,2025-05-08,1,0,1.0,0.3006335565031774,1,0,0
ATB,2025-05-14,1,0,0.0,0.0,0,0,0
ATB,2025-05-15,1,0,0.0,0.0,0,0,0
ATB,2025-05-16,1,0,0.0,0.0,0,0,0
ATB,2025-05-21,1,0,1.0,0.31922487799138016,1,0,0
ATB,2025-05-22,1,0,1.0,0.3172488210696837,1,0,0
ATB,2025-05-23,1,0,1.0,0.322249054243757,1,0,0
ATB,2025-05-28,1,0,0.0,0.0,0,0,0
ATB,2025-05-29,1,0,1.0,0.3000955178363444,1,0,0
ATB,2025-05-30,1,0,1.0,0.3857371485736318,1,0,0
ATB,2025-06-04,1,0,0.0,0.0,0,0,0
ATB,2025-06-05,1,0,1.0,0.3158492361272971,1,0,0
ATB,2025-06-11,1,0,1.0,0.3008416613117109,1,0,0
ATB,2025-06-12,1,0,1.0,0.30572938155072865,1,0,0
ATB,2025-06-13,1,0,1.0,0.33029233923880696,1,0,0
ATB,2025-06-18,1,0,1.0,0.34035705560233553,1,0,0
ATB,2025-06-19,1,0,1.0,0.31554242700766577,1,0,0
ATB,2025-06-25,1,0,1.0,0.3365331348010944,1,0,0
ATB,2025-06-27,1,0,1.0,0.32137166455582833,1,0,0
ATB,2025-07-02,1,0,1.0,0.33128388178600454,1,0,0
ATB,2025-07-03,1,0,1.0,0.31793552191141733,1,0,0
ATB,2025-07-04,1,0,1.0,0.31321912842782373,1,0,0
ATB,2025-07-09,0,0,-0.13910869303537726,0.37118642785435574,0,0,0
ATB,2025-07-10,0,0,1.0,0.35115601857376594,1,0,0
ATB,2025-07-11,0,0,1.0,0.3065567215094208,1,0,0
ATB,2025-07-16,0,0,1.0,0.32756758888904,1,0,0
ATB,2025-07-17,0,0,1.0,0.34536058660106583,1,0,0
ATB,2025-07-18,0,0,1.0,0.34176398569221206,1,0,0
ATB,2025-07-23,1,0,0.0,0.0,0,0,0
ATB,2025-07-24,1,0,0.0,0.0,0,0,0
ATB,2025-07-30,1,0,0.0,0.0,0,0,0
ATB,2025-07-31,1,0,0.0,0.0,0,0,0
ATB,2025-08-01,1,0,0.0,0.0,0,0,0
ATB,2025-08-06,1,0,-1.0,0.3435094891075258,0,0,0
ATB,2025-08-08,0,0,-1.0,0.3284314974742826,0,0,0
ATB,2025-08-14,0,0,-1.0,0.31258024108205873,0,0,0
ATB,2025-08-15,0,0,-1.0,0.31156835862401494,0,0,0
ATB,2025-08-20,0,0,0.05034416517312613,0.34063407818595015,1,0,0
ATB,2025-08-21,0,0,0.05794345780347885,0.34429353554809095,1,0,0
ATB,2025-08-22,0,0,0.060246690774597905,0.3445778844107963,1,0,0
ATB,2025-08-27,0,0,0.05574443903150293,0.343926149047436,1,0,0
ATB,2025-08-28,0,0,0.05931121930900743,0.34584702214920915,1,0,0
ATB,2025-09-03,0,0,-1.0,0.32486467449273,0,0,0
ATB,2025-09-05,1,0,-1.0,0.32501587122215625,0,0,0
ATB,2025-09-10,1,0,0.0,0.0,0,0,0
ATB,2025-09-11,1,0,0.0,0.0,0,0,0
ATB,2025-09-17,0,0,-1.0,0.3202511512875135,0,0,0
ATB,2025-09-18,0,0,0.0,0.0,0,0,0
ATB,2025-09-19,0,0,0.0,0.0,0,0,0
ATB,2025-09-24,0,0,-1.0,0.30181882145967165,0,0,0
ATB,2025-09-25,0,0,-1.0,0.30388775521477795,0,0,0
ATB,2025-09-26,0,0,-1.0,0.30040235522595193,0,0,0
ATB,2025-10-01,0,0,0.0,0.0,0,0,0
ATB,2025-10-02,1,0,0.0,0.0,0,0,0
ATB,2025-10-03,1,0,-1.0,0.3024551432551485,0,0,0
ATB,2025-10-08,1,0,-1.0,0.31185239370432705,0,0,0
ATB,2025-10-10,1,0,-1.0,0.311503119238991,0,0,0
ATB,2025-10-16,1,0,-1.0,0.31315967533324207,0,0,0
ATB,2025-10-17,1,0,-1.0,0.41296654855172754,0,0,0
ATB,2025-10-22,1,0,0.0,0.0,0,0,0
ATB,2025-10-23,1,0,0.0,0.0,0,0,0
ATB,2025-10-24,1,0,0.0,0.0,0,0,0
ATB,2025-10-29,1,0,0.0,0.0,0,0,0
ATB,2025-10-30,1,0,0.0,0.0,0,0,0
ATB,2025-10-31,1,0,0.0,0.0,0,0,0
ATB,2025-11-05,1,0,0.0,0.0,0,0,0
ATB,2025-11-06,1,0,0.0,0.0,0,0,0
ATB,2025-11-07,0,0,0.0,0.0,0,0,0
ATB,2025-11-12,1,0,0.0,0.0,0,0,0
ATB,2025-11-13,0,0,0.0,0.0,0,0,0
ATB,2025-11-19,0,0,0.0,0.0,0,0,0
ATB,2025-11-20,0,0,0.0,0.0,0,0,0
ATB,2025-11-21,0,0,0.0,0.0,0,0,0
ATB,2025-11-26,1,0,0.0,0.0,0,0,0
ATB,2025-11-27,1,0,0.0,0.0,0,0,0
ATB,2025-11-28,1,0,0.0,0.0,0,0,0
ATB,2025-12-03,1,0,0.0,0.0,0,0,0
ATB,2025-12-04,1,0,0.0,0.0,0,0,0
TUNISIE LEASING F,2025-01-22,1,0,0.0,0.0,0,0,0
TUNISIE LEASING F,2025-01-23,1,0,0.0,0.0,0,0,0
TUNISIE LEASING F,2025-01-24,1,0,0.0,0.0,0,0,0
TUNISIE LEASING F,2025-01-29,0,0,0.0,0.0,0,0,0
TUNISIE LEASING F,2025-01-30,1,0,-1.0,0.3037538891997238,0,0,0
TUNISIE LEASING F,2025-02-05,1,0,0.0,0.0,0,0,0
TUNISIE LEASING F,2025-02-06,0,0,1.0,0.3339094531846647,1,0,0
TUNISIE LEASING F,2025-02-07,1,0,1.0,0.3463526769618909,1,0,0
TUNISIE LEASING F,2025-02-12,1,0,1.0,0.3383495015877344,1,0,0
TUNISIE LEASING F,2025-02-13,1,0,1.0,0.3376734327396918,1,0,0
TUNISIE LEASING F,2025-02-14,1,0,0.0,0.0,0,0,0
TUNISIE LEASING F,2025-02-19,1,0,0.0,0.0,0,0,0
TUNISIE LEASING F,2025-02-20,1,0,-1.0,0.31620671249075094,0,0,0
TUNISIE LEASING F,2025-02-21,1,0,0.0,0.0,0,0,0
TUNISIE LEASING F,2025-02-26,1,0,0.0,0.0,0,0,0
TUNISIE LEASING F,2025-02-27,1,0,0.0,0.0,0,0,0
TUNISIE LEASING F,2025-02-28,1,0,0.0,0.0,0,0,0
TUNISIE LEASING F,2025-03-05,0,0,0.0,0.0,0,0,0
TUNISIE LEASING F,2025-03-06,0,0,0.0,0.0,0,0,0
TUNISIE LEASING F,2025-03-07,1,0,-1.0,0.30284644513929027,0,0,0
TUNISIE LEASING F,2025-03-12,0,0,0.0,0.0,0,0,0
TUNISIE LEASING F,2025-03-13,0,0,0.0,0.0,0,0,0
TUNISIE LEASING F,2025-03-19,1,0,0.0,0.0,0,0,0
TUNISIE LEASING F,2025-03-21,1,0,0.0,0.0,0,0,0
TUNISIE LEASING F,2025-03-27,1,0,0.0,0.0,0,0,0
TUNISIE LEASING F,2025-03-28,1,0,0.0,0.0,0,0,0
TUNISIE LEASING F,2025-04-02,0,0,-1.0,0.3035182080386672,0,0,0
TUNISIE LEASING F,2025-04-04,0,0,-1.0,0.3052052782430941,0,0,0
TUNISIE LEASING F,2025-04-10,0,0,-1.0,0.32988300264596854,0,0,0
TUNISIE LEASING F,2025-04-11,0,0,0.0,0.0,0,0,0
TUNISIE LEASING F,2025-04-16,0,0,0.0,0.0,0,0,0
TUNISIE LEASING F,2025-04-17,0,0,0.0,0.0,0,0,0
TUNISIE LEASING F,2025-04-18,0,0,0.0,0.0,0,0,0
TUNISIE LEASING F,2025-04-23,0,0,0.0,0.0,0,0,0
TUNISIE LEASING F,2025-04-24,0,0,0.0,0.0,0,0,0
TUNISIE LEASING F,2025-05-02,1,0,0.0,0.0,0,0,0
TUNISIE LEASING F,2025-05-07,1,0,0.0,0.0,0,0,0
TUNISIE LEASING F,2025-05-08,1,0,0.0,0.0,0,0,0
TUNISIE LEASING F,2025-05-14,1,0,0.0,0.0,0,0,0
TUNISIE LEASING F,2025-05-15,1,0,0.0,0.0,0,0,0
TUNISIE LEASING F,2025-05-16,1,0,-1.0,0.31757159442358435,0,0,0
TUNISIE LEASING F,2025-05-21,1,0,0.0,0.0,0,0,0
TUNISIE LEASING F,2025-05-22,1,0,1.0,0.34396147500209306,1,0,0
TUNISIE LEASING F,2025-05-23,1,0,0.0,0.0,0,0,0
TUNISIE LEASING F,2025-05-28,1,0,0.0,0.0,0,0,0
TUNISIE LEASING F,2025-05-29,1,0,0.0,0.0,0,0,0
TUNISIE LEASING F,2025-05-30,1,0,0.0,0.0,0,0,0
TUNISIE LEASING F,2025-06-04,0,0,0.0,0.0,0,0,0
TUNISIE LEASING F,2025-06-05,0,0,0.0,0.0,0,0,0
TUNISIE LEASING F,2025-06-11,0,0,0.0,0.0,0,0,0
TUNISIE LEASING F,2025-06-12,0,0,0.0,0.0,0,0,0
TUNISIE LEASING F,2025-06-13,0,0,0.0,0.0,0,0,0
TUNISIE LEASING F,2025-06-18,1,0,0.0,0.0,0,0,0
TUNISIE LEASING F,2025-06-19,1,0,0.0,0.0,0,0,0
TUNISIE LEASING F,2025-06-25,1,0,0.0,0.0,0,0,0
TUNISIE LEASING F,2025-06-27,0,0,0.0,0.0,0,0,0
TUNISIE LEASING F,2025-07-02,0,0,-1.0,0.3137426699707072,0,0,0
TUNISIE LEASING F,2025-07-03,0,0,-1.0,0.32462174080916756,0,0,0
TUNISIE LEASING F,2025-07-04,0,0,-1.0,0.3282221995184851,0,0,0
TUNISIE LEASING F,2025-07-09,0,0,-1.0,0.3155864892308847,0,0,0
TUNISIE LEASING F,2025-07-10,0,0,-1.0,0.3164749054908544,0,0,0
TUNISIE LEASING F,2025-07-11,1,0,0.0,0.0,0,0,0
TUNISIE LEASING F,2025-07-16,1,0,-1.0,0.30732411739915283,0,0,0
TUNISIE LEASING F,2025-07-17,1,0,-1.0,0.3071097370678007,0,0,0
TUNISIE LEASING F,2025-07-18,0,0,-1.0,0.3350967034177658,0,0,0
TUNISIE LEASING F,2025-07-23,0,0,-1.0,0.3153612013765646,0,0,0
TUNISIE LEASING F,2025-07-24,1,0,0.0,0.0,0,0,0
TUNISIE LEASING F,2025-07-30,1,0,0.0,0.0,0,0,0
TUNISIE LEASING F,2025-07-31,1,0,0.0,0.0,0,0,0
TUNISIE LEASING F,2025-08-01,1,0,0.0,0.0,0,0,0
TUNISIE LEASING F,2025-08-06,1,0,0.0,0.0,0,0,0
TUNISIE LEASING F,2025-08-08,1,0,0.0,0.0,0,0,0
TUNISIE LEASING F,2025-08-14,1,0,-1.0,0.3229349524309348,0,0,0
TUNISIE LEASING F,2025-08-15,1,0,-1.0,0.3227211395743466,0,0,0
TUNISIE LEASING F,2025-08-20,1,0,0.0,0.0,0,0,0
TUNISIE LEASING F,2025-08-21,1,0,1.0,0.31751701405133786,1,0,0
TUNISIE LEASING F,2025-08-22,0,0,1.0,0.3155648759789425,1,0,0
TUNISIE LEASING F,2025-08-27,1,0,1.0,0.32258312209483164,1,0,0
TUNISIE LEASING F,2025-08-28,1,0,1.0,0.331327379676248,1,0,0
TUNISIE LEASING F,2025-09-03,1,0,1.0,0.3365774155434007,1,0,0
TUNISIE LEASING F,2025-09-05,0,0,1.0,0.3365995308420695,1,0,0
TUNISIE LEASING F,2025-09-10,0,0,1.0,0.31690363717687214,1,0,0
TUNISIE LEASING F,2025-09-11,0,0,1.0,0.3207788812754735,1,0,0
TUNISIE LEASING F,2025-09-17,0,0,1.0,0.30701346150899134,1,0,0
TUNISIE LEASING F,2025-09-18,1,0,0.0,0.0,0,0,0
TUNISIE LEASING F,2025-09-19,0,0,0.0,0.0,0,0,0
TUNISIE LEASING F,2025-09-24,0,0,0.0,0.0,0,0,0
TUNISIE LEASING F,2025-09-25,0,0,0.0,0.0,0,0,0
TUNISIE LEASING F,2025-09-26,0,0,0.0,0.0,0,0,0
TUNISIE LEASING F,2025-10-01,0,0,0.0,0.0,0,0,0
TUNISIE LEASING F,2025-10-02,0,0,0.0,0.0,0,0,0
TUNISIE LEASING F,2025-10-03,0,0,1.0,0.3180825688470973,1,0,0
TUNISIE LEASING F,2025-10-08,0,0,1.0,0.3507771065049778,1,0,0
TUNISIE LEASING F,2025-10-10,1,0,-0.0006767311474100294,0.3328513948594654,0,0,0
TUNISIE LEASING F,2025-10-16,0,0,-0.09148564086785947,0.3493906366984597,0,0,0
TUNISIE LEASING F,2025-10-17,0,0,-0.08703172693800237,0.35018582932138437,0,0,0
TUNISIE LEASING F,2025-10-22,0,0,0.05696228621659127,0.33415453732702577,1,0,0
TUNISIE LEASING F,2025-10-23,1,0,0.051973875900506186,0.3323673742603803,1,0,0
TUNISIE LEASING F,2025-10-24,0,0,0.04705517259017636,0.334788671562138,1,0,0
TUNISIE LEASING F,2025-10-29,1,0,0.09861537363827254,0.35080383888628935,1,0,0
TUNISIE LEASING F,2025-10-30,1,0,0.09470900072933323,0.34929010395058213,1,0,0
TUNISIE LEASING F,2025-10-31,1,0,0.10638351598566255,0.3538008703447719,1,0,0
TUNISIE LEASING F,2025-11-05,0,0,0.060545092549345834,0.38008217893396407,1,0,0
TUNISIE LEASING F,2025-11-06,0,0,0.061030348391607855,0.400456825864416,1,0,0
TUNISIE LEASING F,2025-11-07,0,0,0.061599039633154926,0.4029563111719908,1,0,0
TUNISIE LEASING F,2025-11-12,0,0,0.06662512865144353,0.3902397422117079,1,0,0
TUNISIE LEASING F,2025-11-13,0,0,0.11262797754581318,0.4012158814550667,1,0,0
TUNISIE LEASING F,2025-11-19,0,0,1.0,0.3882034930775895,1,0,0
TUNISIE LEASING F,2025-11-20,1,0,1.0,0.3866512829166122,1,0,0
TUNISIE LEASING F,2025-11-21,1,0,0.13895816810795436,0.3524014807190914,1,0,0
TUNISIE LEASING F,2025-11-26,1,0,1.0,0.36072723894581016,1,0,0
TUNISIE LEASING F,2025-11-27,0,0,0.0,0.0,0,0,0
TUNISIE LEASING F,2025-11-28,0,0,0.0,0.0,0,0,0
TUNISIE LEASING F,2025-12-03,0,0,0.0,0.0,0,0,0
TUNISIE LEASING F,2025-12-04,0,0,0.0,0.0,0,0,0
UIB,2025-01-22,0,0,0.0,0.0,0,0,0
UIB,2025-01-23,1,0,0.0,0.0,0,0,0
UIB,2025-01-24,1,0,0.0,0.0,0,0,0
UIB,2025-01-29,1,0,0.0,0.0,0,0,0
UIB,2025-01-30,0,0,0.0,0.0,0,0,0
UIB,2025-02-05,0,0,0.0,0.0,0,0,0
UIB,2025-02-06,0,0,0.0,0.0,0,0,0
UIB,2025-02-07,0,0,0.0,0.0,0,0,0
UIB,2025-02-12,1,0,0.0,0.0,0,0,0
UIB,2025-02-13,1,0,0.0,0.0,0,0,0
UIB,2025-02-14,1,0,0.0,0.0,0,0,0
UIB,2025-02-19,1,0,0.0,0.0,0,0,0
UIB,2025-02-20,1,0,-0.04564359743170593,0.3200898061123504,0,0,0
UIB,2025-02-21,1,0,-0.04734826156454558,0.31956882791265184,0,0,0
UIB,2025-02-26,1,0,-1.0,0.3408561033154978,0,0,0
UIB,2025-02-27,0,0,-1.0,0.33422266292504116,0,0,0
UIB,2025-02-28,1,0,-0.021168250020582174,0.32359307770803275,0,0,0
UIB,2025-03-05,1,0,-1.0,0.36126609405691656,0,0,0
UIB,2025-03-06,1,0,-1.0,0.35908754103969936,0,0,0
UIB,2025-03-07,0,0,-0.0564747551257191,0.3300924132691285,0,0,0
UIB,2025-03-12,0,0,-0.023810294494913814,0.3112744643887073,0,0,0
UIB,2025-03-13,0,0,-1.0,0.33829699119467516,0,0,0
UIB,2025-03-19,0,0,1.0,0.34022463007030745,1,0,0
UIB,2025-03-21,0,0,1.0,0.3391710268624191,1,0,0
UIB,2025-03-27,0,0,1.0,0.3592752639479455,1,0,0
UIB,2025-03-28,0,0,1.0,0.34900517786050883,1,0,0
UIB,2025-04-02,0,0,0.02623556067208108,0.3209243586443816,1,0,0
UIB,2025-04-04,0,0,0.0,0.0,0,0,0
UIB,2025-04-10,1,0,0.0,0.0,0,0,0
UIB,2025-04-11,1,0,0.0,0.0,0,0,0
UIB,2025-04-16,1,0,1.0,0.30007461347252007,1,0,0
UIB,2025-04-17,1,0,1.0,0.3153054295390848,1,0,0
UIB,2025-04-18,1,0,1.0,0.3153054295390848,1,0,0
UIB,2025-04-23,0,0,0.0,0.0,0,0,0
UIB,2025-04-24,0,0,0.0,0.0,0,0,0
UIB,2025-05-02,1,0,0.0,0.0,0,0,0
UIB,2025-05-07,1,0,0.0,0.0,0,0,0
UIB,2025-05-08,1,0,0.0,0.0,0,0,0
UIB,2025-05-14,1,0,0.01021066673474655,0.3306587024863403,1,0,0
UIB,2025-05-15,1,0,0.08062229959551502,0.3375567938951346,1,0,0
UIB,2025-05-16,1,0,-0.2775979528018192,0.33038407463632086,0,0,0
UIB,2025-05-21,1,0,-0.28336849477486803,0.32520377548599544,0,0,0
UIB,2025-05-22,0,0,1.0,0.3576715691066097,1,0,0
UIB,2025-05-23,0,0,1.0,0.34535132498294335,1,0,0
UIB,2025-05-28,0,0,1.0,0.3333886342373161,1,0,0
UIB,2025-05-29,0,0,1.0,0.3402257903299349,1,0,0
UIB,2025-05-30,0,0,1.0,0.3422027961613206,1,0,0
UIB,2025-06-04,0,0,1.0,0.30752102101408735,1,0,0
UIB,2025-06-05,0,0,0.0,0.0,0,0,0
UIB,2025-06-11,0,1,0.0,0.0,0,1,1
UIB,2025-06-12,0,1,0.0,0.0,0,1,1
UIB,2025-06-13,0,1,0.0,0.0,0,1,1
UIB,2025-06-18,0,1,0.0,0.0,0,1,1
UIB,2025-06-19,1,1,0.0,0.0,0,1,1
UIB,2025-06-25,0,1,0.0,0.0,0,1,1
UIB,2025-06-27,0,1,0.0,0.0,0,1,1
UIB,2025-07-02,0,1,0.0,0.0,0,1,1
UIB,2025-07-03,1,1,0.0,0.0,0,1,1
UIB,2025-07-04,1,1,0.0,0.0,0,1,1
UIB,2025-07-09,0,1,0.0,0.0,0,1,1
UIB,2025-07-10,0,1,0.0,0.0,0,1,1
UIB,2025-07-11,0,1,0.0,0.0,0,1,1
UIB,2025-07-16,0,1,0.0,0.0,0,1,1
UIB,2025-07-17,0,1,0.0,0.0,0,1,1
UIB,2025-07-18,1,1,0.0,0.0,0,1,1
UIB,2025-07-23,1,1,0.0,0.0,0,1,1
UIB,2025-07-24,0,1,0.0,0.0,0,1,1
UIB,2025-07-30,0,1,0.0,0.0,0,1,1
UIB,2025-07-31,0,1,0.0,0.0,0,1,1
UIB,2025-08-01,1,1,0.0,0.0,0,1,1
UIB,2025-08-06,1,1,0.0,0.0,0,1,1
UIB,2025-08-08,1,1,0.0,0.0,0,1,1
UIB,2025-08-14,0,1,0.0,0.0,0,1,1
UIB,2025-08-15,0,1,0.0,0.0,0,1,1
UIB,2025-08-20,0,1,0.0,0.0,0,1,1
UIB,2025-08-21,0,1,0.0,0.0,0,1,1
UIB,2025-08-22,0,1,0.0,0.0,0,1,1
UIB,2025-08-27,0,1,0.0,0.0,0,1,1
UIB,2025-08-28,0,1,0.0,0.0,0,1,1
UIB,2025-09-03,0,1,1.0,0.3804548206050959,1,1,1
UIB,2025-09-05,1,1,0.05386968301297494,0.34985122174907085,1,1,1
UIB,2025-09-10,1,1,0.08282066140675944,0.3327067630642765,1,1,1
UIB,2025-09-11,1,1,0.0834535020801833,0.3329359544229781,1,1,1
UIB,2025-09-17,1,1,0.0,0.0,0,1,1
UIB,2025-09-18,1,1,0.0,0.0,0,1,1
UIB,2025-09-19,1,1,0.0,0.0,0,1,1
UIB,2025-09-24,0,1,0.0,0.0,0,1,1
UIB,2025-09-25,1,1,1.0,0.32008950154474053,1,1,1
UIB,2025-09-26,1,1,1.0,0.3165851970724941,1,1,1
UIB,2025-10-01,1,1,-0.06137379749522381,0.32618435838210236,0,1,1
UIB,2025-10-02,1,1,-0.06246338527854774,0.32625991114082553,0,1,1
UIB,2025-10-03,1,1,-0.058633604660078505,0.32508104294467244,0,1,1
UIB,2025-10-08,1,1,0.29679504401307555,0.32201976768507506,1,1,1
UIB,2025-10-10,1,1,-0.004967333263481049,0.31511512986384815,0,1,1
UIB,2025-10-16,1,1,1.0,0.31510088034058575,1,1,1
UIB,2025-10-17,1,1,1.0,0.3272549894771705,1,1,1
UIB,2025-10-22,1,1,0.013341614500831538,0.3295356137304706,1,1,1
UIB,2025-10-23,0,1,0.05614396486948405,0.3210556327450099,1,1,1
UIB,2025-10-24,0,1,0.0338552211231216,0.3437527705090141,1,1,1
UIB,2025-10-29,0,1,-0.06283078758708237,0.3239112670520451,0,1,1
UIB,2025-10-30,0,1,-0.06222100818094451,0.3216042278074367,0,1,1
UIB,2025-10-31,0,1,-0.04379568129904213,0.3144067066219369,0,1,1
UIB,2025-11-05,1,1,-1.0,0.342393273911747,0,1,1
UIB,2025-11-06,1,1,-1.0,0.35781959025265664,0,1,1
UIB,2025-11-07,1,1,-1.0,0.35536869911931496,0,1,1
UIB,2025-11-12,0,1,-1.0,0.3443705037285424,0,1,1
UIB,2025-11-13,0,1,-1.0,0.34441427765208704,0,1,1
UIB,2025-11-19,0,1,-1.0,0.3280552671076039,0,1,1
UIB,2025-11-20,0,1,-1.0,0.3291697895249384,0,1,1
UIB,2025-11-21,0,1,-1.0,0.3350311949293678,0,1,1
UIB,2025-11-26,0,1,-1.0,0.3329525981695676,0,1,1
UIB,2025-11-27,0,1,-1.0,0.3084580212857285,0,1,1
UIB,2025-11-28,1,1,-1.0,0.3161968071287315,0,1,1
UIB,2025-12-03,0,1,-1.0,0.38419467040991856,0,1,1
UIB,2025-12-04,0,1,-1.0,0.38277713188786583,0,1,1
UNIMED,2025-01-22,0,0,-0.03700318374691062,0.3124073584108308,0,0,0
UNIMED,2025-01-23,0,0,0.04828285963885449,0.32497639273212947,1,0,0
UNIMED,2025-01-24,0,0,-1.0,0.31510716938464206,0,0,0
UNIMED,2025-01-29,0,0,-1.0,0.3208282096593185,0,0,0
UNIMED,2025-01-30,1,0,-0.025255614972477993,0.31214225705551857,0,0,0
UNIMED,2025-02-05,0,0,-1.0,0.3050892406429281,0,0,0
UNIMED,2025-02-06,0,0,0.0,0.0,0,0,0
UNIMED,2025-02-07,0,0,0.0,0.0,0,0,0
UNIMED,2025-02-12,0,0,-1.0,0.30567366219265685,0,0,0
UNIMED,2025-02-13,0,0,-1.0,0.30670908393327684,0,0,0
UNIMED,2025-02-14,0,0,-1.0,0.3088074669547207,0,0,0
UNIMED,2025-02-19,1,0,-1.0,0.3391884732334598,0,0,0
UNIMED,2025-02-20,1,0,-1.0,0.3401878563354825,0,0,0
UNIMED,2025-02-21,1,0,-1.0,0.35705189327309356,0,0,0
UNIMED,2025-02-26,1,0,-1.0,0.3544042594988495,0,0,0
UNIMED,2025-02-27,1,0,-1.0,0.3498996423131482,0,0,0
UNIMED,2025-02-28,1,0,-1.0,0.30789796876565445,0,0,0
UNIMED,2025-03-05,1,0,-1.0,0.36827356034719955,0,0,0
UNIMED,2025-03-06,1,0,-1.0,0.3621117427957648,0,0,0
UNIMED,2025-03-07,1,0,-1.0,0.3608288418118292,0,0,0
UNIMED,2025-03-12,1,0,-1.0,0.3387044369655789,0,0,0
UNIMED,2025-03-13,1,0,-1.0,0.33680293828760083,0,0,0
UNIMED,2025-03-19,1,0,-1.0,0.3533133646277637,0,0,0
UNIMED,2025-03-21,1,0,-1.0,0.350797834318501,0,0,0
UNIMED,2025-03-27,0,0,-1.0,0.35432532609020245,0,0,0
UNIMED,2025-03-28,0,0,-1.0,0.35517782989141145,0,0,0
UNIMED,2025-04-02,0,0,-1.0,0.37468585035358976,0,0,0
UNIMED,2025-04-04,0,0,-1.0,0.34780606972409234,0,0,0
UNIMED,2025-04-10,0,0,-1.0,0.3386245810871009,0,0,0
UNIMED,2025-04-11,0,0,-1.0,0.46582308336651196,0,0,0
UNIMED,2025-04-16,0,0,-1.0,0.4905361939971139,0,0,0
UNIMED,2025-04-17,0,0,-1.0,0.4826237653815354,0,0,0
UNIMED,2025-04-18,0,0,-1.0,0.46610860189169667,0,0,0
UNIMED,2025-04-23,0,0,-1.0,0.47495582713431594,0,0,0
UNIMED,2025-04-24,1,0,-0.17423185588817788,0.3675535505171905,0,0,0
UNIMED,2025-05-02,1,0,-1.0,0.3797364818602472,0,0,0
UNIMED,2025-05-07,0,0,-1.0,0.31598661582875903,0,0,0
UNIMED,2025-05-08,0,0,1.0,0.4076251662973336,1,0,0
UNIMED,2025-05-14,0,0,1.0,0.341385592992802,1,0,0
UNIMED,2025-05-15,1,0,1.0,0.30470562827159126,1,0,0
UNIMED,2025-05-16,1,0,1.0,0.30041912983513813,1,0,0
UNIMED,2025-05-21,0,0,1.0,0.30641460394164943,1,0,0
UNIMED,2025-05-22,0,0,1.0,0.30061832317237297,1,0,0
UNIMED,2025-05-23,1,0,0.0,0.0,0,0,0
UNIMED,2025-05-28,0,0,1.0,0.3065024120795228,1,0,0
UNIMED,2025-05-29,0,0,1.0,0.3085606503410907,1,0,0
UNIMED,2025-05-30,0,0,1.0,0.30707220629569576,1,0,0
UNIMED,2025-06-04,0,0,1.0,0.31289567275882346,1,0,0
UNIMED,2025-06-05,0,0,1.0,0.3359984075694468,1,0,0
UNIMED,2025-06-11,1,0,1.0,0.31878238024179706,1,0,0
UNIMED,2025-06-12,1,0,1.0,0.31319459672510686,1,0,0
UNIMED,2025-06-13,1,0,1.0,0.31361000759609026,1,0,0
UNIMED,2025-06-18,1,0,1.0,0.3163498892252593,1,0,0
UNIMED,2025-06-19,1,0,1.0,0.33101239156214757,1,0,0
UNIMED,2025-06-25,1,0,0.1804048226275545,0.3797549871586163,1,0,0
UNIMED,2025-06-27,1,0,1.0,0.445374534077837,1,0,0
UNIMED,2025-07-02,1,0,1.0,0.38424774862285455,1,0,0
UNIMED,2025-07-03,1,0,1.0,0.39176362780702845,1,0,0
UNIMED,2025-07-04,1,0,1.0,0.3730990857020235,1,0,0
UNIMED,2025-07-09,1,0,1.0,0.3468876560608196,1,0,0
UNIMED,2025-07-10,1,0,1.0,0.34554540496216357,1,0,0
UNIMED,2025-07-11,1,0,1.0,0.3601954924266241,1,0,0
UNIMED,2025-07-16,1,0,1.0,0.3644718343684845,1,0,0
UNIMED,2025-07-17,1,0,1.0,0.3680895903294287,1,0,0
UNIMED,2025-07-18,1,0,1.0,0.4218762705177196,1,0,0
UNIMED,2025-07-23,1,0,1.0,0.3781253884713507,1,0,0
UNIMED,2025-07-24,1,0,1.0,0.3863962905112522,1,0,0
UNIMED,2025-07-30,1,0,1.0,0.33251680810835366,1,0,0
UNIMED,2025-07-31,1,0,1.0,0.34769759937921524,1,0,0
UNIMED,2025-08-01,1,0,1.0,0.32736276291441746,1,0,0
UNIMED,2025-08-06,0,0,1.0,0.4168656924073124,1,0,0
UNIMED,2025-08-08,0,0,0.372410635561399,0.32079984655435484,1,0,0
UNIMED,2025-08-14,0,0,0.49871795740494024,0.34624248804172714,1,0,0
UNIMED,2025-08-15,0,0,0.49079757903891347,0.34610031846268596,1,0,0
UNIMED,2025-08-20,0,0,0.30933106022280354,0.3555745989504002,1,0,0
UNIMED,2025-08-21,0,0,0.30981028404693134,0.35950257328782503,1,0,0
UNIMED,2025-08-22,0,0,0.3005330210650487,0.3582375484158294,1,0,0
UNIMED,2025-08-27,0,0,-1.0,0.42262088727631575,0,0,0
UNIMED,2025-08-28,0,0,-1.0,0.4200507629465294,0,0,0
UNIMED,2025-09-03,0,0,-1.0,0.3954221233943645,0,0,0
UNIMED,2025-09-05,0,0,-1.0,0.3923313770353288,0,0,0
UNIMED,2025-09-10,1,0,-1.0,0.3834084612719352,0,0,0
UNIMED,2025-09-11,1,0,-1.0,0.3791415467543123,0,0,0
UNIMED,2025-09-17,0,0,-0.1058413222296802,0.35042413134729555,0,0,0
UNIMED,2025-09-18,0,0,-0.1273022603934523,0.35695969817106993,0,0,0
UNIMED,2025-09-19,0,0,-0.12914758902163995,0.3629749564993152,0,0,0
UNIMED,2025-09-24,0,0,-1.0,0.33187778789186295,0,0,0
UNIMED,2025-09-25,0,0,-1.0,0.3290685925876619,0,0,0
UNIMED,2025-09-26,0,0,-1.0,0.3629329328908281,0,0,0
UNIMED,2025-10-01,0,0,0.0,0.0,0,0,0
UNIMED,2025-10-02,0,0,0.0,0.0,0,0,0
UNIMED,2025-10-03,0,0,0.0,0.0,0,0,0
UNIMED,2025-10-08,0,0,0.0,0.0,0,0,0
UNIMED,2025-10-10,0,0,0.0,0.0,0,0,0
UNIMED,2025-10-16,0,0,1.0,0.3036938218568231,1,0,0
UNIMED,2025-10-17,1,0,1.0,0.30693263237987545,1,0,0
UNIMED,2025-10-22,1,0,0.32695315204143677,0.3183168085748103,1,0,0
UNIMED,2025-10-23,1,0,1.0,0.336441074800993,1,0,0
UNIMED,2025-10-24,0,0,1.0,0.33833756958668815,1,0,0
UNIMED,2025-10-29,0,0,1.0,0.33342539248505876,1,0,0
UNIMED,2025-10-30,0,0,1.0,0.33205131160163365,1,0,0
UNIMED,2025-10-31,0,0,1.0,0.3369669065543069,1,0,0
UNIMED,2025-11-05,0,0,0.04435803502463277,0.31558537509796536,1,0,0
UNIMED,2025-11-06,1,0,0.018338033210568913,0.3108666184359676,1,0,0
UNIMED,2025-11-07,1,0,1.0,0.33479633896534516,1,0,0
UNIMED,2025-11-12,1,0,0.05333132773474272,0.32086465605785597,1,0,0
UNIMED,2025-11-13,1,0,0.048599569553780295,0.32190534935534953,1,0,0
UNIMED,2025-11-19,0,0,-1.0,0.3122593603778033,0,0,0
UNIMED,2025-11-20,0,0,-1.0,0.3218976071984107,0,0,0
UNIMED,2025-11-21,1,0,0.0,0.0,0,0,0
UNIMED,2025-11-26,1,0,1.0,0.3124886893999893,1,0,0
UNIMED,2025-11-27,1,0,1.0,0.31234474847496546,1,0,0
UNIMED,2025-11-28,1,0,1.0,0.3131810892935943,1,0,0
UNIMED,2025-12-03,1,0,1.0,0.32426284247079784,1,0,0
UNIMED,2025-12-04,0,0,1.0,0.323775465070114,1,0,0
ATELIER MEUBLE INT,2025-01-22,0,0,-1.0,0.36739023847174584,0,0,0
ATELIER MEUBLE INT,2025-01-23,0,0,-1.0,0.3668758457889275,0,0,0
ATELIER MEUBLE INT,2025-01-24,1,0,-1.0,0.35841392831124746,0,0,0
ATELIER MEUBLE INT,2025-01-29,1,0,-1.0,0.3642314789817649,0,0,0
ATELIER MEUBLE INT,2025-01-30,1,0,-1.0,0.34907907775451,0,0,0
ATELIER MEUBLE INT,2025-02-05,0,0,-1.0,0.3097807051798734,0,0,0
ATELIER MEUBLE INT,2025-02-06,0,0,-1.0,0.3593027483161423,0,0,0
ATELIER MEUBLE INT,2025-02-07,1,0,-1.0,0.3193092165409041,0,0,0
ATELIER MEUBLE INT,2025-02-12,1,0,-1.0,0.3273337556994853,0,0,0
ATELIER MEUBLE INT,2025-02-13,0,0,-1.0,0.3305580410151042,0,0,0
ATELIER MEUBLE INT,2025-02-14,1,0,-1.0,0.3552075127540132,0,0,0
ATELIER MEUBLE INT,2025-02-19,1,0,-1.0,0.32174550473878816,0,0,0
ATELIER MEUBLE INT,2025-02-20,1,0,-1.0,0.3420240346518726,0,0,0
ATELIER MEUBLE INT,2025-02-21,1,0,-1.0,0.3434781778883888,0,0,0
ATELIER MEUBLE INT,2025-02-26,1,0,-1.0,0.35112162133799585,0,0,0
ATELIER MEUBLE INT,2025-02-27,0,0,-0.33854088042111424,0.3088465383867509,0,0,0
ATELIER MEUBLE INT,2025-02-28,0,0,-0.03543916580807069,0.3142445071278734,0,0,0
ATELIER MEUBLE INT,2025-03-05,1,0,0.0,0.0,0,0,0
ATELIER MEUBLE INT,2025-03-06,1,0,-1.0,0.3028349247480024,0,0,0
ATELIER MEUBLE INT,2025-03-07,1,0,-1.0,0.30079397486406223,0,0,0
ATELIER MEUBLE INT,2025-03-12,1,0,0.0,0.0,0,0,0
ATELIER MEUBLE INT,2025-03-13,1,0,0.0,0.0,0,0,0
ATELIER MEUBLE INT,2025-03-19,0,0,0.0,0.0,0,0,0
ATELIER MEUBLE INT,2025-03-21,0,0,0.0,0.0,0,0,0
ATELIER MEUBLE INT,2025-03-27,0,0,0.0,0.0,0,0,0
ATELIER MEUBLE INT,2025-03-28,0,0,0.0,0.0,0,0,0
ATELIER MEUBLE INT,2025-04-02,0,0,0.0,0.0,0,0,0
ATELIER MEUBLE INT,2025-04-04,0,0,0.0,0.0,0,0,0
ATELIER MEUBLE INT,2025-04-10,0,0,-1.0,0.32777393608421285,0,0,0
ATELIER MEUBLE INT,2025-04-11,1,0,-1.0,0.3213906473559221,0,0,0
ATELIER MEUBLE INT,2025-04-16,0,0,-0.032755696184635384,0.3258159010261388,0,0,0
ATELIER MEUBLE INT,2025-04-17,0,0,-0.07786719113056698,0.33901170509888195,0,0,0
ATELIER MEUBLE INT,2025-04-18,0,0,-0.10637152812025003,0.3442441819368839,0,0,0
ATELIER MEUBLE INT,2025-04-23,0,0,-1.0,0.3452756671563544,0,0,0
ATELIER MEUBLE INT,2025-04-24,0,0,-0.3865310445080139,0.32994000510209404,0,0,0
ATELIER MEUBLE INT,2025-05-02,0,0,-1.0,0.34405959086746085,0,0,0
ATELIER MEUBLE INT,2025-05-07,0,0,-1.0,0.3506652919133842,0,0,0
ATELIER MEUBLE INT,2025-05-08,0,0,-1.0,0.35111278602667106,0,0,0
ATELIER MEUBLE INT,2025-05-14,0,0,-1.0,0.3194208467155261,0,0,0
ATELIER MEUBLE INT,2025-05-15,0,0,-1.0,0.3106123331970273,0,0,0
ATELIER MEUBLE INT,2025-05-16,0,0,-1.0,0.31030328096959026,0,0,0
ATELIER MEUBLE INT,2025-05-21,0,0,-1.0,0.3060563637891887,0,0,0
ATELIER MEUBLE INT,2025-05-22,0,0,-1.0,0.3092344671183458,0,0,0
ATELIER MEUBLE INT,2025-05-23,0,0,-1.0,0.31247960561907506,0,0,0
ATELIER MEUBLE INT,2025-05-28,0,0,-1.0,0.30607750418004787,0,0,0
ATELIER MEUBLE INT,2025-05-29,0,0,-0.025873419854135247,0.31795006761975797,0,0,0
ATELIER MEUBLE INT,2025-05-30,0,0,-0.3593565059330268,0.33740149004594544,0,0,0
ATELIER MEUBLE INT,2025-06-04,1,0,-0.5018414696508712,0.34009373703830537,0,0,0
ATELIER MEUBLE INT,2025-06-05,1,0,-0.4977749336917983,0.3390971854477672,0,0,0
ATELIER MEUBLE INT,2025-06-11,0,0,-0.02734030041123323,0.34918445502232776,0,0,0
ATELIER MEUBLE INT,2025-06-12,0,0,-0.0104689241812747,0.32131330870231156,0,0,0
ATELIER MEUBLE INT,2025-06-13,1,0,-0.0006806599427749635,0.3274906706986255,0,0,0
ATELIER MEUBLE INT,2025-06-18,0,0,-0.10266791807362365,0.33664339412018524,0,0,0
ATELIER MEUBLE INT,2025-06-19,0,0,-0.09450528198828319,0.340689793066825,0,0,0
ATELIER MEUBLE INT,2025-06-25,1,0,-0.11624037851258733,0.34192293681767666,0,0,0
ATELIER MEUBLE INT,2025-06-27,1,0,-0.11269129852069452,0.3381771973700969,0,0,0
ATELIER MEUBLE INT,2025-07-02,1,0,0.045687960704334965,0.3221244082272235,1,0,0
ATELIER MEUBLE INT,2025-07-03,0,0,0.03737629685015105,0.3142624420284832,1,0,0
ATELIER MEUBLE INT,2025-07-04,1,0,1.0,0.3080189128622857,1,0,0
ATELIER MEUBLE INT,2025-07-09,1,0,-0.025870775753994373,0.31173713188035446,0,0,0
ATELIER MEUBLE INT,2025-07-10,1,0,0.0,0.0,0,0,0
ATELIER MEUBLE INT,2025-07-11,1,0,1.0,0.31411173132976555,1,0,0
ATELIER MEUBLE INT,2025-07-16,1,0,0.0,0.0,0,0,0
ATELIER MEUBLE INT,2025-07-17,1,0,0.0,0.0,0,0,0
ATELIER MEUBLE INT,2025-07-18,0,0,0.0,0.0,0,0,0
ATELIER MEUBLE INT,2025-07-23,1,0,0.0,0.0,0,0,0
ATELIER MEUBLE INT,2025-07-24,1,0,0.0,0.0,0,0,0
ATELIER MEUBLE INT,2025-07-30,1,0,0.0,0.0,0,0,0
ATELIER MEUBLE INT,2025-07-31,1,0,0.0,0.0,0,0,0
ATELIER MEUBLE INT,2025-08-01,1,0,0.0,0.0,0,0,0
ATELIER MEUBLE INT,2025-08-06,0,0,1.0,0.30178986754053444,1,0,0
ATELIER MEUBLE INT,2025-08-08,0,0,1.0,0.30002628710498136,1,0,0
ATELIER MEUBLE INT,2025-08-14,0,0,0.0,0.0,0,0,0
ATELIER MEUBLE INT,2025-08-15,1,0,0.0,0.0,0,0,0
ATELIER MEUBLE INT,2025-08-20,0,0,0.0,0.0,0,0,0
ATELIER MEUBLE INT,2025-08-21,0,0,0.0,0.0,0,0,0
ATELIER MEUBLE INT,2025-08-22,0,0,0.0,0.0,0,0,0
ATELIER MEUBLE INT,2025-08-27,0,0,0.0,0.0,0,0,0
ATELIER MEUBLE INT,2025-08-28,0,0,0.0,0.0,0,0,0
ATELIER MEUBLE INT,2025-09-03,0,0,0.0,0.0,0,0,0
ATELIER MEUBLE INT,2025-09-05,0,0,0.0,0.0,0,0,0
ATELIER MEUBLE INT,2025-09-10,0,0,0.0,0.0,0,0,0
ATELIER MEUBLE INT,2025-09-11,0,0,0.0,0.0,0,0,0
ATELIER MEUBLE INT,2025-09-17,0,0,0.0,0.0,0,0,0
ATELIER MEUBLE INT,2025-09-18,0,0,0.0,0.0,0,0,0
ATELIER MEUBLE INT,2025-09-19,1,0,-1.0,0.30599373354544895,0,0,0
ATELIER MEUBLE INT,2025-09-24,0,0,-1.0,0.3316531006291679,0,0,0
ATELIER MEUBLE INT,2025-09-25,0,0,-1.0,0.33242662587168487,0,0,0
ATELIER MEUBLE INT,2025-09-26,0,0,-1.0,0.33692276233600976,0,0,0
ATELIER MEUBLE INT,2025-10-01,1,0,-1.0,0.3417050889125466,0,0,0
ATELIER MEUBLE INT,2025-10-02,1,0,-1.0,0.3710215669010584,0,0,0
ATELIER MEUBLE INT,2025-10-03,1,0,-1.0,0.37131613157536264,0,0,0
ATELIER MEUBLE INT,2025-10-08,1,0,-1.0,0.35627278615877517,0,0,0
ATELIER MEUBLE INT,2025-10-10,0,0,-1.0,0.37881232651289753,0,0,0
ATELIER MEUBLE INT,2025-10-16,0,0,-1.0,0.3909400585303468,0,0,0
ATELIER MEUBLE INT,2025-10-17,0,0,-1.0,0.40214257107205276,0,0,0
ATELIER MEUBLE INT,2025-10-22,0,0,-1.0,0.4013579328423851,0,0,0
ATELIER MEUBLE INT,2025-10-23,1,0,-1.0,0.4089187640016747,0,0,0
ATELIER MEUBLE INT,2025-10-24,1,0,-1.0,0.35506345290456753,0,0,0
ATELIER MEUBLE INT,2025-10-29,1,0,-1.0,0.3629753669814975,0,0,0
ATELIER MEUBLE INT,2025-10-30,0,0,-1.0,0.35567641176170417,0,0,0
ATELIER MEUBLE INT,2025-10-31,1,0,-1.0,0.3565752919351913,0,0,0
ATELIER MEUBLE INT,2025-11-05,0,0,-0.35031490044963565,0.3295202108837586,0,0,0
ATELIER MEUBLE INT,2025-11-06,1,0,-0.32747972103501,0.3330773374361071,0,0,0
ATELIER MEUBLE INT,2025-11-07,1,0,0.011339095777964594,0.33126937125113953,1,0,0
ATELIER MEUBLE INT,2025-11-12,1,0,-0.04035924284033808,0.32529830046789837,0,0,0
ATELIER MEUBLE INT,2025-11-13,0,0,-0.04453021561437755,0.33005259598401404,0,0,0
ATELIER MEUBLE INT,2025-11-19,0,0,1.0,0.31943547514211296,1,0,0
ATELIER MEUBLE INT,2025-11-20,0,0,1.0,0.3117868741109679,1,0,0
ATELIER MEUBLE INT,2025-11-21,0,0,1.0,0.30808400608856035,1,0,0
ATELIER MEUBLE INT,2025-11-26,0,0,0.0,0.0,0,0,0
ATELIER MEUBLE INT,2025-11-27,0,0,0.0,0.0,0,0,0
ATELIER MEUBLE INT,2025-11-28,0,0,0.0,0.0,0,0,0
ATELIER MEUBLE INT,2025-12-03,0,0,0.0,0.0,0,0,0
ATELIER MEUBLE INT,2025-12-04,0,0,0.0,0.0,0,0,0
ATL,2025-01-22,1,1,0.0,0.0,0,1,1
ATL,2025-01-23,1,1,0.0,0.0,0,1,1
ATL,2025-01-24,0,1,-0.1813917406128662,0.33246003553558906,0,1,1
ATL,2025-01-29,0,1,-0.017804381466517142,0.34952411945233886,0,1,1
ATL,2025-01-30,0,1,-0.015880134130727173,0.34892045233890817,0,1,1
ATL,2025-02-05,1,1,-0.006930215271305384,0.361633340218486,0,1,1
ATL,2025-02-06,1,1,0.00014739650684123543,0.36239239249400335,1,1,1
ATL,2025-02-07,1,1,0.014118617776908924,0.35334842061894695,1,1,1
ATL,2025-02-12,0,1,-0.002715367553712249,0.3528076493401584,0,1,1
ATL,2025-02-13,0,1,0.00434676741835762,0.3525897074717531,1,1,1
ATL,2025-02-14,0,1,0.007965834901726344,0.35364246075293493,1,1,1
ATL,2025-02-19,0,1,-0.09051114984020082,0.38387556934370026,0,1,1
ATL,2025-02-20,0,1,-0.11853016888598214,0.39256442503234107,0,1,1
ATL,2025-02-21,0,1,-0.11275669549583768,0.39469673687641516,0,1,1
ATL,2025-02-26,1,1,-1.0,0.43817841296916393,0,1,1
ATL,2025-02-27,1,1,-1.0,0.437656227974694,0,1,1
ATL,2025-02-28,0,1,-1.0,0.426973061819551,0,1,1
ATL,2025-03-05,1,1,-0.39569022082886296,0.38355625546833566,0,1,1
ATL,2025-03-06,0,1,-0.4080590959034347,0.37240100198767223,0,1,1
ATL,2025-03-07,0,1,-0.10410300411447196,0.35496016282317483,0,1,1
ATL,2025-03-12,0,1,-0.08656118459363578,0.3621589875742137,0,1,1
ATL,2025-03-13,0,1,-0.11785385822832124,0.36902365910005175,0,1,1
ATL,2025-03-19,1,1,-0.014967967060394691,0.35531546639220113,0,1,1
ATL,2025-03-21,1,1,-0.01900385237227861,0.354818670685641,0,1,1
ATL,2025-03-27,1,1,0.008204802139939195,0.3654423315982518,1,1,1
ATL,2025-03-28,1,1,0.015617831887146568,0.3654357575637791,1,1,1
ATL,2025-04-02,1,1,0.013003684080269225,0.3698760984208821,1,1,1
ATL,2025-04-04,1,1,-0.03350617431004024,0.35986372647109344,0,1,1
ATL,2025-04-10,0,1,-0.01579151520341966,0.36302972242367126,0,1,1
ATL,2025-04-11,1,1,0.32252681675518524,0.3900139017949553,1,1,1
ATL,2025-04-16,1,1,0.12465131763075141,0.43616735810215634,1,1,1
ATL,2025-04-17,1,1,0.1139071803946006,0.43327107848480373,1,1,1
ATL,2025-04-18,1,1,0.08895467816178763,0.42803305889507937,1,1,1
ATL,2025-04-23,0,1,0.09636589562402818,0.43320923154398294,1,1,1
ATL,2025-04-24,0,1,0.3694660032701769,0.3787687490188203,1,1,1
ATL,2025-05-02,1,1,0.4252796880396214,0.3533920995706061,1,1,1
ATL,2025-05-07,1,1,1.0,0.34831925525289936,1,1,1
ATL,2025-05-08,1,1,0.11277325133869076,0.33884636250742883,1,1,1
ATL,2025-05-14,1,1,1.0,0.3789764983156348,1,1,1
ATL,2025-05-15,1,1,1.0,0.37175320482352436,1,1,1
ATL,2025-05-16,1,1,1.0,0.3352244013524087,1,1,1
ATL,2025-05-21,1,1,-0.010675739503878482,0.3158529145540602,0,1,1
ATL,2025-05-22,1,1,-0.0020970399519096086,0.316584929823671,0,1,1
ATL,2025-05-23,1,1,-0.01846965201888977,0.31640516102268723,0,1,1
ATL,2025-05-28,1,1,1.0,0.3693845199028224,1,1,1
ATL,2025-05-29,1,1,0.1038448938371702,0.3348700640911347,1,1,1
ATL,2025-05-30,1,1,-0.04638560937226061,0.36863766580757945,0,1,1
ATL,2025-06-04,0,1,1.0,0.3045656701207353,1,1,1
ATL,2025-06-05,0,1,0.0,0.0,0,1,1
ATL,2025-06-11,0,1,0.0,0.0,0,1,1
ATL,2025-06-12,0,1,0.0,0.0,0,1,1
ATL,2025-06-13,0,1,-1.0,0.330292339238807,0,1,1
ATL,2025-06-18,1,1,-1.0,0.34314882525832424,0,1,1
ATL,2025-06-19,1,1,-1.0,0.3211897441594947,0,1,1
ATL,2025-06-25,0,1,-1.0,0.32503222296643075,0,1,1
ATL,2025-06-27,0,1,-1.0,0.3213716645558284,0,1,1
ATL,2025-07-02,0,1,-1.0,0.33128388178600454,0,1,1
ATL,2025-07-03,0,1,-1.0,0.3179355219114174,0,1,1
ATL,2025-07-04,1,1,-1.0,0.31321912842782373,0,1,1
ATL,2025-07-09,1,1,-1.0,0.3195511690030659,0,1,1
ATL,2025-07-10,1,1,0.0,0.0,0,1,1
ATL,2025-07-11,1,1,0.0,0.0,0,1,1
ATL,2025-07-16,1,1,0.0,0.0,0,1,1
ATL,2025-07-17,0,1,0.0,0.0,0,1,1
ATL,2025-07-18,0,1,0.0,0.0,0,1,1
ATL,2025-07-23,0,1,0.0,0.0,0,1,1
ATL,2025-07-24,0,1,0.0,0.0,0,1,1
ATL,2025-07-30,0,1,0.0,0.0,0,1,1
ATL,2025-07-31,0,1,0.0,0.0,0,1,1
ATL,2025-08-01,0,1,0.0,0.0,0,1,1
ATL,2025-08-06,0,1,-1.0,0.3242286985759562,0,1,1
ATL,2025-08-08,0,1,-1.0,0.3073490806219056,0,1,1
ATL,2025-08-14,0,1,-1.0,0.3215355358118321,0,1,1
ATL,2025-08-15,1,1,-1.0,0.32897837808536784,0,1,1
ATL,2025-08-20,1,1,0.0,0.0,0,1,1
ATL,2025-08-21,1,1,0.0,0.0,0,1,1
ATL,2025-08-22,1,1,0.0,0.0,0,1,1
ATL,2025-08-27,1,1,-1.0,0.3207334219205507,0,1,1
ATL,2025-08-28,1,1,-1.0,0.30455147024672796,0,1,1
ATL,2025-09-03,0,1,0.3512976080045568,0.3102842970544261,1,1,1
ATL,2025-09-05,0,1,-0.32116069734621894,0.3339930566614433,0,1,1
ATL,2025-09-10,1,1,0.21473721785438402,0.3321280347873846,1,1,1
ATL,2025-09-11,1,1,0.05514631928359563,0.3496075295457191,1,1,1
ATL,2025-09-17,1,1,0.07955170962041588,0.3490161572033502,1,1,1
ATL,2025-09-18,0,1,0.4004433146233398,0.418283605592138,1,1,1
ATL,2025-09-19,0,1,1.0,0.4483672491082529,1,1,1
ATL,2025-09-24,0,1,0.538233253917944,0.3634182997869576,1,1,1
ATL,2025-09-25,0,1,0.5524590692074781,0.3653764427545894,1,1,1
ATL,2025-09-26,0,1,0.3451887550664518,0.4165941491202858,1,1,1
ATL,2025-10-01,0,1,1.0,0.38494889062232973,1,1,1
ATL,2025-10-02,0,1,1.0,0.3838568698620203,1,1,1
ATL,2025-10-03,0,1,1.0,0.3852670844820454,1,1,1
ATL,2025-10-08,0,1,1.0,0.39369890073754354,1,1,1
ATL,2025-10-10,0,1,1.0,0.3945782317255706,1,1,1
ATL,2025-10-16,1,1,1.0,0.4040280347952547,1,1,1
ATL,2025-10-17,0,1,1.0,0.407688104399315,1,1,1
ATL,2025-10-22,0,1,1.0,0.41732492020452006,1,1,1
ATL,2025-10-23,0,1,1.0,0.42008115089330916,1,1,1
ATL,2025-10-24,0,1,1.0,0.39937582678164185,1,1,1
ATL,2025-10-29,0,1,1.0,0.3998059498347678,1,1,1
ATL,2025-10-30,0,1,1.0,0.3924633651132098,1,1,1
ATL,2025-10-31,0,1,1.0,0.39273359779608763,1,1,1
ATL,2025-11-05,0,1,1.0,0.38347636281328096,1,1,1
ATL,2025-11-06,1,1,1.0,0.383476362813281,1,1,1
ATL,2025-11-07,0,1,1.0,0.3751705594665211,1,1,1
ATL,2025-11-12,0,1,1.0,0.3813718958161244,1,1,1
ATL,2025-11-13,0,1,1.0,0.3871013812306497,1,1,1
ATL,2025-11-19,1,1,1.0,0.38935852620846984,1,1,1
ATL,2025-11-20,1,1,1.0,0.3875089490154258,1,1,1
ATL,2025-11-21,0,1,1.0,0.38172318441062714,1,1,1
ATL,2025-11-26,0,1,1.0,0.35893481316540704,1,1,1
ATL,2025-11-27,0,1,0.14911463460123603,0.36949549655779057,1,1,1
ATL,2025-11-28,0,1,0.15199217154757325,0.37686470524960247,1,1,1
ATL,2025-12-03,0,1,1.0,0.4178051375837522,1,1,1
ATL,2025-12-04,1,1,1.0,0.40962484191564635,1,1,1
ATTIJARI BANK,2025-01-22,1,1,0.08536962183218613,0.3391492296154603,1,1,1
ATTIJARI BANK,2025-01-23,0,1,0.0,0.0,0,1,1
ATTIJARI BANK,2025-01-24,0,1,0.4772644949266437,0.3385097244902423,1,1,1
ATTIJARI BANK,2025-01-29,1,1,0.5681185956958359,0.3397354389087225,1,1,1
ATTIJARI BANK,2025-01-30,1,1,0.4782185345383391,0.34750113204094335,1,1,1
ATTIJARI BANK,2025-02-05,1,1,0.5854452128946739,0.3429738815280488,1,1,1
ATTIJARI BANK,2025-02-06,1,1,0.44192856401555736,0.3447550531684321,1,1,1
ATTIJARI BANK,2025-02-07,1,1,0.44088187145139673,0.3507201402122549,1,1,1
ATTIJARI BANK,2025-02-12,1,1,0.18794372574006518,0.3420075045367065,1,1,1
ATTIJARI BANK,2025-02-13,1,1,0.18864778890082162,0.3410911960371027,1,1,1
ATTIJARI BANK,2025-02-14,1,1,0.16050835381891485,0.33556527675811704,1,1,1
ATTIJARI BANK,2025-02-19,1,1,0.14095768909391423,0.3458881857438478,1,1,1
ATTIJARI BANK,2025-02-20,1,1,0.11245417593932065,0.3457808165070693,1,1,1
ATTIJARI BANK,2025-02-21,1,1,0.1062143358773812,0.3420428474687539,1,1,1
ATTIJARI BANK,2025-02-26,0,1,0.18610514536108863,0.3601157010916624,1,1,1
ATTIJARI BANK,2025-02-27,0,1,0.6964600495016275,0.3956778345794798,1,1,1
ATTIJARI BANK,2025-02-28,0,1,1.0,0.4304053692630966,1,1,1
ATTIJARI BANK,2025-03-05,0,1,1.0,0.39696585231824977,1,1,1
ATTIJARI BANK,2025-03-06,1,1,1.0,0.3815911978291542,1,1,1
ATTIJARI BANK,2025-03-07,1,1,1.0,0.3868158892563007,1,1,1
ATTIJARI BANK,2025-03-12,0,1,0.5055561615177941,0.40609703534337865,1,1,1
ATTIJARI BANK,2025-03-13,0,1,0.6210765198440583,0.40212047274350654,1,1,1
ATTIJARI BANK,2025-03-19,1,1,0.5077039251008335,0.4081929703646463,1,1,1
ATTIJARI BANK,2025-03-21,1,1,0.5073058986604891,0.4117379072911394,1,1,1
ATTIJARI BANK,2025-03-27,0,1,0.5035091950244546,0.40703519562939494,1,1,1
ATTIJARI BANK,2025-03-28,0,1,0.5093009106977207,0.4129099536584127,1,1,1
ATTIJARI BANK,2025-04-02,0,1,0.5108120948596432,0.41123311032587595,1,1,1
ATTIJARI BANK,2025-04-04,0,1,0.5822650224925238,0.3927440376269655,1,1,1
ATTIJARI BANK,2025-04-10,0,1,1.0,0.3708578558378143,1,1,1
ATTIJARI BANK,2025-04-11,0,1,1.0,0.3718724756862031,1,1,1
ATTIJARI BANK,2025-04-16,1,1,0.2837864835840288,0.32784425923238203,1,1,1
ATTIJARI BANK,2025-04-17,1,1,0.2663915078548439,0.3202425353231695,1,1,1
ATTIJARI BANK,2025-04-18,1,1,-0.11459725584689155,0.34571042111648587,0,1,1
ATTIJARI BANK,2025-04-23,0,1,-0.07577332932871218,0.33312464971039346,0,1,1
ATTIJARI BANK,2025-04-24,0,1,-1.0,0.33045046919528775,0,1,1
ATTIJARI BANK,2025-05-02,1,1,0.0,0.0,0,1,1
ATTIJARI BANK,2025-05-07,0,1,0.0,0.0,0,1,1
ATTIJARI BANK,2025-05-08,0,1,0.0,0.0,0,1,1
ATTIJARI BANK,2025-05-14,0,1,0.0,0.0,0,1,1
ATTIJARI BANK,2025-05-15,0,1,0.0,0.0,0,1,1
ATTIJARI BANK,2025-05-16,0,1,0.0,0.0,0,1,1
ATTIJARI BANK,2025-05-21,0,1,0.0,0.0,0,1,1
ATTIJARI BANK,2025-05-22,0,1,0.0,0.0,0,1,1
ATTIJARI BANK,2025-05-23,0,1,0.0,0.0,0,1,1
ATTIJARI BANK,2025-05-28,0,1,0.0,0.0,0,1,1
ATTIJARI BANK,2025-05-29,0,1,0.0,0.0,0,1,1
ATTIJARI BANK,2025-05-30,0,1,0.0,0.0,0,1,1
ATTIJARI BANK,2025-06-04,0,1,0.0,0.0,0,1,1
ATTIJARI BANK,2025-06-05,0,1,0.0,0.0,0,1,1
ATTIJARI BANK,2025-06-11,0,1,0.0,0.0,0,1,1
ATTIJARI BANK,2025-06-12,0,1,0.0,0.0,0,1,1
ATTIJARI BANK,2025-06-13,1,1,0.0,0.0,0,1,1
ATTIJARI BANK,2025-06-18,1,1,1.0,0.3113767057479011,1,1,1
ATTIJARI BANK,2025-06-19,1,1,0.0,0.0,0,1,1
ATTIJARI BANK,2025-06-25,0,1,1.0,0.34108330057287006,1,1,1
ATTIJARI BANK,2025-06-27,0,1,1.0,0.35178492918940735,1,1,1
ATTIJARI BANK,2025-07-02,1,1,1.0,0.3718085887917864,1,1,1
ATTIJARI BANK,2025-07-03,1,1,1.0,0.34184275351210347,1,1,1
ATTIJARI BANK,2025-07-04,1,1,1.0,0.3421984326421371,1,1,1
ATTIJARI BANK,2025-07-09,1,1,-0.11938236547995555,0.3527857119673491,0,1,1
ATTIJARI BANK,2025-07-10,1,1,-1.0,0.3857350436217007,0,1,1
ATTIJARI BANK,2025-07-11,0,1,-1.0,0.38574120891340297,0,1,1
ATTIJARI BANK,2025-07-16,1,1,1.0,0.3137644980383038,1,1,1
ATTIJARI BANK,2025-07-17,0,1,1.0,0.32347091366839476,1,1,1
ATTIJARI BANK,2025-07-18,0,1,1.0,0.37173017590077034,1,1,1
ATTIJARI BANK,2025-07-23,0,1,1.0,0.3166425746446517,1,1,1
ATTIJARI BANK,2025-07-24,0,1,1.0,0.3253099576095954,1,1,1
ATTIJARI BANK,2025-07-30,0,1,-0.2638073049321748,0.34679858234116195,0,1,1
ATTIJARI BANK,2025-07-31,0,1,0.047480955453623186,0.3771367907304754,1,1,1
ATTIJARI BANK,2025-08-01,1,1,-0.02029791187325947,0.4143548525220968,0,1,1
ATTIJARI BANK,2025-08-06,0,1,-0.03974178351933532,0.3987294665262805,0,1,1
ATTIJARI BANK,2025-08-08,0,1,0.28894546404475163,0.3948414508549977,1,1,1
ATTIJARI BANK,2025-08-14,0,1,0.28755132421352053,0.3957850301138735,1,1,1
ATTIJARI BANK,2025-08-15,1,1,0.28021805295465585,0.39922708703512955,1,1,1
ATTIJARI BANK,2025-08-20,0,1,0.326824093901168,0.43771998437955256,1,1,1
ATTIJARI BANK,2025-08-21,0,1,0.3223698253525822,0.4341379109802981,1,1,1
ATTIJARI BANK,2025-08-22,0,1,0.3386400774062083,0.4241848448471525,1,1,1
ATTIJARI BANK,2025-08-27,0,1,0.06671485292234737,0.3917609983309819,1,1,1
ATTIJARI BANK,2025-08-28,1,1,0.033223500894032504,0.39873593776669847,1,1,1
ATTIJARI BANK,2025-09-03,1,1,0.18838699411391138,0.37342430113926095,1,1,1
ATTIJARI BANK,2025-09-05,1,1,0.20136722135495663,0.38190712383383313,1,1,1
ATTIJARI BANK,2025-09-10,1,1,0.23468953152174019,0.37217620817454833,1,1,1
ATTIJARI BANK,2025-09-11,1,1,0.2652576121964614,0.37768338663116874,1,1,1
ATTIJARI BANK,2025-09-17,1,1,1.0,0.3961423716556986,1,1,1
ATTIJARI BANK,2025-09-18,0,1,0.31552461582667585,0.3790307284334561,1,1,1
ATTIJARI BANK,2025-09-19,1,1,0.34120219612026587,0.3711576956115268,1,1,1
ATTIJARI BANK,2025-09-24,0,1,0.3600617860762821,0.37021581084169936,1,1,1
ATTIJARI BANK,2025-09-25,0,1,0.35543763445273746,0.37613044903710335,1,1,1
ATTIJARI BANK,2025-09-26,0,1,0.3540881248278501,0.3788629188494132,1,1,1
ATTIJARI BANK,2025-10-01,0,1,0.3314524289557452,0.3583478685797055,1,1,1
ATTIJARI BANK,2025-10-02,0,1,0.21235823078252322,0.3716627760246847,1,1,1
ATTIJARI BANK,2025-10-03,0,1,0.2169112345563886,0.37030918395184675,1,1,1
ATTIJARI BANK,2025-10-08,1,1,0.27145316851242796,0.36767509808860516,1,1,1
ATTIJARI BANK,2025-10-10,0,1,0.36222388131496586,0.3905898954742133,1,1,1
ATTIJARI BANK,2025-10-16,0,1,0.3880342202512915,0.38591834484158904,1,1,1
ATTIJARI BANK,2025-10-17,0,1,0.37780047836224945,0.3919861795382234,1,1,1
ATTIJARI BANK,2025-10-22,1,1,0.601129973871552,0.41498308290602115,1,1,1
ATTIJARI BANK,2025-10-23,1,1,0.5968467623730175,0.41079961601651005,1,1,1
ATTIJARI BANK,2025-10-24,1,1,0.3746950100523818,0.3932253016520498,1,1,1
ATTIJARI BANK,2025-10-29,1,1,0.3554130492993875,0.3834592504468924,1,1,1
ATTIJARI BANK,2025-10-30,1,1,0.34641609149550545,0.3818162285236961,1,1,1
ATTIJARI BANK,2025-10-31,1,1,0.34644996156884056,0.38193419944785384,1,1,1
ATTIJARI BANK,2025-11-05,1,1,0.09765826847241504,0.385765654203606,1,1,1
ATTIJARI BANK,2025-11-06,1,1,0.1075268307390676,0.37565326528589915,1,1,1
ATTIJARI BANK,2025-11-07,1,1,0.396007635108043,0.3919325016586204,1,1,1
ATTIJARI BANK,2025-11-12,1,1,0.4152206887538555,0.3825274207280482,1,1,1
ATTIJARI BANK,2025-11-13,0,1,0.41534360825301087,0.38227016222989924,1,1,1
ATTIJARI BANK,2025-11-19,0,1,1.0,0.4162812600344361,1,1,1
ATTIJARI BANK,2025-11-20,0,1,1.0,0.41732379119522045,1,1,1
ATTIJARI BANK,2025-11-21,0,1,1.0,0.4149101598288264,1,1,1
ATTIJARI BANK,2025-11-26,1,1,1.0,0.4123863620013615,1,1,1
ATTIJARI BANK,2025-11-27,1,1,0.5964907462503154,0.37366744299706156,1,1,1
ATTIJARI BANK,2025-11-28,1,1,0.5893301579431847,0.38900472443468975,1,1,1
ATTIJARI BANK,2025-12-03,1,1,0.5886624057445832,0.38780586526305344,1,1,1
ATTIJARI BANK,2025-12-04,0,1,0.5730636560827648,0.40197577529453477,1,1,1
ATTIJARI LEASING,2025-01-22,1,1,-0.3988030739125163,0.3673781791536436,0,1,1
ATTIJARI LEASING,2025-01-23,1,1,-0.40572120395140665,0.36576574370878395,0,1,1
ATTIJARI LEASING,2025-01-24,1,1,-0.40068134944592726,0.3635051822643309,0,1,1
ATTIJARI LEASING,2025-01-29,1,1,-0.39095568498281325,0.3646764955694404,0,1,1
ATTIJARI LEASING,2025-01-30,1,1,-0.3944660838976257,0.36290576895627086,0,1,1
ATTIJARI LEASING,2025-02-05,1,1,-0.3481584335006845,0.35187009743797054,0,1,1
ATTIJARI LEASING,2025-02-06,1,1,-0.3380829909078996,0.3585535265430568,0,1,1
ATTIJARI LEASING,2025-02-07,1,1,-0.3501491363655572,0.36396601513338783,0,1,1
ATTIJARI LEASING,2025-02-12,1,1,0.325087655689294,0.3197919652680921,1,1,1
ATTIJARI LEASING,2025-02-13,1,1,-0.2601463038336945,0.3477374423361894,0,1,1
ATTIJARI LEASING,2025-02-14,1,1,0.055034423333768234,0.36867734668629504,1,1,1
ATTIJARI LEASING,2025-02-19,1,1,-0.07035453959401711,0.36886366928497366,0,1,1
ATTIJARI LEASING,2025-02-20,1,1,0.29550371142771253,0.3378862378475056,1,1,1
ATTIJARI LEASING,2025-02-21,0,1,0.3042948721882705,0.33694108226668557,1,1,1
ATTIJARI LEASING,2025-02-26,0,1,1.0,0.3266558437847613,1,1,1
ATTIJARI LEASING,2025-02-27,0,1,1.0,0.3261581221097302,1,1,1
ATTIJARI LEASING,2025-02-28,1,1,1.0,0.33232897449787374,1,1,1
ATTIJARI LEASING,2025-03-05,0,1,1.0,0.34648963810060474,1,1,1
ATTIJARI LEASING,2025-03-06,0,1,1.0,0.34517831861849424,1,1,1
ATTIJARI LEASING,2025-03-07,1,1,1.0,0.34502190429449175,1,1,1
ATTIJARI LEASING,2025-03-12,1,1,1.0,0.34508599320313227,1,1,1
ATTIJARI LEASING,2025-03-13,1,1,1.0,0.34450195680592244,1,1,1
ATTIJARI LEASING,2025-03-19,1,1,1.0,0.34459657049550213,1,1,1
ATTIJARI LEASING,2025-03-21,1,1,1.0,0.3361151721385345,1,1,1
ATTIJARI LEASING,2025-03-27,1,1,1.0,0.3281150810209204,1,1,1
ATTIJARI LEASING,2025-03-28,1,1,1.0,0.32983835011071033,1,1,1
ATTIJARI LEASING,2025-04-02,1,1,1.0,0.35062269096407167,1,1,1
ATTIJARI LEASING,2025-04-04,0,1,1.0,0.3111129793666683,1,1,1
ATTIJARI LEASING,2025-04-10,0,1,1.0,0.34169429350459685,1,1,1
ATTIJARI LEASING,2025-04-11,0,1,1.0,0.346531812744739,1,1,1
ATTIJARI LEASING,2025-04-16,0,1,1.0,0.3365941261171682,1,1,1
ATTIJARI LEASING,2025-04-17,0,1,1.0,0.328718609546102,1,1,1
ATTIJARI LEASING,2025-04-18,0,1,1.0,0.34007297681572596,1,1,1
ATTIJARI LEASING,2025-04-23,0,1,0.0,0.0,0,1,1
ATTIJARI LEASING,2025-04-24,0,1,0.0,0.0,0,1,1
ATTIJARI LEASING,2025-05-02,0,1,0.0,0.0,0,1,1
ATTIJARI LEASING,2025-05-07,1,1,0.0,0.0,0,1,1
ATTIJARI LEASING,2025-05-08,1,1,0.0,0.0,0,1,1
ATTIJARI LEASING,2025-05-14,0,1,0.0,0.0,0,1,1
ATTIJARI LEASING,2025-05-15,0,1,-1.0,0.31716766225855086,0,1,1
ATTIJARI LEASING,2025-05-16,0,1,-1.0,0.302800661576256,0,1,1
ATTIJARI LEASING,2025-05-21,0,1,-1.0,0.3202238568976819,0,1,1
ATTIJARI LEASING,2025-05-22,0,1,-1.0,0.324241223034247,0,1,1
ATTIJARI LEASING,2025-05-23,0,1,-1.0,0.32071144043233857,0,1,1
ATTIJARI LEASING,2025-05-28,0,1,0.0,0.0,0,1,1
ATTIJARI LEASING,2025-05-29,0,1,0.0,0.0,0,1,1
ATTIJARI LEASING,2025-05-30,0,1,0.0,0.0,0,1,1
ATTIJARI LEASING,2025-06-04,0,1,0.0,0.0,0,1,1
ATTIJARI LEASING,2025-06-05,0,1,0.0,0.0,0,1,1
ATTIJARI LEASING,2025-06-11,0,1,0.0,0.0,0,1,1
ATTIJARI LEASING,2025-06-12,0,1,0.0,0.0,0,1,1
ATTIJARI LEASING,2025-06-13,1,1,0.0,0.0,0,1,1
ATTIJARI LEASING,2025-06-18,1,1,1.0,0.3019777522263648,1,1,1
ATTIJARI LEASING,2025-06-19,1,1,1.0,0.31196168072315483,1,1,1
ATTIJARI LEASING,2025-06-25,1,1,1.0,0.31668946267501397,1,1,1
ATTIJARI LEASING,2025-06-27,1,1,1.0,0.34059394361384954,1,1,1
ATTIJARI LEASING,2025-07-02,1,1,0.0,0.0,0,1,1
ATTIJARI LEASING,2025-07-03,1,1,0.0,0.0,0,1,1
ATTIJARI LEASING,2025-07-04,0,1,0.0,0.0,0,1,1
ATTIJARI LEASING,2025-07-09,0,1,1.0,0.32962781182529194,1,1,1
ATTIJARI LEASING,2025-07-10,0,1,1.0,0.3569839714305774,1,1,1
ATTIJARI LEASING,2025-07-11,0,1,1.0,0.35701663084443724,1,1,1
ATTIJARI LEASING,2025-07-16,1,1,1.0,0.32771683139221786,1,1,1
ATTIJARI LEASING,2025-07-17,1,1,1.0,0.3271741233667712,1,1,1
ATTIJARI LEASING,2025-07-18,1,1,1.0,0.32931360644310237,1,1,1
ATTIJARI LEASING,2025-07-23,0,1,1.0,0.3256017358400613,1,1,1
ATTIJARI LEASING,2025-07-24,0,1,1.0,0.32429292360635176,1,1,1
ATTIJARI LEASING,2025-07-30,0,1,0.0,0.0,0,1,1
ATTIJARI LEASING,2025-07-31,0,1,0.0,0.0,0,1,1
ATTIJARI LEASING,2025-08-01,0,1,0.0,0.0,0,1,1
ATTIJARI LEASING,2025-08-06,0,1,-1.0,0.3017898675405345,0,1,1
ATTIJARI LEASING,2025-08-08,0,1,-1.0,0.3000262871049813,0,1,1
ATTIJARI LEASING,2025-08-14,1,1,0.0,0.0,0,1,1
ATTIJARI LEASING,2025-08-15,1,1,0.0,0.0,0,1,1
ATTIJARI LEASING,2025-08-20,1,1,0.0,0.0,0,1,1
ATTIJARI LEASING,2025-08-21,1,1,0.0,0.0,0,1,1
ATTIJARI LEASING,2025-08-22,0,1,0.0,0.0,0,1,1
ATTIJARI LEASING,2025-08-27,0,1,-0.0023620902732734714,0.30458059053734277,0,1,1
ATTIJARI LEASING,2025-08-28,0,1,0.0,0.0,0,1,1
ATTIJARI LEASING,2025-09-03,0,1,-1.0,0.38528219432450184,0,1,1
ATTIJARI LEASING,2025-09-05,0,1,-1.0,0.38432143519529605,0,1,1
ATTIJARI LEASING,2025-09-10,1,1,-1.0,0.3267319971776749,0,1,1
ATTIJARI LEASING,2025-09-11,1,1,-1.0,0.3237027987149952,0,1,1
ATTIJARI LEASING,2025-09-17,1,1,-1.0,0.32385998745544187,0,1,1
ATTIJARI LEASING,2025-09-18,1,1,-1.0,0.32060373863465685,0,1,1
ATTIJARI LEASING,2025-09-19,0,1,-1.0,0.30048645246124095,0,1,1
ATTIJARI LEASING,2025-09-24,1,1,0.0,0.0,0,1,1
ATTIJARI LEASING,2025-09-25,1,1,0.0,0.0,0,1,1
ATTIJARI LEASING,2025-09-26,0,1,0.0,0.0,0,1,1
ATTIJARI LEASING,2025-10-01,0,1,1.0,0.3133809439682255,1,1,1
ATTIJARI LEASING,2025-10-02,0,1,1.0,0.31646044490711633,1,1,1
ATTIJARI LEASING,2025-10-03,1,1,1.0,0.3394728295528862,1,1,1
ATTIJARI LEASING,2025-10-08,1,1,1.0,0.4118607185971391,1,1,1
ATTIJARI LEASING,2025-10-10,1,1,1.0,0.411930873920179,1,1,1
ATTIJARI LEASING,2025-10-16,0,1,-1.0,0.3036938218568231,0,1,1
ATTIJARI LEASING,2025-10-17,0,1,-1.0,0.30693263237987545,0,1,1
ATTIJARI LEASING,2025-10-22,1,1,-0.003025231046982991,0.32841643094479345,0,1,1
ATTIJARI LEASING,2025-10-23,1,1,0.0,0.0,0,1,1
ATTIJARI LEASING,2025-10-24,0,1,0.0,0.0,0,1,1
ATTIJARI LEASING,2025-10-29,1,1,0.0,0.0,0,1,1
ATTIJARI LEASING,2025-10-30,1,1,0.0,0.0,0,1,1
ATTIJARI LEASING,2025-10-31,0,1,0.0,0.0,0,1,1
ATTIJARI LEASING,2025-11-05,1,1,0.0,0.0,0,1,1
ATTIJARI LEASING,2025-11-06,0,1,0.0,0.0,0,1,1
ATTIJARI LEASING,2025-11-07,0,1,1.0,0.3117446299890891,1,1,1
ATTIJARI LEASING,2025-11-12,1,1,0.0,0.0,0,1,1
ATTIJARI LEASING,2025-11-13,1,1,0.0,0.0,0,1,1
ATTIJARI LEASING,2025-11-19,1,1,1.0,0.31537816017235315,1,1,1
ATTIJARI LEASING,2025-11-20,1,1,0.0,0.0,0,1,1
ATTIJARI LEASING,2025-11-21,0,1,0.0,0.0,0,1,1
ATTIJARI LEASING,2025-11-26,0,1,1.0,0.30835997057154524,1,1,1
ATTIJARI LEASING,2025-11-27,0,1,1.0,0.3172246958137598,1,1,1
ATTIJARI LEASING,2025-11-28,0,1,0.0,0.0,0,1,1
ATTIJARI LEASING,2025-12-03,0,1,0.0,0.0,0,1,1
ATTIJARI LEASING,2025-12-04,0,1,0.0,0.0,0,1,1
AMEN BANK,2025-01-07,0,1,-1.0,0.48197805718206477,0,1,1
AMEN BANK,2025-01-08,0,1,-1.0,0.4577407894589281,0,1,1
AMEN BANK,2025-01-09,1,1,-1.0,0.45395708926396106,0,1,1
AMEN BANK,2025-01-10,1,1,-1.0,0.4532926606384294,0,1,1
AMEN BANK,2025-01-14,1,1,-1.0,0.41735238491443577,0,1,1
AMEN BANK,2025-01-15,1,1,-1.0,0.4257487064608636,0,1,1
AMEN BANK,2025-01-16,1,1,-1.0,0.4208050534456282,0,1,1
AMEN BANK,2025-01-17,1,1,-1.0,0.41551935543282054,0,1,1
AMEN BANK,2025-01-21,1,1,-1.0,0.417478557602095,0,1,1
AMEN BANK,2025-01-31,0,1,-0.35185073148610785,0.37766264294024826,0,1,1
AMEN BANK,2025-04-30,0,1,1.0,0.31067967099349997,1,1,1
AMEN BANK,2025-05-09,0,1,1.0,0.31946454450263206,1,1,1
AMEN BANK,2025-07-08,0,1,0.0,0.0,0,1,1
AMEN BANK,2025-08-26,1,1,-0.23116052124098677,0.3895583975367874,0,1,1
AMEN BANK,2025-09-12,1,1,0.06616015523518866,0.33656255515215233,1,1,1
AMEN BANK,2025-11-14,0,1,1.0,0.31459436067799607,1,1,1
BH BANK,2025-01-07,0,0,-1.0,0.3288326052061625,0,0,0
BH BANK,2025-01-08,0,0,1.0,0.33386431709963565,1,0,0
BH BANK,2025-01-09,0,0,-0.29288265313271145,0.3427318523640716,0,0,0
BH BANK,2025-01-10,1,0,-0.001267502731534864,0.365039163253482,0,0,0
BH BANK,2025-01-14,1,0,-1.0,0.3565081085309338,0,0,0
BH BANK,2025-01-15,1,0,-1.0,0.3639131487688322,0,0,0
BH BANK,2025-01-16,1,0,-1.0,0.36376914401007493,0,0,0
BH BANK,2025-01-17,1,0,-1.0,0.36111372211301845,0,0,0
BH BANK,2025-01-21,1,0,-1.0,0.33817875949961906,0,0,0
BH BANK,2025-01-31,1,0,-1.0,0.4264055892940699,0,0,0
BH BANK,2025-04-30,1,0,1.0,0.3172066324387594,1,0,0
BH BANK,2025-05-09,0,0,1.0,0.36978453964557984,1,0,0
BH BANK,2025-07-08,0,0,0.0,0.0,0,0,0
BH BANK,2025-08-26,1,0,-0.034264266703023814,0.3430935328561797,0,0,0
BH BANK,2025-09-12,1,0,0.27011600641442063,0.32274085757163223,1,0,0
BH BANK,2025-11-14,0,0,-1.0,0.5433961801605168,0,0,0
BIAT,2025-01-07,1,1,1.0,0.31501137122490924,1,1,1
BIAT,2025-01-08,1,1,1.0,0.3174918738718531,1,1,1
BIAT,2025-01-09,1,1,1.0,0.322763018732691,1,1,1
BIAT,2025-01-10,1,1,1.0,0.3362028670365484,1,1,1
BIAT,2025-01-14,1,1,1.0,0.3370976916815635,1,1,1
BIAT,2025-01-15,1,1,1.0,0.3503825790066382,1,1,1
BIAT,2025-01-16,1,1,1.0,0.36131294089443317,1,1,1
BIAT,2025-01-17,1,1,1.0,0.3629841186037764,1,1,1
BIAT,2025-01-21,1,1,1.0,0.3497727827434242,1,1,1
BIAT,2025-01-31,1,1,1.0,0.40137873639161636,1,1,1
BIAT,2025-04-30,0,1,0.0,0.0,0,1,1
BIAT,2025-05-09,0,1,0.0,0.0,0,1,1
BIAT,2025-07-08,1,1,0.0,0.0,0,1,1
BIAT,2025-08-26,1,1,0.35517038729310296,0.3438832560431191,1,1,1
BIAT,2025-09-12,1,1,1.0,0.4644750101344445,1,1,1
BIAT,2025-11-14,0,1,0.06830310843018242,0.3783850298426176,1,1,1
BNA,2025-01-07,1,0,-1.0,0.37485059914312424,0,0,0
BNA,2025-01-08,1,0,-1.0,0.37067674029673037,0,0,0
BNA,2025-01-09,1,0,-1.0,0.34603235763263623,0,0,0
BNA,2025-01-10,1,0,-1.0,0.31851038593452263,0,0,0
BNA,2025-01-14,1,0,-1.0,0.34818005661882784,0,0,0
BNA,2025-01-15,1,0,-1.0,0.3393732458570393,0,0,0
BNA,2025-01-16,0,0,-1.0,0.3445373492049061,0,0,0
BNA,2025-01-17,0,0,-1.0,0.32327034193503945,0,0,0
BNA,2025-01-21,0,0,-1.0,0.334639576456732,0,0,0
BNA,2025-01-31,0,0,-1.0,0.31850513067341546,0,0,0
BNA,2025-04-30,0,0,0.252760181670731,0.38226809414097174,1,0,0
BNA,2025-05-09,0,0,-0.04668547085193505,0.40487813187610516,0,0,0
BNA,2025-07-08,0,0,0.0,0.0,0,0,0
BNA,2025-08-26,1,0,0.0,0.0,0,0,0
BNA,2025-09-12,1,0,0.0,0.0,0,0,0
BNA,2025-11-14,0,0,1.0,0.36254706941988035,1,0,0
BT,2025-01-07,0,0,-0.14252018309678666,0.3768820348748373,0,0,0
BT,2025-01-08,0,0,-0.3563524033767974,0.36979293888880266,0,0,0
BT,2025-01-09,0,0,-0.3122613141698458,0.35362025788792156,0,0,0
BT,2025-01-10,0,0,-0.3124884062914961,0.3542260477073045,0,0,0
BT,2025-01-14,0,0,-0.03388791652424288,0.31443498658447777,0,0,0
BT,2025-01-15,0,0,-0.5111621623785879,0.3126945065570179,0,0,0
BT,2025-01-16,1,0,-1.0,0.32898050120591515,0,0,0
BT,2025-01-17,0,0,-0.4989811741263511,0.32681503052866906,0,0,0
BT,2025-01-21,0,0,-0.1431810366059706,0.3638490266084867,0,0,0
BT,2025-01-31,1,0,-0.4137150800272682,0.38529692390474163,0,0,0
BT,2025-04-30,0,0,0.0,0.0,0,0,0
BT,2025-05-09,0,0,1.0,0.3731117355384388,1,0,0
BT,2025-07-08,1,0,1.0,0.37568019127401703,1,0,0
BT,2025-08-26,0,0,1.0,0.35625908146316515,1,0,0
BT,2025-09-12,1,0,0.0,0.0,0,0,0
BT,2025-11-14,1,0,0.14475492409810864,0.4235793111407146,1,0,0
CARTHAGE CEMENT,2025-01-07,1,0,0.0,0.0,0,0,0
CARTHAGE CEMENT,2025-01-08,1,0,0.0,0.0,0,0,0
CARTHAGE CEMENT,2025-01-09,1,0,0.0,0.0,0,0,0
CARTHAGE CEMENT,2025-01-10,1,0,0.0,0.0,0,0,0
CARTHAGE CEMENT,2025-01-14,0,0,0.0,0.0,0,0,0
CARTHAGE CEMENT,2025-01-15,0,0,0.0,0.0,0,0,0
CARTHAGE CEMENT,2025-01-16,0,0,0.0,0.0,0,0,0
CARTHAGE CEMENT,2025-01-17,0,0,0.0,0.0,0,0,0
CARTHAGE CEMENT,2025-01-21,0,0,0.0,0.0,0,0,0
CARTHAGE CEMENT,2025-01-31,0,0,0.0,0.0,0,0,0
CARTHAGE CEMENT,2025-04-30,0,0,-0.10447263166989725,0.38793981810182454,0,0,0
CARTHAGE CEMENT,2025-05-09,1,0,0.20161303676894843,0.3538635420476357,1,0,0
CARTHAGE CEMENT,2025-07-08,1,0,-0.1615416633105287,0.32953582796261766,0,0,0
CARTHAGE CEMENT,2025-08-26,0,0,1.0,0.3651300055953186,1,0,0
CARTHAGE CEMENT,2025-09-12,0,0,1.0,0.3752523172525616,1,0,0
CARTHAGE CEMENT,2025-11-14,0,0,0.0,0.0,0,0,0
CELLCOM,2025-01-17,0,0,0.0,0.0,0,0,0
CELLCOM,2025-01-21,0,0,0.0,0.0,0,0,0
CELLCOM,2025-01-22,0,0,0.0,0.0,0,0,0
CELLCOM,2025-01-23,0,0,0.0,0.0,0,0,0
CELLCOM,2025-01-24,0,0,0.0,0.0,0,0,0
CELLCOM,2025-01-28,0,0,0.0,0.0,0,0,0
CELLCOM,2025-01-29,0,0,0.0,0.0,0,0,0
CELLCOM,2025-01-30,0,0,0.0,0.0,0,0,0
CELLCOM,2025-01-31,0,0,0.0,0.0,0,0,0
CELLCOM,2025-04-30,0,0,0.0,0.0,0,0,0
CELLCOM,2025-05-09,1,0,0.0,0.0,0,0,0
CELLCOM,2025-07-08,1,0,0.0,0.0,0,0,0
CELLCOM,2025-08-26,1,0,-1.0,0.3526339589050799,0,0,0
CELLCOM,2025-09-12,1,0,-1.0,0.3424313678823121,0,0,0
CELLCOM,2025-11-14,1,0,0.0,0.0,0,0,0
CIL,2025-01-17,0,1,0.0,0.0,0,1,1
CIL,2025-01-21,0,1,0.0,0.0,0,1,1
CIL,2025-01-22,0,1,0.0,0.0,0,1,1
CIL,2025-01-23,1,1,0.0,0.0,0,1,1
CIL,2025-01-24,1,1,0.0,0.0,0,1,1
CIL,2025-01-28,1,1,0.0,0.0,0,1,1
CIL,2025-01-29,1,1,0.0,0.0,0,1,1
CIL,2025-01-30,0,1,0.0,0.0,0,1,1
CIL,2025-01-31,1,1,0.0,0.0,0,1,1
CIL,2025-04-30,0,1,1.0,0.31067967099349997,1,1,1
CIL,2025-05-09,1,1,1.0,0.31946454450263206,1,1,1
CIL,2025-07-08,1,1,-1.0,0.35248246497905605,0,1,1
CIL,2025-08-26,1,1,-1.0,0.31672331781105983,0,1,1
CIL,2025-09-12,0,1,0.0,0.0,0,1,1
CIL,2025-11-14,0,1,-1.0,0.3092637151899266,0,1,1
CITY CARS,2025-01-07,1,0,1.0,0.354136375576392,1,0,0
CITY CARS,2025-01-08,1,0,1.0,0.40636632366664893,1,0,0
CITY CARS,2025-01-09,1,0,1.0,0.4114236468984136,1,0,0
CITY CARS,2025-01-10,1,0,1.0,0.3941098044335166,1,0,0
CITY CARS,2025-01-14,1,0,1.0,0.3538573322608659,1,0,0
CITY CARS,2025-01-15,1,0,1.0,0.35515531404266243,1,0,0
CITY CARS,2025-01-16,1,0,1.0,0.3994215510499239,1,0,0
CITY CARS,2025-01-17,1,0,0.3903657038104868,0.34871449574638946,1,0,0
CITY CARS,2025-01-21,1,0,0.3861563124870348,0.3424692439269552,1,0,0
CITY CARS,2025-01-31,1,0,0.4807536898663211,0.36793634133169384,1,0,0
CITY CARS,2025-04-30,0,1,0.0,0.0,0,1,1
CITY CARS,2025-05-09,1,1,0.0,0.0,0,1,1
CITY CARS,2025-07-08,0,1,1.0,0.30598674554394545,1,1,1
CITY CARS,2025-08-26,1,1,0.0,0.0,0,1,1
CITY CARS,2025-09-12,0,1,1.0,0.35748709613615576,1,1,1
CITY CARS,2025-11-14,0,1,0.0,0.0,0,1,1
DELICE HOLDING,2025-01-07,1,1,-0.21637551453059747,0.47080288951937044,0,1,1
DELICE HOLDING,2025-01-08,1,1,-0.16826079360093713,0.452776063817058,0,1,1
DELICE HOLDING,2025-01-09,1,1,-0.21890955836804574,0.42707100680092236,0,1,1
DELICE HOLDING,2025-01-10,1,1,-0.22481275174177417,0.42655969575979646,0,1,1
DELICE HOLDING,2025-01-14,1,1,-0.2424610637940582,0.43660310081395826,0,1,1
DELICE HOLDING,2025-01-15,1,1,-0.23890846303640967,0.43765426280809344,0,1,1
DELICE HOLDING,2025-01-16,1,1,-0.21962131640208413,0.41280349850711384,0,1,1
DELICE HOLDING,2025-01-17,1,1,-1.0,0.4915900447939868,0,1,1
DELICE HOLDING,2025-01-21,1,1,-1.0,0.4634393407748957,0,1,1
DELICE HOLDING,2025-01-31,1,1,-0.016948169349186186,0.33570747734246303,0,1,1
DELICE HOLDING,2025-04-30,0,1,-1.0,0.3584160745325537,0,1,1
DELICE HOLDING,2025-05-09,1,1,-1.0,0.36437386006203576,0,1,1
DELICE HOLDING,2025-07-08,1,1,-1.0,0.3152536063867446,0,1,1
DELICE HOLDING,2025-08-26,0,1,0.28033364277122347,0.32876631479145885,1,1,1
DELICE HOLDING,2025-09-12,1,1,-0.05114915792202492,0.3284859860471863,0,1,1
DELICE HOLDING,2025-11-14,1,1,-0.26534678826312896,0.32765009200079304,0,1,1
ARTES,2025-01-07,1,0,-1.0,0.31297052582288887,0,0,0
ARTES,2025-01-08,1,0,-1.0,0.310925998868615,0,0,0
ARTES,2025-01-09,1,0,0.0,0.0,0,0,0
ARTES,2025-01-10,1,0,0.0,0.0,0,0,0
ARTES,2025-01-14,1,0,0.0,0.0,0,0,0
ARTES,2025-01-15,1,0,1.0,0.33310069826788175,1,0,0
ARTES,2025-01-16,1,0,1.0,0.34297317937309435,1,0,0
ARTES,2025-01-17,1,0,1.0,0.33130115657394876,1,0,0
ARTES,2025-01-21,1,0,-1.0,0.307077063242627,0,0,0
ARTES,2025-01-31,0,0,0.6232564043754,0.36432948048969366,1,0,0
ARTES,2025-04-30,0,0,1.0,0.354702722341403,1,0,0
ARTES,2025-05-09,1,0,1.0,0.3861620986919232,1,0,0
ARTES,2025-07-08,1,0,-1.0,0.40716242541921294,0,0,0
ARTES,2025-08-26,1,0,0.0,0.0,0,0,0
ARTES,2025-09-12,1,0,1.0,0.3445218880341403,1,0,0
ARTES,2025-11-14,0,0,0.0,0.0,0,0,0
ENNAKL AUTOMOBILES,2025-01-07,1,0,0.0,0.0,0,0,0
ENNAKL AUTOMOBILES,2025-01-08,1,0,1.0,0.3076914428516757,1,0,0
ENNAKL AUTOMOBILES,2025-01-09,1,0,1.0,0.301182602164313,1,0,0
ENNAKL AUTOMOBILES,2025-01-10,1,0,1.0,0.41633434954502313,1,0,0
ENNAKL AUTOMOBILES,2025-01-14,1,0,1.0,0.40797779604572865,1,0,0
ENNAKL AUTOMOBILES,2025-01-15,1,0,1.0,0.413055784634187,1,0,0
ENNAKL AUTOMOBILES,2025-01-16,1,0,0.09469773172414601,0.34987161200367634,1,0,0
ENNAKL AUTOMOBILES,2025-01-17,1,0,0.006675717634676571,0.3751036488191377,1,0,0
ENNAKL AUTOMOBILES,2025-01-21,1,0,-0.2914164197985681,0.35244331348077984,0,0,0
ENNAKL AUTOMOBILES,2025-01-31,1,0,-0.08505459317392285,0.3708759884993686,0,0,0
ENNAKL AUTOMOBILES,2025-04-30,1,0,-1.0,0.30825019728443026,0,0,0
ENNAKL AUTOMOBILES,2025-05-09,1,0,1.0,0.3051464290620459,1,0,0
ENNAKL AUTOMOBILES,2025-07-08,1,0,1.0,0.3746703272600891,1,0,0
ENNAKL AUTOMOBILES,2025-08-26,1,0,1.0,0.4191728587936208,1,0,0
ENNAKL AUTOMOBILES,2025-09-12,0,0,1.0,0.3229038249040367,1,0,0
ENNAKL AUTOMOBILES,2025-11-14,0,0,-1.0,0.351500421141897,0,0,0
ESSOUKNA,2025-01-17,1,0,0.0,0.0,0,0,0
ESSOUKNA,2025-01-21,1,0,0.0,0.0,0,0,0
ESSOUKNA,2025-01-22,1,0,0.0,0.0,0,0,0
ESSOUKNA,2025-01-23,1,0,0.0,0.0,0,0,0
ESSOUKNA,2025-01-24,1,0,0.0,0.0,0,0,0
ESSOUKNA,2025-01-28,1,0,0.0,0.0,0,0,0
ESSOUKNA,2025-01-29,1,0,0.0,0.0,0,0,0
ESSOUKNA,2025-01-30,0,0,0.0,0.0,0,0,0
ESSOUKNA,2025-01-31,0,0,0.0,0.0,0,0,0
ESSOUKNA,2025-04-30,0,0,1.0,0.37139218571013577,1,0,0
ESSOUKNA,2025-05-09,1,0,1.0,0.4285498993900785,1,0,0
ESSOUKNA,2025-07-08,1,0,-1.0,0.3151554865132946,0,0,0
ESSOUKNA,2025-08-26,0,0,0.0,0.0,0,0,0
ESSOUKNA,2025-09-12,0,0,0.0,0.0,0,0,0
ESSOUKNA,2025-11-14,1,0,1.0,0.3228632758240639,1,0,0
EURO-CYCLES,2025-01-07,1,0,-1.0,0.3583382445531246,0,0,0
EURO-CYCLES,2025-01-08,1,0,-1.0,0.3637882150022592,0,0,0
EURO-CYCLES,2025-01-09,1,0,-1.0,0.3643333349405109,0,0,0
EURO-CYCLES,2025-01-10,1,0,-1.0,0.3541354152099634,0,0,0
EURO-CYCLES,2025-01-14,1,0,-0.38664499794430396,0.33917253130565433,0,0,0
EURO-CYCLES,2025-01-15,1,0,-1.0,0.3656211752779913,0,0,0
EURO-CYCLES,2025-01-16,1,0,-1.0,0.34626817490414574,0,0,0
EURO-CYCLES,2025-01-17,1,0,-1.0,0.3441943727278406,0,0,0
EURO-CYCLES,2025-01-21,1,0,0.0,0.0,0,0,0
EURO-CYCLES,2025-01-31,1,0,0.18787308119150334,0.3649212876859943,1,0,0
EURO-CYCLES,2025-04-30,0,0,0.26431435396838665,0.3391885446633825,1,0,0
EURO-CYCLES,2025-05-09,0,0,-1.0,0.3760410430902982,0,0,0
EURO-CYCLES,2025-07-08,0,0,0.059236333556493125,0.3327703684366269,1,0,0
EURO-CYCLES,2025-08-26,1,0,0.0,0.0,0,0,0
EURO-CYCLES,2025-09-12,0,0,0.0,0.0,0,0,0
EURO-CYCLES,2025-11-14,0,0,0.0,0.0,0,0,0
ICF,2025-01-07,1,0,0.0,0.0,0,0,0
ICF,2025-01-08,1,0,0.0,0.0,0,0,0
ICF,2025-01-09,1,0,0.0,0.0,0,0,0
ICF,2025-01-10,1,0,0.0,0.0,0,0,0
ICF,2025-01-14,1,0,0.0,0.0,0,0,0
ICF,2025-01-15,1,0,0.0,0.0,0,0,0
ICF,2025-01-16,1,0,0.0,0.0,0,0,0
ICF,2025-01-17,1,0,0.0,0.0,0,0,0
ICF,2025-01-21,1,0,0.0,0.0,0,0,0
ICF,2025-01-31,1,0,1.0,0.3297554886972166,1,0,0
ICF,2025-04-30,0,0,-0.5600040331636648,0.40116865706567506,0,0,0
ICF,2025-05-09,1,0,-0.5734041138418841,0.3802197054507946,0,0,0
ICF,2025-07-08,0,0,-1.0,0.4195942224556003,0,0,0
ICF,2025-08-26,0,0,1.0,0.3440763173160243,1,0,0
ICF,2025-09-12,0,0,-1.0,0.32344864795972356,0,0,0
ICF,2025-11-14,0,0,1.0,0.31176664051018804,1,0,0
LAND OR,2025-01-07,1,1,0.0,0.0,0,1,1
LAND OR,2025-01-08,1,1,0.0,0.0,0,1,1
LAND OR,2025-01-09,1,1,0.0,0.0,0,1,1
LAND OR,2025-01-10,0,1,0.0,0.0,0,1,1
LAND OR,2025-01-14,0,1,0.0,0.0,0,1,1
LAND OR,2025-01-15,0,1,0.0,0.0,0,1,1
LAND OR,2025-01-16,0,1,0.0,0.0,0,1,1
LAND OR,2025-01-17,0,1,0.0,0.0,0,1,1
LAND OR,2025-01-21,1,1,0.0,0.0,0,1,1
LAND OR,2025-01-31,0,1,0.0,0.0,0,1,1
LAND OR,2025-04-30,1,1,-1.0,0.3530251822600917,0,1,1
LAND OR,2025-05-09,1,1,-1.0,0.324400324363119,0,1,1
LAND OR,2025-07-08,1,1,-1.0,0.31490217977928764,0,1,1
LAND OR,2025-08-26,0,1,0.0,0.0,0,1,1
LAND OR,2025-09-12,0,1,1.0,0.3224686997441037,1,1,1
LAND OR,2025-11-14,1,1,-1.0,0.3728678274066072,0,1,1
MPBS,2025-01-07,0,1,-0.006550896221752173,0.35580782513918274,0,1,1
MPBS,2025-01-08,0,1,-0.0013665648034733129,0.354066725376528,0,1,1
MPBS,2025-01-09,0,1,-0.015976590871035302,0.33911306816779163,0,1,1
MPBS,2025-01-10,0,1,-0.01911519145177024,0.33808990380959875,0,1,1
MPBS,2025-01-14,1,1,-0.010440685965966272,0.3412293995346436,0,1,1
MPBS,2025-01-15,1,1,-0.025310501362916776,0.35162426476948616,0,1,1
MPBS,2025-01-16,1,1,0.21931916480842473,0.3597432721711264,1,1,1
MPBS,2025-01-17,1,1,-0.1296556481423455,0.36388405083545516,0,1,1
MPBS,2025-01-21,0,1,-1.0,0.47380814595798626,0,1,1
MPBS,2025-01-31,0,1,0.0,0.0,0,1,1
MPBS,2025-04-30,1,1,0.0,0.0,0,1,1
MPBS,2025-05-09,0,1,1.0,0.32307376611683897,1,1,1
MPBS,2025-07-08,0,1,-0.11887405651258161,0.34056069711568526,0,1,1
MPBS,2025-08-26,0,1,0.0,0.0,0,1,1
MPBS,2025-09-12,0,1,0.0,0.0,0,1,1
MPBS,2025-11-14,0,1,1.0,0.30959890276002616,1,1,1
NEW BODY LINE,2025-01-07,0,0,-1.0,0.3119565527678842,0,0,0
NEW BODY LINE,2025-01-08,0,0,0.0,0.0,0,0,0
NEW BODY LINE,2025-01-09,0,0,0.0,0.0,0,0,0
NEW BODY LINE,2025-01-10,0,0,-1.0,0.30539908193935955,0,0,0
NEW BODY LINE,2025-01-14,1,0,0.0,0.0,0,0,0
NEW BODY LINE,2025-01-15,1,0,0.0,0.0,0,0,0
NEW BODY LINE,2025-01-16,1,0,-1.0,0.3139609454782415,0,0,0
NEW BODY LINE,2025-01-17,0,0,-1.0,0.3073824962245258,0,0,0
NEW BODY LINE,2025-01-21,0,0,0.0,0.0,0,0,0
NEW BODY LINE,2025-01-31,0,0,0.0,0.0,0,0,0
NEW BODY LINE,2025-04-30,0,0,1.0,0.326707435555496,1,0,0
NEW BODY LINE,2025-05-09,1,0,0.025046569269692325,0.3161422265323982,1,0,0
NEW BODY LINE,2025-07-08,0,0,0.0,0.0,0,0,0
NEW BODY LINE,2025-08-26,1,0,1.0,0.3728694183565285,1,0,0
NEW BODY LINE,2025-09-12,1,0,1.0,0.31929739483495273,1,0,0
NEW BODY LINE,2025-11-14,0,0,1.0,0.3624308692276255,1,0,0
ONE TECH HOLDING,2025-01-07,1,1,-0.5637391613175697,0.4712831929866986,0,1,1
ONE TECH HOLDING,2025-01-08,1,1,-0.6082449996268872,0.42137053499208244,0,1,1
ONE TECH HOLDING,2025-01-09,1,1,-0.6004175308961852,0.42223326635980984,0,1,1
ONE TECH HOLDING,2025-01-10,1,1,-0.6014887009995976,0.421954119733669,0,1,1
ONE TECH HOLDING,2025-01-14,0,1,-1.0,0.3133521249198174,0,1,1
ONE TECH HOLDING,2025-01-15,0,1,-1.0,0.33572159654169903,0,1,1
ONE TECH HOLDING,2025-01-16,0,1,-1.0,0.3218819603915909,0,1,1
ONE TECH HOLDING,2025-01-17,0,1,-1.0,0.3199314068763287,0,1,1
ONE TECH HOLDING,2025-01-21,1,1,-1.0,0.32659596181533024,0,1,1
ONE TECH HOLDING,2025-01-31,1,1,-1.0,0.33219618401331535,0,1,1
ONE TECH HOLDING,2025-04-30,1,1,1.0,0.36410835846084283,1,1,1
ONE TECH HOLDING,2025-05-09,0,1,1.0,0.4080811938160082,1,1,1
ONE TECH HOLDING,2025-07-08,0,1,1.0,0.32702009367238905,1,1,1
ONE TECH HOLDING,2025-08-26,1,1,-1.0,0.31672331781105983,0,1,1
ONE TECH HOLDING,2025-09-12,0,1,-0.06891980654011387,0.49885607426408596,0,1,1
ONE TECH HOLDING,2025-11-14,1,1,-0.011861266283728427,0.3170909768807846,0,1,1
POULINA GP HOLDING,2025-01-07,1,1,1.0,0.34948009702431326,1,1,1
POULINA GP HOLDING,2025-01-08,1,1,1.0,0.3683726137013048,1,1,1
POULINA GP HOLDING,2025-01-09,1,1,1.0,0.35023772738692366,1,1,1
POULINA GP HOLDING,2025-01-10,0,1,1.0,0.34145010405993165,1,1,1
POULINA GP HOLDING,2025-01-14,0,1,0.0,0.0,0,1,1
POULINA GP HOLDING,2025-01-15,0,1,0.0,0.0,0,1,1
POULINA GP HOLDING,2025-01-16,0,1,0.0,0.0,0,1,1
POULINA GP HOLDING,2025-01-17,0,1,0.0,0.0,0,1,1
POULINA GP HOLDING,2025-01-21,0,1,0.0,0.0,0,1,1
POULINA GP HOLDING,2025-01-31,0,1,0.0,0.0,0,1,1
POULINA GP HOLDING,2025-04-30,1,1,0.0,0.0,0,1,1
POULINA GP HOLDING,2025-05-09,0,1,0.0,0.0,0,1,1
POULINA GP HOLDING,2025-07-08,0,1,1.0,0.3574098246075415,1,1,1
POULINA GP HOLDING,2025-08-26,0,1,0.0,0.0,0,1,1
POULINA GP HOLDING,2025-09-12,0,1,0.0,0.0,0,1,1
POULINA GP HOLDING,2025-11-14,1,1,0.06610884024866766,0.3457183125173097,1,1,1
SAH,2025-01-07,0,0,-0.33760033882868506,0.4242086745152523,0,0,0
SAH,2025-01-08,0,0,-0.48525414629076513,0.41039986117612787,0,0,0
SAH,2025-01-09,0,0,-0.5566835082516722,0.3795048312990039,0,0,0
SAH,2025-01-10,0,0,-0.48378194859560464,0.39026484215895896,0,0,0
SAH,2025-01-14,1,0,-1.0,0.35637465793902584,0,0,0
SAH,2025-01-15,0,0,-1.0,0.3564840378342621,0,0,0
SAH,2025-01-16,0,0,-1.0,0.3584880613302952,0,0,0
SAH,2025-01-17,0,0,-1.0,0.3604592527349254,0,0,0
SAH,2025-01-21,1,0,-1.0,0.34462108651619755,0,0,0
SAH,2025-01-31,1,0,-0.5140724375059775,0.35899748012943933,0,0,0
SAH,2025-04-30,1,0,0.0,0.0,0,0,0
SAH,2025-05-09,0,0,0.0,0.0,0,0,0
SAH,2025-07-08,0,0,0.31238646887809024,0.3947589811143739,1,0,0
SAH,2025-08-26,0,0,1.0,0.3602904508163558,1,0,0
SAH,2025-09-12,1,0,0.0,0.0,0,0,0
SAH,2025-11-14,1,0,0.0,0.0,0,0,0
SFBT,2025-01-07,1,0,-1.0,0.3773569154567568,0,0,0
SFBT,2025-01-08,1,0,-1.0,0.3967184067052806,0,0,0
SFBT,2025-01-09,1,0,-1.0,0.39780864658178394,0,0,0
SFBT,2025-01-10,1,0,-1.0,0.3498924969913346,0,0,0
SFBT,2025-01-14,0,0,-1.0,0.3672128957959996,0,0,0
SFBT,2025-01-15,0,0,-1.0,0.3850368512936646,0,0,0
SFBT,2025-01-16,0,0,-1.0,0.32373751841721604,0,0,0
SFBT,2025-01-17,0,0,-1.0,0.3187615351250331,0,0,0
SFBT,2025-01-21,1,0,0.06689517391823381,0.3304007081148811,1,0,0
SFBT,2025-01-31,0,0,-1.0,0.33246376585391396,0,0,0
SFBT,2025-04-30,0,0,-0.01639577203484781,0.3250117452144811,0,0,0
SFBT,2025-05-09,1,0,-1.0,0.3058595375527704,0,0,0
SFBT,2025-07-08,1,0,1.0,0.354706531970636,1,0,0
SFBT,2025-08-26,1,0,0.0,0.0,0,0,0
SFBT,2025-09-12,1,0,0.0,0.0,0,0,0
SFBT,2025-11-14,0,0,-1.0,0.3409516127891948,0,0,0
SIAME,2025-01-07,0,0,-0.6808508498532505,0.35223057606345015,0,0,0
SIAME,2025-01-08,0,0,-1.0,0.3879379270308154,0,0,0
SIAME,2025-01-09,1,0,-1.0,0.3634848113633413,0,0,0
SIAME,2025-01-10,0,0,-1.0,0.3642157978991144,0,0,0
SIAME,2025-01-14,0,0,-0.6067853144072467,0.348091692645382,0,0,0
SIAME,2025-01-15,0,0,-0.6040424874209045,0.3448081292704174,0,0,0
SIAME,2025-01-16,0,0,-0.5951037823573875,0.3453922749675894,0,0,0
SIAME,2025-01-17,0,0,-0.5894951293285104,0.3486841472654697,0,0,0
SIAME,2025-01-21,0,0,-0.5234339779464973,0.365228324589736,0,0,0
SIAME,2025-01-31,0,0,-0.6468766300529116,0.3697752159431641,0,0,0
SIAME,2025-04-30,0,0,1.0,0.31968292673129645,1,0,0
SIAME,2025-05-09,1,0,0.0,0.0,0,0,0
SIAME,2025-07-08,0,0,0.0,0.0,0,0,0
SIAME,2025-08-26,1,0,1.0,0.3224990881364169,1,0,0
SIAME,2025-09-12,0,0,0.0,0.0,0,0,0
SIAME,2025-11-14,0,0,1.0,0.3014165752734265,1,0,0
SMART TUNISIE,2025-01-07,0,0,0.0,0.0,0,0,0
SMART TUNISIE,2025-01-08,0,0,0.0,0.0,0,0,0
SMART TUNISIE,2025-01-09,0,0,0.0,0.0,0,0,0
SMART TUNISIE,2025-01-10,1,0,0.0,0.0,0,0,0
SMART TUNISIE,2025-01-14,1,0,0.0,0.0,0,0,0
SMART TUNISIE,2025-01-15,1,0,0.0,0.0,0,0,0
SMART TUNISIE,2025-01-16,1,0,0.0,0.0,0,0,0
SMART TUNISIE,2025-01-17,1,0,0.0,0.0,0,0,0
SMART TUNISIE,2025-01-21,1,0,0.0,0.0,0,0,0
SMART TUNISIE,2025-01-31,0,0,0.0,0.0,0,0,0
SMART TUNISIE,2025-04-30,1,0,1.0,0.3713921857101358,1,0,0
SMART TUNISIE,2025-05-09,0,0,1.0,0.4285498993900785,1,0,0
SMART TUNISIE,2025-07-08,1,0,0.0,0.0,0,0,0
SMART TUNISIE,2025-08-26,1,0,-1.0,0.3009622831605214,0,0,0
SMART TUNISIE,2025-09-12,1,0,-1.0,0.3494888968980796,0,0,0
SMART TUNISIE,2025-11-14,0,0,1.0,0.33338346084395987,1,0,0
SOTETEL,2025-01-07,1,0,-1.0,0.32735396252567345,0,0,0
SOTETEL,2025-01-08,1,0,-1.0,0.3245466667341123,0,0,0
SOTETEL,2025-01-09,1,0,-1.0,0.3051010038389434,0,0,0
SOTETEL,2025-01-10,1,0,-1.0,0.3033083183184325,0,0,0
SOTETEL,2025-01-14,1,0,1.0,0.3087860945562148,1,0,0
SOTETEL,2025-01-15,0,0,1.0,0.3158629032006345,1,0,0
SOTETEL,2025-01-16,0,0,0.0,0.0,0,0,0
SOTETEL,2025-01-17,0,0,0.0,0.0,0,0,0
SOTETEL,2025-01-21,0,0,0.0,0.0,0,0,0
SOTETEL,2025-01-31,0,0,0.0,0.0,0,0,0
SOTETEL,2025-04-30,0,0,-1.0,0.42335879699345114,0,0,0
SOTETEL,2025-05-09,1,0,-1.0,0.3915963046794635,0,0,0
SOTETEL,2025-07-08,1,0,-1.0,0.3987808903391441,0,0,0
SOTETEL,2025-08-26,0,0,1.0,0.3066712264536862,1,0,0
SOTETEL,2025-09-12,0,0,1.0,0.32385058387435495,1,0,0
SOTETEL,2025-11-14,0,0,0.0,0.0,0,0,0
ASSU MAGHREBIA VIE,2025-01-07,1,0,1.0,0.43277682036021686,1,0,0
ASSU MAGHREBIA VIE,2025-01-08,1,0,1.0,0.4535188550069001,1,0,0
ASSU MAGHREBIA VIE,2025-01-09,0,0,1.0,0.4509482944136914,1,0,0
ASSU MAGHREBIA VIE,2025-01-10,0,0,0.442302283645063,0.39957303746123696,1,0,0
ASSU MAGHREBIA VIE,2025-01-14,0,0,1.0,0.32356199113275586,1,0,0
ASSU MAGHREBIA VIE,2025-01-15,0,0,1.0,0.34132342295741425,1,0,0
ASSU MAGHREBIA VIE,2025-01-16,0,0,1.0,0.3496200643433852,1,0,0
ASSU MAGHREBIA VIE,2025-01-17,0,0,1.0,0.33542650896477116,1,0,0
ASSU MAGHREBIA VIE,2025-01-21,0,0,1.0,0.3462736063491654,1,0,0
ASSU MAGHREBIA VIE,2025-01-31,0,0,1.0,0.32931842997761074,1,0,0
ASSU MAGHREBIA VIE,2025-04-30,1,0,-0.02131194449495705,0.3234472733607562,0,0,0
ASSU MAGHREBIA VIE,2025-05-09,1,0,-1.0,0.30585953755277046,0,0,0
ASSU MAGHREBIA VIE,2025-07-08,0,0,0.0,0.0,0,0,0
ASSU MAGHREBIA VIE,2025-08-26,1,1,-1.0,0.35625908146316515,0,1,1
ASSU MAGHREBIA VIE,2025-09-12,1,1,0.0,0.0,0,1,1
ASSU MAGHREBIA VIE,2025-11-14,1,1,-1.0,0.3803305872999401,0,1,1
SOTIPAPIER,2025-01-07,0,0,-1.0,0.3170522166269295,0,0,0
SOTIPAPIER,2025-01-08,0,0,-1.0,0.3240577488750913,0,0,0
SOTIPAPIER,2025-01-09,0,0,-1.0,0.32276301873269103,0,0,0
SOTIPAPIER,2025-01-10,0,0,-1.0,0.3362028670365484,0,0,0
SOTIPAPIER,2025-01-14,1,0,-1.0,0.3370976916815635,0,0,0
SOTIPAPIER,2025-01-15,1,0,-1.0,0.3503825790066382,0,0,0
SOTIPAPIER,2025-01-16,1,0,-1.0,0.36131294089443317,0,0,0
SOTIPAPIER,2025-01-17,1,0,-1.0,0.36298411860377633,0,0,0
SOTIPAPIER,2025-01-21,0,0,-1.0,0.3497727827434242,0,0,0
SOTIPAPIER,2025-01-31,0,0,-1.0,0.4013787363916164,0,0,0
SOTIPAPIER,2025-04-30,0,0,0.0,0.0,0,0,0
SOTIPAPIER,2025-05-09,1,0,-1.0,0.33353672945781193,0,0,0
SOTIPAPIER,2025-07-08,0,0,0.11187944683455595,0.33787852841740407,1,0,0
SOTIPAPIER,2025-08-26,1,0,-0.026074439808488177,0.3625346298089205,0,0,0
SOTIPAPIER,2025-09-12,0,0,-1.0,0.3073296392594459,0,0,0
SOTIPAPIER,2025-11-14,0,0,1.0,0.3259843451594535,1,0,0
SOTRAPIL,2025-01-07,1,1,1.0,0.3184397719162268,1,1,1
SOTRAPIL,2025-01-08,1,1,1.0,0.31673460667740216,1,1,1
SOTRAPIL,2025-01-09,1,1,1.0,0.3238312069036383,1,1,1
SOTRAPIL,2025-01-10,1,1,1.0,0.32882798479858716,1,1,1
SOTRAPIL,2025-01-14,1,1,0.0,0.0,0,1,1
SOTRAPIL,2025-01-15,1,1,1.0,0.3013789010742012,1,1,1
SOTRAPIL,2025-01-16,1,1,1.0,0.31667705919471073,1,1,1
SOTRAPIL,2025-01-17,1,1,1.0,0.3189557978195676,1,1,1
SOTRAPIL,2025-01-21,1,1,-1.0,0.3593293619944205,0,1,1
SOTRAPIL,2025-01-31,1,1,-1.0,0.3006322025962012,0,1,1
SOTRAPIL,2025-04-30,1,1,1.0,0.42907932688835654,1,1,1
SOTRAPIL,2025-05-09,1,1,1.0,0.39444069530996784,1,1,1
SOTRAPIL,2025-07-08,0,1,0.0,0.0,0,1,1
SOTRAPIL,2025-08-26,1,1,1.0,0.37182489079708536,1,1,1
SOTRAPIL,2025-09-12,0,1,1.0,0.3087426655779473,1,1,1
SOTRAPIL,2025-11-14,0,1,-1.0,0.36124045150152423,0,1,1
SOTUMAG,2025-01-07,0,1,1.0,0.33931957364949233,1,1,1
SOTUMAG,2025-01-08,0,1,1.0,0.33085802329923786,1,1,1
SOTUMAG,2025-01-09,1,1,1.0,0.33085802329923786,1,1,1
SOTUMAG,2025-01-10,0,1,1.0,0.3481838462646797,1,1,1
SOTUMAG,2025-01-14,0,1,1.0,0.3382549451666405,1,1,1
SOTUMAG,2025-01-15,0,1,1.0,0.34620549926231803,1,1,1
SOTUMAG,2025-01-16,0,1,1.0,0.3613183411625707,1,1,1
SOTUMAG,2025-01-17,0,1,1.0,0.36410919768322986,1,1,1
SOTUMAG,2025-01-21,0,1,0.0,0.0,0,1,1
SOTUMAG,2025-01-31,1,1,1.0,0.32912960702494976,1,1,1
SOTUMAG,2025-04-30,1,1,0.0,0.0,0,1,1
SOTUMAG,2025-05-09,1,1,-1.0,0.31160250565670905,0,1,1
SOTUMAG,2025-07-08,1,1,1.0,0.3373576881460639,1,1,1
SOTUMAG,2025-08-26,0,1,0.0,0.0,0,1,1
SOTUMAG,2025-09-12,1,1,0.0,0.0,0,1,1
SOTUMAG,2025-11-14,1,1,0.0,0.0,0,1,1
SOTUVER,2025-01-07,1,1,0.0,0.0,0,1,1
SOTUVER,2025-01-08,1,1,0.0,0.0,0,1,1
SOTUVER,2025-01-09,1,1,0.0,0.0,0,1,1
SOTUVER,2025-01-10,1,1,0.0,0.0,0,1,1
SOTUVER,2025-01-14,1,1,0.0,0.0,0,1,1
SOTUVER,2025-01-15,1,1,0.0,0.0,0,1,1
SOTUVER,2025-01-16,1,1,0.0,0.0,0,1,1
SOTUVER,2025-01-17,0,1,-1.0,0.3067049406382491,0,1,1
SOTUVER,2025-01-21,1,1,0.0,0.0,0,1,1
SOTUVER,2025-01-31,1,1,1.0,0.3103283532157993,1,1,1
SOTUVER,2025-04-30,0,1,-1.0,0.38269668361602294,0,1,1
SOTUVER,2025-05-09,0,1,-1.0,0.38597620565181734,0,1,1
SOTUVER,2025-07-08,0,1,-1.0,0.3715735668099849,0,1,1
SOTUVER,2025-08-26,1,1,0.0,0.0,0,1,1
SOTUVER,2025-09-12,1,1,-1.0,0.3063493938447955,0,1,1
SOTUVER,2025-11-14,0,1,1.0,0.3110138283715759,1,1,1
STA,2025-01-07,1,1,1.0,0.3630363475474383,1,1,1
STA,2025-01-08,1,1,1.0,0.3527588059324412,1,1,1
STA,2025-01-09,1,1,1.0,0.3409806787538705,1,1,1
STA,2025-01-10,1,1,1.0,0.32919540896784044,1,1,1
STA,2025-01-14,1,1,1.0,0.327242796816052,1,1,1
STA,2025-01-15,1,1,1.0,0.32684012678415425,1,1,1
STA,2025-01-16,1,1,1.0,0.3303607842297209,1,1,1
STA,2025-01-17,0,1,1.0,0.3235292653501059,1,1,1
STA,2025-01-21,0,1,1.0,0.33437362292305345,1,1,1
STA,2025-01-31,0,1,1.0,0.32038079811621006,1,1,1
STA,2025-04-30,1,1,0.0,0.0,0,1,1
STA,2025-05-09,1,1,0.0,0.0,0,1,1
STA,2025-07-08,0,1,1.0,0.3371861288850122,1,1,1
STA,2025-08-26,1,1,-1.0,0.3549030842182476,0,1,1
STA,2025-09-12,1,1,-1.0,0.36102275079482093,0,1,1
STA,2025-11-14,1,1,0.0,0.0,0,1,1
STAR,2025-03-27,0,0,0.0,0.0,0,0,0
STAR,2025-03-28,0,0,0.0,0.0,0,0,0
STAR,2025-04-02,0,0,0.0,0.0,0,0,0
STAR,2025-04-04,0,0,0.0,0.0,0,0,0
STAR,2025-04-08,0,0,0.0,0.0,0,0,0
STAR,2025-04-10,1,0,0.0,0.0,0,0,0
STAR,2025-04-30,0,0,0.0,0.0,0,0,0
STAR,2025-05-09,0,0,0.0,0.0,0,0,0
STAR,2025-07-08,0,0,-1.0,0.3181732512650174,0,0,0
STAR,2025-08-26,1,0,0.0,0.0,0,0,0
STAR,2025-09-12,1,0,0.42874077547785994,0.40785791796526705,1,0,0
STAR,2025-11-14,0,0,1.0,0.31322514796631284,1,0,0
STB,2025-01-07,0,0,-1.0,0.32150535256409624,0,0,0
STB,2025-01-08,0,0,0.0,0.0,0,0,0
STB,2025-01-09,0,0,0.0,0.0,0,0,0
STB,2025-01-10,0,0,0.0,0.0,0,0,0
STB,2025-01-14,0,0,0.0,0.0,0,0,0
STB,2025-01-15,0,0,0.0,0.0,0,0,0
STB,2025-01-16,0,0,0.0,0.0,0,0,0
STB,2025-01-17,0,0,0.0,0.0,0,0,0
STB,2025-01-21,0,0,-1.0,0.3275767156139777,0,0,0
STB,2025-01-31,0,0,-1.0,0.3809893593485134,0,0,0
STB,2025-04-30,0,0,-1.0,0.3422718402309968,0,0,0
STB,2025-05-09,1,0,-1.0,0.37914377875448146,0,0,0
STB,2025-07-08,0,0,0.0,0.0,0,0,0
STB,2025-08-26,0,0,-0.09624320227242898,0.33932937182302597,0,0,0
STB,2025-09-12,1,0,1.0,0.323850583874355,1,0,0
STB,2025-11-14,1,0,1.0,0.4605925968537319,1,0,0
TELNET HOLDING,2025-01-07,1,1,0.2030120918491636,0.34934330195308433,1,1,1
TELNET HOLDING,2025-01-08,1,1,-0.13274669022634958,0.36521579463336806,0,1,1
TELNET HOLDING,2025-01-09,1,1,-0.12770208447290524,0.37123923047318075,0,1,1
TELNET HOLDING,2025-01-10,1,1,0.24920872496566077,0.3384686930549474,1,1,1
TELNET HOLDING,2025-01-14,1,1,-1.0,0.31204975295432275,0,1,1
TELNET HOLDING,2025-01-15,1,1,0.0,0.0,0,1,1
TELNET HOLDING,2025-01-16,1,1,1.0,0.31531900233647603,1,1,1
TELNET HOLDING,2025-01-17,1,1,1.0,0.3130416439571199,1,1,1
TELNET HOLDING,2025-01-21,1,1,0.0,0.0,0,1,1
TELNET HOLDING,2025-01-31,0,1,0.0,0.0,0,1,1
TELNET HOLDING,2025-04-30,0,1,-1.0,0.33185935755537127,0,1,1
TELNET HOLDING,2025-05-09,1,1,-1.0,0.305146429062046,0,1,1
TELNET HOLDING,2025-07-08,1,1,-1.0,0.3412767629758865,0,1,1
TELNET HOLDING,2025-08-26,1,1,-0.014279053837165505,0.3599896933826826,0,1,1
TELNET HOLDING,2025-09-12,0,1,-0.030067686678565398,0.364298698139494,0,1,1
TELNET HOLDING,2025-11-14,1,1,0.0,0.0,0,1,1
TPR,2025-01-07,1,1,1.0,0.33802125794649257,1,1,1
TPR,2025-01-08,1,1,1.0,0.33057413650740347,1,1,1
TPR,2025-01-09,1,1,1.0,0.3338093135269709,1,1,1
TPR,2025-01-10,1,1,1.0,0.3325908643668329,1,1,1
TPR,2025-01-14,1,1,0.023452885389398895,0.3366931858300099,1,1,1
TPR,2025-01-15,1,1,0.032991214384962886,0.3411006756181538,1,1,1
TPR,2025-01-16,1,1,-0.002768281197806657,0.3367519726583602,0,1,1
TPR,2025-01-17,1,1,-0.04117402129316747,0.3303043882925043,0,1,1
TPR,2025-01-21,1,1,-1.0,0.31518818607340304,0,1,1
TPR,2025-01-31,0,1,0.0,0.0,0,1,1
TPR,2025-04-30,1,1,1.0,0.3797586261856081,1,1,1
TPR,2025-05-09,1,1,1.0,0.3735085336108792,1,1,1
TPR,2025-07-08,0,1,0.0,0.0,0,1,1
TPR,2025-08-26,0,1,-0.27378304468773795,0.34133499461576783,0,1,1
TPR,2025-09-12,0,1,1.0,0.3087426655779473,1,1,1
TPR,2025-11-14,0,1,-0.5515750264389846,0.34836234866902954,0,1,1
ATB,2025-01-07,0,0,0.0,0.0,0,0,0
ATB,2025-01-08,1,0,0.0,0.0,0,0,0
ATB,2025-01-09,1,0,0.0,0.0,0,0,0
ATB,2025-01-10,1,0,0.0,0.0,0,0,0
ATB,2025-01-14,1,0,1.0,0.3465804258894671,1,0,0
ATB,2025-01-15,1,0,1.0,0.33666993720456984,1,0,0
ATB,2025-01-16,1,0,1.0,0.3567330275351077,1,0,0
ATB,2025-01-17,1,0,1.0,0.31839143321427965,1,0,0
ATB,2025-01-21,1,0,1.0,0.35591614147067707,1,0,0
ATB,2025-01-31,0,0,0.22900561767759675,0.33039512259494436,1,0,0
ATB,2025-04-30,1,0,1.0,0.3179043893146553,1,0,0
ATB,2025-05-09,1,0,1.0,0.3073523813926251,1,0,0
ATB,2025-07-08,0,0,1.0,0.40909064467998274,1,0,0
ATB,2025-08-26,0,0,0.04191195972864446,0.3440517467633328,1,0,0
ATB,2025-09-12,1,0,0.0,0.0,0,0,0
ATB,2025-11-14,0,0,0.0,0.0,0,0,0
TUNISIE LEASING F,2025-01-07,0,0,-1.0,0.384374445890187,0,0,0
TUNISIE LEASING F,2025-01-08,0,0,-1.0,0.3979261407878879,0,0,0
TUNISIE LEASING F,2025-01-09,0,0,-1.0,0.37644444832319435,0,0,0
TUNISIE LEASING F,2025-01-10,1,0,-1.0,0.3764752292633035,0,0,0
TUNISIE LEASING F,2025-01-14,1,0,-1.0,0.34599123767433704,0,0,0
TUNISIE LEASING F,2025-01-15,1,0,-1.0,0.3434748961360976,0,0,0
TUNISIE LEASING F,2025-01-16,1,0,-1.0,0.3451965119644512,0,0,0
TUNISIE LEASING F,2025-01-17,1,0,-1.0,0.34651268687025516,0,0,0
TUNISIE LEASING F,2025-01-21,1,0,0.0,0.0,0,0,0
TUNISIE LEASING F,2025-01-31,1,0,0.0,0.0,0,0,0
TUNISIE LEASING F,2025-04-30,1,0,0.0,0.0,0,0,0
TUNISIE LEASING F,2025-05-09,1,0,0.0,0.0,0,0,0
TUNISIE LEASING F,2025-07-08,1,0,-1.0,0.3181732512650174,0,0,0
TUNISIE LEASING F,2025-08-26,1,0,1.0,0.3417011284146785,1,0,0
TUNISIE LEASING F,2025-09-12,0,0,1.0,0.31048769418279404,1,0,0
TUNISIE LEASING F,2025-11-14,0,0,0.08070530343293691,0.38235880447750936,1,0,0
UIB,2025-01-07,0,0,0.0,0.0,0,0,0
UIB,2025-01-08,0,0,0.0,0.0,0,0,0
UIB,2025-01-09,1,0,0.0,0.0,0,0,0
UIB,2025-01-10,1,0,0.0,0.0,0,0,0
UIB,2025-01-14,1,0,0.0,0.0,0,0,0
UIB,2025-01-15,0,0,0.0,0.0,0,0,0
UIB,2025-01-16,1,0,0.0,0.0,0,0,0
UIB,2025-01-17,1,0,1.0,0.3067049406382491,1,0,0
UIB,2025-01-21,1,0,0.0,0.0,0,0,0
UIB,2025-01-31,0,0,0.0,0.0,0,0,0
UIB,2025-04-30,1,0,0.0,0.0,0,0,0
UIB,2025-05-09,1,0,-0.029846394329241903,0.33403009875355083,0,0,0
UIB,2025-07-08,1,1,0.0,0.0,0,1,1
UIB,2025-08-26,0,1,0.0,0.0,0,1,1
UIB,2025-09-12,1,1,0.07703358140621003,0.3319182449904756,1,1,1
UIB,2025-11-14,0,1,-1.0,0.3421984572974509,0,1,1
UNIMED,2025-01-07,1,0,-0.07123897242568743,0.3499224811568624,0,0,0
UNIMED,2025-01-08,1,0,-0.06937779965570672,0.34662842301015806,0,0,0
UNIMED,2025-01-09,1,0,-0.0684281630654153,0.32387049461504147,0,0,0
UNIMED,2025-01-10,1,0,-0.021708329957069658,0.3117429667505069,0,0,0
UNIMED,2025-01-14,1,0,-0.039425306722912994,0.3349736189477295,0,0,0
UNIMED,2025-01-15,0,0,-0.005409090821024849,0.3375474211993692,0,0,0
UNIMED,2025-01-16,0,0,-0.03399569683392369,0.3332096547982485,0,0,0
UNIMED,2025-01-17,0,0,-0.0012330791205878845,0.3272546786805363,0,0,0
UNIMED,2025-01-21,0,0,-0.04023040533252744,0.3216975534855268,0,0,0
UNIMED,2025-01-31,0,0,-1.0,0.31850513067341546,0,0,0
UNIMED,2025-04-30,1,0,-1.0,0.33816435906934494,0,0,0
UNIMED,2025-05-09,1,0,0.09523614969206073,0.34066784194745925,1,0,0
UNIMED,2025-07-08,1,0,1.0,0.3450060837292967,1,0,0
UNIMED,2025-08-26,1,0,0.25821258998685137,0.36264111614341243,1,0,0
UNIMED,2025-09-12,1,0,-0.10637452456392167,0.33729855759289656,0,0,0
UNIMED,2025-11-14,1,0,0.03905999073858511,0.3273818944429169,1,0,0
ATELIER MEUBLE INT,2025-01-07,1,0,-1.0,0.430606753507761,0,0,0
ATELIER MEUBLE INT,2025-01-08,1,0,-1.0,0.4277415083073749,0,0,0
ATELIER MEUBLE INT,2025-01-09,1,0,-1.0,0.4467309776502177,0,0,0
ATELIER MEUBLE INT,2025-01-10,1,0,-1.0,0.3901220540602191,0,0,0
ATELIER MEUBLE INT,2025-01-14,0,0,-0.020129412383314737,0.35370020313850425,0,0,0
ATELIER MEUBLE INT,2025-01-15,0,0,-0.04178029246266988,0.35507428355412224,0,0,0
ATELIER MEUBLE INT,2025-01-16,0,0,-0.3066637453650724,0.35624164871459296,0,0,0
ATELIER MEUBLE INT,2025-01-17,0,0,-0.38404725144719276,0.33063327294974676,0,0,0
ATELIER MEUBLE INT,2025-01-21,0,0,-1.0,0.32645979089951305,0,0,0
ATELIER MEUBLE INT,2025-01-31,0,0,-1.0,0.34738307037989685,0,0,0
ATELIER MEUBLE INT,2025-04-30,0,0,-1.0,0.3305141511061937,0,0,0
ATELIER MEUBLE INT,2025-05-09,0,0,-1.0,0.35020636369295466,0,0,0
ATELIER MEUBLE INT,2025-07-08,1,0,1.0,0.3191815886728256,1,0,0
ATELIER MEUBLE INT,2025-08-26,0,0,0.0,0.0,0,0,0
ATELIER MEUBLE INT,2025-09-12,0,0,0.0,0.0,0,0,0
ATELIER MEUBLE INT,2025-11-14,0,0,-0.03814026704046777,0.33166111194224995,0,0,0
ATL,2025-01-07,1,1,0.0,0.0,0,1,1
ATL,2025-01-08,1,1,0.0,0.0,0,1,1
ATL,2025-01-09,1,1,0.0,0.0,0,1,1
ATL,2025-01-10,0,1,0.0,0.0,0,1,1
ATL,2025-01-14,1,1,0.0,0.0,0,1,1
ATL,2025-01-15,1,1,0.0,0.0,0,1,1
ATL,2025-01-16,1,1,0.0,0.0,0,1,1
ATL,2025-01-17,1,1,0.0,0.0,0,1,1
ATL,2025-01-21,1,1,0.0,0.0,0,1,1
ATL,2025-01-31,0,1,-0.02083308226679982,0.3497827545033418,0,1,1
ATL,2025-04-30,1,1,0.03433123588561137,0.35968245493801954,1,1,1
ATL,2025-05-09,1,1,0.10051115395153977,0.34169671224146164,1,1,1
ATL,2025-07-08,1,1,-1.0,0.40909064467998274,0,1,1
ATL,2025-08-26,1,1,-1.0,0.3014080428390908,0,1,1
ATL,2025-09-12,1,1,0.25068475642549815,0.34254578918315515,1,1,1
ATL,2025-11-14,1,1,1.0,0.3730179211296707,1,1,1
ATTIJARI BANK,2025-01-07,1,1,-0.3414292493282891,0.3121948565429092,0,1,1
ATTIJARI BANK,2025-01-08,1,1,-0.039111686046402486,0.3435862663660485,0,1,1
ATTIJARI BANK,2025-01-09,1,1,-0.038966457911926385,0.351115759691891,0,1,1
ATTIJARI BANK,2025-01-10,1,1,-0.04132617149969649,0.3508043703178708,0,1,1
ATTIJARI BANK,2025-01-14,1,1,-1.0,0.31422258144481263,0,1,1
ATTIJARI BANK,2025-01-15,1,1,-1.0,0.3222784544855988,0,1,1
ATTIJARI BANK,2025-01-16,1,1,1.0,0.3167395639522578,1,1,1
ATTIJARI BANK,2025-01-17,1,1,1.0,0.37259956277588424,1,1,1
ATTIJARI BANK,2025-01-21,1,1,1.0,0.36739274778809067,1,1,1
ATTIJARI BANK,2025-01-31,1,1,0.47655970818923865,0.3432898808361799,1,1,1
ATTIJARI BANK,2025-04-30,0,1,-1.0,0.39071880239331386,0,1,1
ATTIJARI BANK,2025-05-09,0,1,0.0,0.0,0,1,1
ATTIJARI BANK,2025-07-08,1,1,-0.0925139170103189,0.34877773430412085,0,1,1
ATTIJARI BANK,2025-08-26,0,1,0.3496741421649451,0.41853566044528806,1,1,1
ATTIJARI BANK,2025-09-12,1,1,0.4533337679067262,0.3732786735404893,1,1,1
ATTIJARI BANK,2025-11-14,0,1,0.4640597446293571,0.38665139113471336,1,1,1
ATTIJARI LEASING,2025-01-07,1,1,-1.0,0.3450581213601866,0,1,1
ATTIJARI LEASING,2025-01-08,1,1,-0.3924495769620826,0.34187127411162216,0,1,1
ATTIJARI LEASING,2025-01-09,1,1,-0.35968920149475514,0.3493966357798694,0,1,1
ATTIJARI LEASING,2025-01-10,1,1,-0.4501175823143299,0.3725877882192621,0,1,1
ATTIJARI LEASING,2025-01-14,1,1,-0.5310281322730528,0.3711815346449749,0,1,1
ATTIJARI LEASING,2025-01-15,1,1,-0.538164558489465,0.3705491223519385,0,1,1
ATTIJARI LEASING,2025-01-16,1,1,-0.39898613466255556,0.3728534504233405,0,1,1
ATTIJARI LEASING,2025-01-17,1,1,-0.39935676112939217,0.3703548200004551,0,1,1
ATTIJARI LEASING,2025-01-21,1,1,-0.39714376554755176,0.3697660169639532,0,1,1
ATTIJARI LEASING,2025-01-31,1,1,-0.3833339820345041,0.35722550336813425,0,1,1
ATTIJARI LEASING,2025-04-30,1,1,0.0,0.0,0,1,1
ATTIJARI LEASING,2025-05-09,1,1,0.0,0.0,0,1,1
ATTIJARI LEASING,2025-07-08,0,1,1.0,0.30598674554394545,1,1,1
ATTIJARI LEASING,2025-08-26,0,1,0.0,0.0,0,1,1
ATTIJARI LEASING,2025-09-12,1,1,-1.0,0.3229038249040367,0,1,1
ATTIJARI LEASING,2025-11-14,1,1,0.0,0.0,0,1,1
