ticker,date,true_direction,pred_always_up,pred_always_down,pred_momentum_5_20,pred_ma20_crossover,pred_logreg_l2,pred_random_forest,pred_xgboost,pred_lstm_simple,pred_transformer_simple,pred_tft_v3,pred_tft_no_vsn,pred_tft_global_norm
AMEN BANK,2025-01-22,1,1,0,0,1,0,0,0,0,0,1,1,1
AMEN BANK,2025-01-23,0,1,0,1,1,0,0,0,0,0,1,1,1
AMEN BANK,2025-01-24,0,1,0,1,1,0,0,0,0,0,1,1,1
AMEN BANK,2025-01-29,0,1,0,1,1,1,0,0,0,0,1,1,1
AMEN BANK,2025-01-30,0,1,0,1,1,0,0,0,0,0,1,1,1
AMEN BANK,2025-02-05,1,1,0,1,1,0,0,0,0,0,1,1,1
AMEN BANK,2025-02-06,0,1,0,1,1,0,0,0,0,0,1,1,1
AMEN BANK,2025-02-07,1,1,0,1,1,0,0,0,0,0,1,1,1
AMEN BANK,2025-02-12,1,1,0,1,1,0,0,0,0,0,1,1,1
AMEN BANK,2025-02-13,1,1,0,1,1,0,0,0,0,0,1,1,1
AMEN BANK,2025-02-14,1,1,0,1,1,0,0,0,0,0,1,1,1
AMEN BANK,2025-02-19,1,1,0,1,1,0,0,0,0,0,1,1,1
AMEN BANK,2025-02-20,1,1,0,0,0,0,0,0,0,0,1,1,1
AMEN BANK,2025-02-21,1,1,0,1,1,0,0,0,0,0,1,1,1
AMEN BANK,2025-02-26,0,1,0,1,1,0,0,0,0,0,1,1,1
AMEN BANK,2025-02-27,0,1,0,1,1,0,0,0,0,0,1,1,1
AMEN BANK,2025-02-28,0,1,0,1,1,0,0,0,0,0,1,1,1
AMEN BANK,2025-03-05,0,1,0,1,1,0,0,0,0,0,1,1,1
AMEN BANK,2025-03-06,0,1,0,1,1,0,0,0,0,0,1,1,1
AMEN BANK,2025-03-07,1,1,0,1,1,0,0,0,0,0,1,1,1
AMEN BANK,2025-03-12,1,1,0,1,0,1,0,0,0,0,1,1,1
AMEN BANK,2025-03-13,1,1,0,0,1,0,0,0,0,0,1,1,1
AMEN BANK,2025-03-19,1,1,0,1,1,0,0,0,0,0,1,1,1
AMEN BANK,2025-03-21,1,1,0,1,1,0,0,0,0,0,1,1,1
AMEN BANK,2025-03-27,1,1,0,1,1,0,0,0,0,0,1,1,1
AMEN BANK,2025-03-28,1,1,0,1,1,0,0,0,0,0,1,1,1
AMEN BANK,2025-04-02,1,1,0,1,1,0,0,0,0,0,1,1,1
AMEN BANK,2025-04-04,0,1,0,1,1,1,0,0,0,0,1,1,1
AMEN BANK,2025-04-10,1,1,0,1,1,0,0,0,0,0,1,1,1
AMEN BANK,2025-04-11,1,1,0,1,1,0,0,0,0,0,1,1,1
AMEN BANK,2025-04-16,1,1,0,1,1,0,0,0,0,0,1,1,1
AMEN BANK,2025-04-17,1,1,0,1,1,0,0,0,0,0,1,1,1
AMEN BANK,2025-04-18,1,1,0,1,1,0,0,0,0,0,1,1,1
AMEN BANK,2025-04-23,1,1,0,1,1,0,0,0,0,0,1,1,1
AMEN BANK,2025-04-24,0,1,0,1,1,0,0,0,0,0,1,1,1
AMEN BANK,2025-05-02,0,1,0,1,1,0,0,0,0,0,1,1,1
AMEN BANK,2025-05-07,0,1,0,1,1,0,0,0,0,0,1,1,1
AMEN BANK,2025-05-08,0,1,0,1,1,0,0,0,0,0,1,1,1
AMEN BANK,2025-05-14,0,1,0,1,1,0,0,0,0,0,1,1,1
AMEN BANK,2025-05-15,0,1,0,1,1,0,0,0,0,0,1,1,1
AMEN BANK,2025-05-16,0,1,0,1,1,0,0,0,0,0,1,1,1
AMEN BANK,2025-05-21,0,1,0,0,0,0,0,0,1,1,1,1,1
AMEN BANK,2025-05-22,0,1,0,0,0,0,0,0,0,0,1,1,1
AMEN BANK,2025-05-23,0,1,0,0,0,0,0,0,0,0,1,1,1
AMEN BANK,2025-05-28,0,1,0,0,0,0,0,0,0,0,1,1,1
AMEN BANK,2025-05-29,0,1,0,0,0,0,0,0,0,0,1,1,1
AMEN BANK,2025-05-30,0,1,0,0,0,0,0,0,0,0,1,1,1
AMEN BANK,2025-06-04,0,1,0,0,0,0,0,0,0,0,1,1,1
AMEN BANK,2025-06-05,0,1,0,0,0,0,0,0,0,0,1,1,1
AMEN BANK,2025-06-11,0,1,0,0,0,0,0,0,0,0,1,1,1
AMEN BANK,2025-06-12,1,1,0,0,0,0,0,0,0,0,1,1,1
AMEN BANK,2025-06-13,1,1,0,0,0,0,0,0,0,0,1,1,1
AMEN BANK,2025-06-18,1,1,0,0,0,0,0,0,0,0,1,1,1
AMEN BANK,2025-06-19,1,1,0,0,0,0,0,0,0,0,1,1,1
AMEN BANK,2025-06-25,1,1,0,1,1,1,0,0,0,0,1,1,1
AMEN BANK,2025-06-27,0,1,0,1,1,0,0,0,0,0,1,1,1
AMEN BANK,2025-07-02,1,1,0,1,1,0,0,0,0,0,1,1,1
AMEN BANK,2025-07-03,0,1,0,1,1,0,0,0,0,0,1,1,1
AMEN BANK,2025-07-04,0,1,0,1,1,0,0,0,0,0,1,1,1
AMEN BANK,2025-07-09,0,1,0,1,1,0,0,0,0,0,1,1,1
AMEN BANK,2025-07-10,0,1,0,1,1,0,0,0,0,0,1,1,1
AMEN BANK,2025-07-11,0,1,0,1,1,0,0,0,0,0,1,1,1
AMEN BANK,2025-07-16,0,1,0,1,1,0,0,0,0,0,1,1,1
AMEN BANK,2025-07-17,0,1,0,1,1,0,0,0,0,0,1,1,1
AMEN BANK,2025-07-18,0,1,0,1,1,0,0,0,0,0,1,1,1
AMEN BANK,2025-07-23,1,1,0,0,1,0,0,0,0,0,1,1,1
AMEN BANK,2025-07-24,1,1,0,0,0,0,0,0,0,0,1,1,1
AMEN BANK,2025-07-30,1,1,0,0,0,0,0,0,0,0,1,1,1
AMEN BANK,2025-07-31,1,1,0,0,0,0,0,0,0,0,1,1,1
AMEN BANK,2025-08-01,1,1,0,0,0,0,0,0,0,0,1,1,1
AMEN BANK,2025-08-06,0,1,0,1,1,0,0,0,0,0,1,1,1
AMEN BANK,2025-08-08,0,1,0,1,1,0,0,0,0,0,1,1,1
AMEN BANK,2025-08-14,1,1,0,1,1,0,0,0,0,0,1,1,1
AMEN BANK,2025-08-15,1,1,0,1,1,0,0,0,0,0,1,1,1
AMEN BANK,2025-08-20,1,1,0,1,1,0,0,0,0,0,1,1,1
AMEN BANK,2025-08-21,1,1,0,1,1,0,0,0,0,0,1,1,1
AMEN BANK,2025-08-22,1,1,0,1,1,0,0,0,0,0,1,1,1
AMEN BANK,2025-08-27,1,1,0,1,1,0,1,0,0,0,1,1,1
AMEN BANK,2025-08-28,1,1,0,1,1,0,0,0,0,0,1,1,1
AMEN BANK,2025-09-03,1,1,0,1,1,0,0,0,0,0,1,1,1
AMEN BANK,2025-09-05,1,1,0,1,1,1,0,0,0,0,1,1,1
AMEN BANK,2025-09-10,1,1,0,1,1,0,0,0,0,0,1,1,1
AMEN BANK,2025-09-11,1,1,0,1,1,0,0,0,0,0,1,1,1
AMEN BANK,2025-09-17,0,1,0,1,1,0,0,0,0,0,1,1,1
AMEN BANK,2025-09-18,0,1,0,1,1,0,0,0,0,0,1,1,1
AMEN BANK,2025-09-19,0,1,0,1,1,0,0,0,0,0,1,1,1
AMEN BANK,2025-09-24,0,1,0,1,1,0,0,0,0,0,1,1,1
AMEN BANK,2025-09-25,0,1,0,1,1,0,0,0,0,0,1,1,1
AMEN BANK,2025-09-26,0,1,0,1,1,0,0,0,0,0,1,1,1
AMEN BANK,2025-10-01,1,1,0,1,0,0,1,0,0,0,1,1,1
AMEN BANK,2025-10-02,1,1,0,1,0,0,0,0,0,0,1,1,1
AMEN BANK,2025-10-03,1,1,0,0,0,0,0,0,0,0,1,1,1
AMEN BANK,2025-10-08,0,1,0,0,0,0,0,0,0,0,1,1,1
AMEN BANK,2025-10-10,0,1,0,0,0,0,0,0,0,0,1,1,1
AMEN BANK,2025-10-16,0,1,0,0,0,0,0,0,0,0,1,1,1
AMEN BANK,2025-10-17,0,1,0,0,0,0,0,0,0,0,1,1,1
AMEN BANK,2025-10-22,1,1,0,0,0,0,0,0,0,0,1,1,1
AMEN BANK,2025-10-23,1,1,0,0,0,0,0,0,0,0,1,1,1
AMEN BANK,2025-10-24,1,1,0,0,0,0,0,0,0,0,1,1,1
AMEN BANK,2025-10-29,1,1,0,0,0,0,0,0,0,0,1,1,1
AMEN BANK,2025-10-30,1,1,0,0,1,0,0,0,0,0,1,1,1
AMEN BANK,2025-10-31,1,1,0,0,1,0,0,0,0,0,1,1,1
AMEN BANK,2025-11-05,1,1,0,1,1,1,0,0,0,0,1,1,1
AMEN BANK,2025-11-06,1,1,0,1,1,0,0,0,0,0,1,1,1
AMEN BANK,2025-11-07,1,1,0,1,1,0,0,0,0,0,1,1,1
AMEN BANK,2025-11-12,0,1,0,1,1,0,0,0,0,0,1,1,1
AMEN BANK,2025-11-13,0,1,0,1,1,1,0,0,0,0,1,1,1
AMEN BANK,2025-11-19,0,1,0,1,1,0,0,0,0,0,1,1,1
AMEN BANK,2025-11-20,0,1,0,1,1,0,0,0,0,0,1,1,1
AMEN BANK,2025-11-21,0,1,0,1,1,0,0,0,0,0,1,1,1
AMEN BANK,2025-11-26,0,1,0,1,1,0,0,0,0,0,1,1,1
AMEN BANK,2025-11-27,1,1,0,1,1,0,0,0,0,0,1,1,1
AMEN BANK,2025-11-28,0,1,0,0,0,0,0,0,0,0,1,1,1
AMEN BANK,2025-12-03,1,1,0,0,0,0,0,0,0,0,1,1,1
AMEN BANK,2025-12-04,1,1,0,0,0,0,0,0,0,0,1,1,1
BH BANK,2025-01-22,1,1,0,1,1,0,0,0,0,0,0,0,1
BH BANK,2025-01-23,1,1,0,1,1,0,0,0,0,0,0,0,1
BH BANK,2025-01-24,1,1,0,1,1,0,0,0,0,0,0,0,1
BH BANK,2025-01-29,1,1,0,1,1,1,0,1,0,1,0,0,1
BH BANK,2025-01-30,0,1,0,1,1,0,0,0,0,0,0,0,1
BH BANK,2025-02-05,1,1,0,1,1,0,0,0,1,0,0,0,1
BH BANK,2025-02-06,0,1,0,1,1,0,1,0,1,1,0,0,1
BH BANK,2025-02-07,0,1,0,1,1,0,0,0,1,0,0,0,1
BH BANK,2025-02-12,1,1,0,1,1,1,1,0,1,0,0,0,1
BH BANK,2025-02-13,0,1,0,1,1,0,1,0,1,0,0,0,1
BH BANK,2025-02-14,0,1,0,1,1,1,1,0,1,0,0,0,1
BH BANK,2025-02-19,0,1,0,1,1,1,1,1,1,0,0,0,1
BH BANK,2025-02-20,0,1,0,1,1,1,1,1,1,1,0,0,1
BH BANK,2025-02-21,0,1,0,1,1,0,1,1,1,0,0,0,1
BH BANK,2025-02-26,1,1,0,0,0,1,0,1,1,1,0,0,1
BH BANK,2025-02-27,1,1,0,0,0,0,0,1,1,0,0,0,1
BH BANK,2025-02-28,1,1,0,0,0,0,0,1,1,1,0,0,1
BH BANK,2025-03-05,0,1,0,0,0,0,0,0,1,0,0,0,1
BH BANK,2025-03-06,0,1,0,0,0,1,0,1,1,1,0,0,1
BH BANK,2025-03-07,0,1,0,0,1,1,0,0,1,0,0,0,1
BH BANK,2025-03-12,1,1,0,0,0,1,0,1,1,1,0,0,1
BH BANK,2025-03-13,1,1,0,0,0,1,1,1,1,1,0,0,1
BH BANK,2025-03-19,1,1,0,0,0,1,0,1,1,0,0,0,1
BH BANK,2025-03-21,0,1,0,0,0,1,0,1,1,0,0,0,1
BH BANK,2025-03-27,0,1,0,0,0,0,0,0,0,0,0,0,1
BH BANK,2025-03-28,0,1,0,0,0,1,0,0,0,0,0,0,1
BH BANK,2025-04-02,0,1,0,0,0,0,1,1,0,0,0,0,1
BH BANK,2025-04-04,0,1,0,0,0,1,1,1,1,0,0,0,1
BH BANK,2025-04-10,0,1,0,0,0,1,1,1,1,1,0,0,1
BH BANK,2025-04-11,0,1,0,0,0,1,1,1,1,1,0,0,1
BH BANK,2025-04-16,0,1,0,0,0,1,1,0,1,1,0,0,1
BH BANK,2025-04-17,0,1,0,0,0,1,1,1,1,1,0,0,1
BH BANK,2025-04-18,0,1,0,0,0,1,1,1,1,1,0,0,1
BH BANK,2025-04-23,1,1,0,0,0,1,1,1,1,1,0,0,0
BH BANK,2025-04-24,1,1,0,0,0,1,0,1,1,1,0,0,0
BH BANK,2025-05-02,0,1,0,0,0,1,0,1,1,0,0,0,0
BH BANK,2025-05-07,0,1,0,0,0,1,0,1,0,0,0,0,0
BH BANK,2025-05-08,0,1,0,0,0,1,0,0,0,0,0,0,0
BH BANK,2025-05-14,1,1,0,0,0,0,0,0,0,0,0,0,0
BH BANK,2025-05-15,1,1,0,0,0,0,0,1,1,0,0,0,0
BH BANK,2025-05-16,1,1,0,0,0,1,0,0,1,0,0,0,0
BH BANK,2025-05-21,0,1,0,0,1,0,0,0,0,0,0,0,0
BH BANK,2025-05-22,0,1,0,1,1,0,0,0,0,0,0,0,0
BH BANK,2025-05-23,0,1,0,1,1,0,0,0,0,0,0,0,1
BH BANK,2025-05-28,0,1,0,0,0,1,0,0,1,1,0,0,1
BH BANK,2025-05-29,0,1,0,0,0,0,0,0,0,0,0,0,1
BH BANK,2025-05-30,0,1,0,0,0,1,0,0,0,0,0,0,1
BH BANK,2025-06-04,0,1,0,0,0,0,0,0,0,0,0,0,1
BH BANK,2025-06-05,0,1,0,0,0,0,0,0,0,0,0,0,1
BH BANK,2025-06-11,0,1,0,0,0,0,0,0,0,0,0,0,1
BH BANK,2025-06-12,0,1,0,0,0,0,0,0,0,0,0,0,1
BH BANK,2025-06-13,0,1,0,0,0,0,1,1,0,0,0,0,1
BH BANK,2025-06-18,0,1,0,0,0,0,0,0,0,0,0,0,1
BH BANK,2025-06-19,0,1,0,0,0,0,0,0,0,0,0,0,1
BH BANK,2025-06-25,0,1,0,0,0,0,0,0,0,0,0,0,1
BH BANK,2025-06-27,1,1,0,0,0,0,0,1,1,0,0,0,1
BH BANK,2025-07-02,1,1,0,0,0,0,0,1,1,1,0,0,1
BH BANK,2025-07-03,1,1,0,0,0,0,0,1,1,0,0,0,1
BH BANK,2025-07-04,1,1,0,0,0,0,0,1,0,0,0,0,1
BH BANK,2025-07-09,1,1,0,0,1,1,0,1,0,0,0,0,1
BH BANK,2025-07-10,1,1,0,1,1,0,0,0,0,0,0,0,1
BH BANK,2025-07-11,0,1,0,1,1,0,0,0,0,0,0,0,1
BH BANK,2025-07-16,0,1,0,1,1,0,0,0,0,0,0,0,1
BH BANK,2025-07-17,0,1,0,1,1,0,0,0,0,0,0,0,1
BH BANK,2025-07-18,0,1,0,1,1,0,0,0,0,0,0,0,1
BH BANK,2025-07-23,0,1,0,1,0,0,0,0,0,0,0,0,1
BH BANK,2025-07-24,0,1,0,1,0,0,0,1,0,0,0,0,1
BH BANK,2025-07-30,0,1,0,0,0,0,0,1,0,0,0,0,1
BH BANK,2025-07-31,0,1,0,0,0,0,0,1,1,0,0,0,1
BH BANK,2025-08-01,0,1,0,0,0,0,0,1,0,0,0,0,1
BH BANK,2025-08-06,1,1,0,0,0,0,0,0,1,0,0,0,1
BH BANK,2025-08-08,1,1,0,0,0,0,0,1,1,0,0,0,1
BH BANK,2025-08-14,0,1,0,0,1,0,0,0,0,0,0,0,1
BH BANK,2025-08-15,0,1,0,0,1,0,0,0,0,0,0,0,1
BH BANK,2025-08-20,0,1,0,1,1,0,0,0,0,0,0,0,1
BH BANK,2025-08-21,0,1,0,1,1,0,0,0,0,0,0,0,1
BH BANK,2025-08-22,0,1,0,1,1,0,0,0,0,0,0,0,1
BH BANK,2025-08-27,0,1,0,1,1,1,1,1,1,0,0,0,1
BH BANK,2025-08-28,1,1,0,1,1,0,0,0,1,0,0,0,1
BH BANK,2025-09-03,1,1,0,0,0,0,0,1,1,0,0,0,1
BH BANK,2025-09-05,1,1,0,0,1,0,0,0,0,0,0,0,1
BH BANK,2025-09-10,1,1,0,0,1,1,0,0,1,0,0,0,1
BH BANK,2025-09-11,1,1,0,1,1,0,0,0,1,0,0,0,1
BH BANK,2025-09-17,0,1,0,1,1,0,0,0,1,0,0,0,1
BH BANK,2025-09-18,0,1,0,1,1,1,0,0,1,0,0,0,1
BH BANK,2025-09-19,0,1,0,1,1,1,0,0,1,0,0,0,1
BH BANK,2025-09-24,0,1,0,1,0,0,0,0,1,0,0,0,1
BH BANK,2025-09-25,0,1,0,1,0,0,0,0,1,0,0,0,1
BH BANK,2025-09-26,0,1,0,1,0,0,0,0,1,0,0,0,1
BH BANK,2025-10-01,0,1,0,0,0,0,0,0,1,0,0,0,1
BH BANK,2025-10-02,0,1,0,0,0,0,0,0,1,0,0,0,1
BH BANK,2025-10-03,0,1,0,0,0,0,0,0,0,0,0,0,1
BH BANK,2025-10-08,1,1,0,0,0,1,0,0,1,0,0,0,1
BH BANK,2025-10-10,1,1,0,0,0,0,0,0,0,0,0,0,1
BH BANK,2025-10-16,0,1,0,1,1,0,0,0,0,1,0,0,1
BH BANK,2025-10-17,0,1,0,1,1,0,0,0,0,0,0,0,1
BH BANK,2025-10-22,0,1,0,1,1,1,0,0,1,0,0,0,1
BH BANK,2025-10-23,0,1,0,1,1,0,0,1,1,0,0,0,1
BH BANK,2025-10-24,0,1,0,1,1,0,0,0,1,0,0,0,1
BH BANK,2025-10-29,0,1,0,1,1,0,0,0,0,0,0,0,1
BH BANK,2025-10-30,0,1,0,1,1,1,0,0,1,0,0,0,1
BH BANK,2025-10-31,1,1,0,0,0,0,0,0,1,0,0,0,1
BH BANK,2025-11-05,1,1,0,0,0,1,0,0,1,1,0,0,1
BH BANK,2025-11-06,1,1,0,0,0,1,0,0,1,0,0,0,1
BH BANK,2025-11-07,1,1,0,0,0,1,0,0,1,0,0,0,1
BH BANK,2025-11-12,1,1,0,1,1,1,0,0,0,0,0,0,1
BH BANK,2025-11-13,0,1,0,1,1,1,0,0,0,0,0,0,1
BH BANK,2025-11-19,0,1,0,1,1,1,0,1,0,0,0,0,1
BH BANK,2025-11-20,0,1,0,1,1,1,0,1,0,0,0,0,1
BH BANK,2025-11-21,1,1,0,1,1,1,0,0,0,1,0,0,1
BH BANK,2025-11-26,0,1,0,1,1,1,0,0,0,0,0,0,1
BH BANK,2025-11-27,0,1,0,1,1,1,1,1,0,1,0,0,1
BH BANK,2025-11-28,1,1,0,1,1,0,0,0,0,0,0,0,1
BH BANK,2025-12-03,0,1,0,1,1,1,0,0,0,0,0,0,1
BH BANK,2025-12-04,0,1,0,1,1,0,0,1,0,0,0,0,1
BIAT,2025-01-22,1,1,0,1,1,0,0,0,1,0,1,1,1
BIAT,2025-01-23,0,1,0,1,1,0,0,1,1,0,1,1,1
BIAT,2025-01-24,0,1,0,1,1,0,0,1,1,0,1,1,1
BIAT,2025-01-29,0,1,0,1,1,1,0,0,1,0,1,1,1
BIAT,2025-01-30,0,1,0,1,1,1,0,0,1,0,1,1,1
BIAT,2025-02-05,1,1,0,1,1,0,0,0,1,0,1,1,1
BIAT,2025-02-06,1,1,0,1,0,0,0,1,1,0,1,1,1
BIAT,2025-02-07,1,1,0,0,1,0,0,1,1,0,1,1,1
BIAT,2025-02-12,1,1,0,0,0,0,0,1,1,0,1,1,1
BIAT,2025-02-13,1,1,0,0,1,0,0,1,1,0,1,1,1
BIAT,2025-02-14,1,1,0,0,1,0,0,1,1,0,1,1,1
BIAT,2025-02-19,1,1,0,1,1,0,0,0,1,0,1,1,1
BIAT,2025-02-20,1,1,0,1,1,0,0,0,1,0,1,1,1
BIAT,2025-02-21,1,1,0,1,1,0,0,1,1,0,1,1,1
BIAT,2025-02-26,1,1,0,1,1,0,0,0,1,0,1,1,1
BIAT,2025-02-27,1,1,0,1,1,0,0,0,1,0,1,1,1
BIAT,2025-02-28,1,1,0,1,1,0,0,0,1,0,1,1,1
BIAT,2025-03-05,0,1,0,1,1,0,0,1,1,0,1,1,1
BIAT,2025-03-06,0,1,0,1,1,0,0,1,1,0,1,1,1
BIAT,2025-03-07,0,1,0,1,1,1,0,1,1,1,1,1,1
BIAT,2025-03-12,0,1,0,1,1,1,0,0,1,0,1,1,1
BIAT,2025-03-13,0,1,0,1,1,0,0,0,1,0,1,1,1
BIAT,2025-03-19,0,1,0,0,0,0,0,1,1,1,1,1,1
BIAT,2025-03-21,0,1,0,0,0,0,0,1,1,0,1,1,1
BIAT,2025-03-27,0,1,0,0,0,0,0,0,1,0,1,1,1
BIAT,2025-03-28,1,1,0,0,0,0,0,0,1,0,1,1,1
BIAT,2025-04-02,1,1,0,0,0,0,0,0,1,0,1,1,1
BIAT,2025-04-04,1,1,0,0,0,0,0,1,1,0,1,1,1
BIAT,2025-04-10,1,1,0,0,0,0,0,1,1,0,1,1,1
BIAT,2025-04-11,1,1,0,0,0,0,0,1,1,0,1,1,1
BIAT,2025-04-16,1,1,0,1,1,0,0,1,1,0,1,1,1
BIAT,2025-04-17,1,1,0,1,1,0,0,1,1,0,1,1,1
BIAT,2025-04-18,1,1,0,1,1,1,0,1,1,0,1,1,1
BIAT,2025-04-23,1,1,0,1,1,0,0,1,1,0,1,1,1
BIAT,2025-04-24,1,1,0,1,1,0,0,1,1,0,1,1,1
BIAT,2025-05-02,0,1,0,1,1,0,1,1,1,1,1,1,1
BIAT,2025-05-07,0,1,0,1,1,1,1,1,1,1,1,1,1
BIAT,2025-05-08,0,1,0,1,1,1,1,1,1,1,1,1,1
BIAT,2025-05-14,0,1,0,0,0,1,1,1,1,1,1,1,1
BIAT,2025-05-15,0,1,0,0,0,1,1,1,1,1,1,1,1
BIAT,2025-05-16,0,1,0,0,0,1,1,1,1,1,1,1,1
BIAT,2025-05-21,0,1,0,0,0,0,1,1,1,0,1,1,1
BIAT,2025-05-22,0,1,0,0,0,0,0,1,1,0,1,1,1
BIAT,2025-05-23,0,1,0,0,0,0,0,1,1,0,1,1,1
BIAT,2025-05-28,0,1,0,0,0,0,0,1,1,0,1,1,1
BIAT,2025-05-29,0,1,0,0,0,0,0,1,1,0,1,1,1
BIAT,2025-05-30,0,1,0,0,0,0,0,1,1,1,1,1,1
BIAT,2025-06-04,0,1,0,0,0,0,0,1,1,0,1,1,1
BIAT,2025-06-05,0,1,0,0,0,0,0,0,1,0,1,1,1
BIAT,2025-06-11,0,1,0,0,0,1,0,1,1,1,1,1,1
BIAT,2025-06-12,0,1,0,0,0,1,0,1,1,0,1,1,1
BIAT,2025-06-13,1,1,0,0,0,0,0,1,1,1,1,1,1
BIAT,2025-06-18,1,1,0,0,0,0,0,1,1,0,1,1,1
BIAT,2025-06-19,1,1,0,0,0,0,0,0,0,0,1,1,1
BIAT,2025-06-25,0,1,0,0,1,0,0,0,0,0,1,1,1
BIAT,2025-06-27,0,1,0,1,1,1,0,1,0,0,1,1,1
BIAT,2025-07-02,0,1,0,1,1,0,0,0,0,0,1,1,1
BIAT,2025-07-03,0,1,0,1,1,0,0,1,0,0,1,1,1
BIAT,2025-07-04,1,1,0,1,1,0,0,1,0,0,1,1,1
BIAT,2025-07-09,1,1,0,1,1,0,1,1,0,0,1,1,1
BIAT,2025-07-10,1,1,0,1,1,1,0,1,0,0,1,1,1
BIAT,2025-07-11,0,1,0,1,1,0,1,1,0,0,1,1,1
BIAT,2025-07-16,0,1,0,1,1,1,0,1,0,0,1,1,1
BIAT,2025-07-17,0,1,0,1,1,1,0,0,0,0,1,1,1
BIAT,2025-07-18,0,1,0,1,1,0,0,0,0,0,1,1,1
BIAT,2025-07-23,0,1,0,1,1,0,0,1,0,0,1,1,1
BIAT,2025-07-24,0,1,0,1,1,0,0,0,0,0,1,1,1
BIAT,2025-07-30,0,1,0,0,0,0,0,1,0,0,1,1,1
BIAT,2025-07-31,0,1,0,0,0,0,0,1,0,0,1,1,1
BIAT,2025-08-01,0,1,0,0,0,0,0,1,0,0,1,1,1
BIAT,2025-08-06,0,1,0,0,0,0,0,0,0,0,1,1,1
BIAT,2025-08-08,0,1,0,0,0,0,0,0,0,0,1,1,1
BIAT,2025-08-14,1,1,0,0,0,0,0,0,0,0,1,1,1
BIAT,2025-08-15,1,1,0,0,0,0,0,0,0,0,1,1,1
BIAT,2025-08-20,1,1,0,0,0,0,0,0,0,0,1,1,1
BIAT,2025-08-21,1,1,0,0,0,0,0,0,0,0,1,1,1
BIAT,2025-08-22,0,1,0,0,1,0,0,0,0,0,1,1,1
BIAT,2025-08-27,1,1,0,1,1,0,0,1,0,0,1,1,1
BIAT,2025-08-28,1,1,0,1,1,0,0,1,0,0,1,1,1
BIAT,2025-09-03,1,1,0,1,1,0,0,1,0,0,1,1,1
BIAT,2025-09-05,1,1,0,1,1,0,0,1,0,0,1,1,1
BIAT,2025-09-10,1,1,0,1,1,0,0,0,0,0,1,1,1
BIAT,2025-09-11,1,1,0,1,1,0,0,1,1,0,1,1,1
BIAT,2025-09-17,1,1,0,1,1,1,0,1,1,0,1,1,1
BIAT,2025-09-18,1,1,0,1,1,1,0,1,1,0,1,1,1
BIAT,2025-09-19,1,1,0,1,1,0,0,1,1,0,1,1,1
BIAT,2025-09-24,1,1,0,1,1,1,0,1,1,0,1,1,1
BIAT,2025-09-25,1,1,0,1,1,1,0,1,1,0,1,1,1
BIAT,2025-09-26,0,1,0,1,1,1,1,1,1,0,1,1,1
BIAT,2025-10-01,0,1,0,1,1,1,1,1,1,0,1,1,1
BIAT,2025-10-02,0,1,0,1,1,0,0,1,1,0,1,1,1
BIAT,2025-10-03,0,1,0,1,1,1,1,1,1,1,1,1,1
BIAT,2025-10-08,1,1,0,1,0,1,0,1,1,1,1,1,1
BIAT,2025-10-10,1,1,0,1,0,0,0,1,1,0,1,1,1
BIAT,2025-10-16,1,1,0,0,0,1,0,1,1,0,1,1,1
BIAT,2025-10-17,1,1,0,0,0,1,0,1,1,0,1,1,1
BIAT,2025-10-22,1,1,0,0,1,0,0,1,1,0,1,1,1
BIAT,2025-10-23,1,1,0,0,1,0,0,1,1,0,1,1,1
BIAT,2025-10-24,1,1,0,1,1,0,0,1,1,0,1,1,1
BIAT,2025-10-29,1,1,0,1,1,0,1,1,1,0,1,1,1
BIAT,2025-10-30,1,1,0,1,1,0,1,1,1,1,1,1,1
BIAT,2025-10-31,1,1,0,1,1,1,1,1,1,1,1,1,1
BIAT,2025-11-05,1,1,0,1,1,0,1,1,1,1,1,1,1
BIAT,2025-11-06,1,1,0,1,1,0,1,1,1,1,1,1,1
BIAT,2025-11-07,1,1,0,1,1,0,1,1,1,1,1,1,1
BIAT,2025-11-12,1,1,0,1,1,1,1,1,1,1,1,1,1
BIAT,2025-11-13,0,1,0,1,1,1,1,1,1,1,1,1,1
BIAT,2025-11-19,0,1,0,1,1,1,0,1,1,1,1,1,1
BIAT,2025-11-20,0,1,0,1,1,1,1,1,1,1,1,1,1
BIAT,2025-11-21,0,1,0,1,1,1,1,1,1,1,1,1,1
BIAT,2025-11-26,0,1,0,1,1,1,1,0,1,1,1,1,1
BIAT,2025-11-27,0,1,0,1,1,1,0,1,1,1,1,1,1
BIAT,2025-11-28,0,1,0,1,1,1,1,1,1,1,1,1,1
BIAT,2025-12-03,0,1,0,0,0,1,0,1,1,1,1,1,1
BIAT,2025-12-04,0,1,0,0,0,1,0,1,1,1,1,1,1
BNA,2025-01-22,0,1,0,1,1,1,0,1,1,0,0,1,1
BNA,2025-01-23,0,1,0,1,1,0,0,0,1,0,0,1,1
BNA,2025-01-24,0,1,0,1,1,1,1,1,1,1,0,1,1
BNA,2025-01-29,0,1,0,1,1,1,0,0,1,0,0,1,1
BNA,2025-01-30,0,1,0,1,1,1,0,1,1,1,0,1,1
BNA,2025-02-05,1,1,0,0,0,1,0,1,1,0,0,1,1
BNA,2025-02-06,1,1,0,0,0,1,0,1,1,0,0,1,1
BNA,2025-02-07,1,1,0,0,1,1,0,1,1,0,0,1,1
BNA,2025-02-12,1,1,0,0,0,1,0,0,1,0,0,1,1
BNA,2025-02-13,1,1,0,0,1,0,0,1,0,0,0,1,1
BNA,2025-02-14,0,1,0,1,1,0,0,1,0,1,0,1,1
BNA,2025-02-19,1,1,0,1,1,1,0,0,0,0,0,1,1
BNA,2025-02-20,1,1,0,1,1,1,0,0,1,0,0,1,1
BNA,2025-02-21,0,1,0,1,1,1,0,1,1,1,0,1,1
BNA,2025-02-26,1,1,0,1,1,1,0,1,1,0,0,1,1
BNA,2025-02-27,0,1,0,1,1,1,0,1,1,0,0,1,1
BNA,2025-02-28,0,1,0,1,1,0,0,0,0,0,0,1,1
BNA,2025-03-05,0,1,0,1,1,1,0,0,0,0,0,1,1
BNA,2025-03-06,0,1,0,1,1,1,0,0,0,0,0,1,1
BNA,2025-03-07,1,1,0,1,1,1,0,0,0,0,0,1,1
BNA,2025-03-12,1,1,0,1,1,1,0,0,1,1,0,1,1
BNA,2025-03-13,0,1,0,1,1,1,0,1,1,1,0,1,1
BNA,2025-03-19,1,1,0,0,1,1,1,1,1,1,0,1,1
BNA,2025-03-21,1,1,0,0,1,1,1,1,1,1,0,1,1
BNA,2025-03-27,1,1,0,1,1,1,0,1,1,1,0,1,1
BNA,2025-03-28,0,1,0,1,1,1,1,1,1,1,0,1,1
BNA,2025-04-02,0,1,0,1,1,1,1,1,1,1,0,1,1
BNA,2025-04-04,1,1,0,1,1,1,0,1,1,1,0,1,1
BNA,2025-04-10,1,1,0,1,1,1,1,1,1,1,0,1,1
BNA,2025-04-11,1,1,0,1,1,1,0,1,1,0,0,1,1
BNA,2025-04-16,0,1,0,1,1,1,0,0,1,0,0,1,1
BNA,2025-04-17,0,1,0,1,1,1,1,1,1,1,0,1,1
BNA,2025-04-18,0,1,0,1,1,1,1,1,1,1,0,1,1
BNA,2025-04-23,1,1,0,1,1,1,0,0,1,1,0,1,1
BNA,2025-04-24,1,1,0,1,1,1,0,1,1,1,0,1,1
BNA,2025-05-02,0,1,0,1,1,0,0,0,1,1,0,1,1
BNA,2025-05-07,0,1,0,1,1,1,0,1,1,0,0,1,1
BNA,2025-05-08,0,1,0,1,1,1,0,1,1,0,0,1,1
BNA,2025-05-14,0,1,0,1,1,1,0,1,1,0,0,1,1
BNA,2025-05-15,0,1,0,1,1,0,0,1,1,0,0,1,1
BNA,2025-05-16,1,1,0,1,1,1,0,1,1,0,0,1,1
BNA,2025-05-21,1,1,0,1,1,0,0,0,1,0,0,1,1
BNA,2025-05-22,1,1,0,1,1,1,0,0,1,1,0,1,1
BNA,2025-05-23,1,1,0,1,1,1,0,0,1,0,0,1,1
BNA,2025-05-28,1,1,0,1,1,1,0,1,0,0,0,1,1
BNA,2025-05-29,1,1,0,1,1,1,0,1,1,1,0,1,1
BNA,2025-05-30,1,1,0,1,1,1,0,1,1,0,0,1,1
BNA,2025-06-04,0,1,0,1,1,1,0,0,0,0,0,1,1
BNA,2025-06-05,0,1,0,1,1,1,1,1,1,1,0,1,1
BNA,2025-06-11,0,1,0,1,1,1,0,1,1,0,0,1,1
BNA,2025-06-12,0,1,0,1,1,1,0,1,1,1,0,1,1
BNA,2025-06-13,0,1,0,1,0,1,1,1,1,1,0,1,1
BNA,2025-06-18,1,1,0,0,0,1,1,1,1,1,0,1,1
BNA,2025-06-19,1,1,0,0,0,1,0,1,1,1,0,1,1
BNA,2025-06-25,0,1,0,0,0,1,0,1,1,1,0,1,1
BNA,2025-06-27,1,1,0,0,0,1,1,0,1,0,0,1,1
BNA,2025-07-02,0,1,0,0,0,0,0,0,0,0,0,1,1
BNA,2025-07-03,0,1,0,0,0,0,0,0,0,0,0,1,1
BNA,2025-07-04,0,1,0,0,0,0,0,0,0,0,0,1,1
BNA,2025-07-09,0,1,0,0,0,0,0,0,0,0,0,1,1
BNA,2025-07-10,1,1,0,0,0,1,0,1,1,1,0,1,1
BNA,2025-07-11,0,1,0,0,0,0,0,0,1,0,0,1,1
BNA,2025-07-16,0,1,0,0,0,0,0,0,0,0,0,1,0
BNA,2025-07-17,0,1,0,0,0,1,0,0,0,0,0,1,0
BNA,2025-07-18,0,1,0,0,0,0,0,0,0,0,0,1,0
BNA,2025-07-23,0,1,0,0,0,0,0,0,0,0,0,1,1
BNA,2025-07-24,1,1,0,0,0,1,0,0,0,0,0,1,1
BNA,2025-07-30,0,1,0,0,0,0,0,0,0,0,0,1,1
BNA,2025-07-31,1,1,0,0,0,1,0,1,0,0,0,1,1
BNA,2025-08-01,1,1,0,0,0,1,0,0,0,0,0,1,1
BNA,2025-08-06,1,1,0,0,1,1,0,0,0,0,0,1,1
BNA,2025-08-08,1,1,0,1,0,1,1,1,1,1,0,1,1
BNA,2025-08-14,1,1,0,1,1,0,0,1,0,0,0,1,1
BNA,2025-08-15,1,1,0,1,1,1,0,0,0,0,0,1,1
BNA,2025-08-20,1,1,0,1,1,1,0,0,0,0,0,1,1
BNA,2025-08-21,1,1,0,1,1,1,0,0,0,0,0,1,1
BNA,2025-08-22,1,1,0,1,1,1,0,0,0,0,0,1,1
BNA,2025-08-27,1,1,0,1,1,0,0,0,0,0,0,1,1
BNA,2025-08-28,1,1,0,1,1,0,0,0,0,0,0,1,1
BNA,2025-09-03,0,1,0,1,1,0,0,1,1,0,0,1,1
BNA,2025-09-05,1,1,0,1,1,0,0,1,1,0,0,1,1
BNA,2025-09-10,1,1,0,1,1,0,0,0,1,0,0,1,1
BNA,2025-09-11,1,1,0,1,1,0,0,0,0,0,0,1,1
BNA,2025-09-17,1,1,0,1,1,0,0,0,0,0,0,1,1
BNA,2025-09-18,1,1,0,1,1,1,0,0,1,1,0,1,1
BNA,2025-09-19,1,1,0,1,1,1,0,0,0,0,0,1,1
BNA,2025-09-24,0,1,0,1,1,0,0,0,0,0,0,1,0
BNA,2025-09-25,1,1,0,1,1,0,0,0,0,1,0,1,0
BNA,2025-09-26,1,1,0,1,1,1,0,1,1,1,0,1,0
BNA,2025-10-01,0,1,0,1,1,1,0,0,0,0,0,1,0
BNA,2025-10-02,0,1,0,1,1,0,0,1,0,1,0,1,0
BNA,2025-10-03,0,1,0,1,1,0,0,0,0,1,0,1,0
BNA,2025-10-08,1,1,0,1,1,0,0,0,0,0,0,1,0
BNA,2025-10-10,1,1,0,1,1,0,0,0,0,1,0,1,0
BNA,2025-10-16,1,1,0,1,1,1,0,1,1,1,0,1,1
BNA,2025-10-17,1,1,0,1,1,0,0,1,0,0,0,1,1
BNA,2025-10-22,1,1,0,1,1,0,0,0,0,0,0,1,1
BNA,2025-10-23,1,1,0,1,1,1,0,1,1,1,0,1,1
BNA,2025-10-24,1,1,0,1,1,0,0,0,0,0,0,1,1
BNA,2025-10-29,1,1,0,1,1,1,0,0,1,0,0,1,1
BNA,2025-10-30,1,1,0,1,1,0,0,0,1,0,0,1,1
BNA,2025-10-31,1,1,0,1,1,0,0,1,1,0,0,1,1
BNA,2025-11-05,1,1,0,1,1,1,0,0,0,0,0,1,1
BNA,2025-11-06,1,1,0,1,1,0,0,1,0,1,0,1,1
BNA,2025-11-07,1,1,0,1,1,1,0,1,0,1,0,1,1
BNA,2025-11-12,1,1,0,1,1,1,0,1,1,1,0,1,1
BNA,2025-11-13,0,1,0,1,1,1,0,1,1,1,0,1,1
BNA,2025-11-19,0,1,0,1,1,1,0,0,0,1,0,1,1
BNA,2025-11-20,0,1,0,1,1,1,0,0,0,1,0,1,1
BNA,2025-11-21,0,1,0,1,1,1,0,1,0,1,0,1,1
BNA,2025-11-26,0,1,0,1,1,1,1,0,1,1,0,1,1
BNA,2025-11-27,1,1,0,1,1,1,0,1,1,1,0,1,1
BNA,2025-11-28,1,1,0,1,1,1,0,1,1,1,0,1,1
BNA,2025-12-03,0,1,0,1,1,1,0,0,0,1,0,1,1
BNA,2025-12-04,0,1,0,1,1,1,0,1,0,1,0,1,1
BT,2025-01-22,0,1,0,0,0,1,1,1,1,0,0,0,1
BT,2025-01-23,0,1,0,0,0,1,1,1,1,0,0,0,1
BT,2025-01-24,0,1,0,0,0,1,1,1,1,1,0,0,1
BT,2025-01-29,0,1,0,0,0,1,1,1,1,0,0,0,1
BT,2025-01-30,0,1,0,0,0,1,1,1,1,0,0,0,1
BT,2025-02-05,0,1,0,0,0,1,0,1,1,1,0,0,1
BT,2025-02-06,1,1,0,0,0,1,1,1,1,0,0,0,1
BT,2025-02-07,1,1,0,0,0,1,0,1,1,1,0,0,1
BT,2025-02-12,1,1,0,0,1,1,1,1,0,0,0,0,1
BT,2025-02-13,1,1,0,0,0,1,1,1,1,0,0,0,1
BT,2025-02-14,1,1,0,0,0,1,1,1,1,0,0,0,1
BT,2025-02-19,0,1,0,1,1,0,1,1,1,0,0,0,1
BT,2025-02-20,1,1,0,1,1,1,1,1,1,0,0,0,1
BT,2025-02-21,1,1,0,1,1,1,1,1,1,0,0,0,1
BT,2025-02-26,1,1,0,1,1,1,1,1,1,0,0,0,1
BT,2025-02-27,1,1,0,1,1,1,1,1,1,0,0,0,1
BT,2025-02-28,1,1,0,1,1,1,1,1,1,0,0,0,1
BT,2025-03-05,1,1,0,1,1,1,1,1,1,0,0,0,1
BT,2025-03-06,0,1,0,1,0,1,1,1,1,0,0,0,1
BT,2025-03-07,0,1,0,1,1,1,1,1,1,0,0,0,1
BT,2025-03-12,1,1,0,1,1,1,1,1,1,0,0,0,1
BT,2025-03-13,1,1,0,1,0,1,1,1,1,0,0,0,1
BT,2025-03-19,1,1,0,0,1,1,1,1,1,0,0,0,1
BT,2025-03-21,1,1,0,1,1,1,1,1,0,0,0,0,1
BT,2025-03-27,1,1,0,1,1,0,1,1,0,0,0,0,1
BT,2025-03-28,1,1,0,1,1,1,1,1,1,0,0,0,1
BT,2025-04-02,1,1,0,1,1,1,1,1,1,0,0,0,1
BT,2025-04-04,1,1,0,1,1,0,1,1,1,0,0,0,1
BT,2025-04-10,1,1,0,1,1,1,1,1,1,0,0,0,1
BT,2025-04-11,0,1,0,1,1,1,1,1,1,0,0,0,1
BT,2025-04-16,0,1,0,1,1,1,1,1,1,0,0,0,1
BT,2025-04-17,1,1,0,1,1,0,1,1,1,0,0,0,1
BT,2025-04-18,1,1,0,1,1,1,1,1,1,0,0,0,1
BT,2025-04-23,1,1,0,1,1,1,1,1,1,0,0,0,1
BT,2025-04-24,1,1,0,1,1,1,1,1,1,0,0,0,1
BT,2025-05-02,0,1,0,1,1,1,1,1,1,0,0,0,1
BT,2025-05-07,0,1,0,1,0,1,1,1,1,1,0,0,1
BT,2025-05-08,0,1,0,1,0,1,1,1,1,0,0,0,1
BT,2025-05-14,0,1,0,0,0,1,1,1,1,0,0,0,1
BT,2025-05-15,0,1,0,0,0,1,1,1,1,0,0,0,1
BT,2025-05-16,1,1,0,0,0,1,1,1,1,0,0,0,1
BT,2025-05-21,0,1,0,0,0,1,1,1,1,0,0,0,1
BT,2025-05-22,1,1,0,0,0,1,1,1,1,0,0,0,1
BT,2025-05-23,1,1,0,0,0,1,1,1,1,0,0,0,1
BT,2025-05-28,1,1,0,0,0,1,1,1,0,0,0,0,1
BT,2025-05-29,1,1,0,0,0,1,1,1,0,0,0,0,1
BT,2025-05-30,1,1,0,0,0,1,1,1,0,0,0,0,1
BT,2025-06-04,0,1,0,1,1,1,1,1,1,0,0,0,1
BT,2025-06-05,1,1,0,1,1,1,1,1,0,0,0,0,1
BT,2025-06-11,1,1,0,1,1,1,1,1,1,0,0,0,1
BT,2025-06-12,1,1,0,1,1,1,1,1,1,0,0,0,1
BT,2025-06-13,1,1,0,1,1,1,0,1,1,0,0,0,1
BT,2025-06-18,1,1,0,1,1,1,1,1,1,0,0,0,1
BT,2025-06-19,1,1,0,1,1,1,1,1,1,1,0,0,1
BT,2025-06-25,1,1,0,1,1,1,1,1,1,0,0,0,1
BT,2025-06-27,1,1,0,1,1,1,1,1,1,1,0,0,1
BT,2025-07-02,1,1,0,1,1,1,1,1,1,1,0,0,1
BT,2025-07-03,1,1,0,1,1,1,1,1,1,0,0,0,1
BT,2025-07-04,0,1,0,1,1,1,1,1,1,0,0,0,1
BT,2025-07-09,0,1,0,1,1,1,1,1,1,0,0,0,1
BT,2025-07-10,0,1,0,1,1,1,1,1,1,0,0,0,1
BT,2025-07-11,1,1,0,1,1,1,1,1,1,0,0,0,1
BT,2025-07-16,0,1,0,1,1,1,1,1,1,0,0,0,1
BT,2025-07-17,0,1,0,1,1,1,1,1,1,0,0,0,1
BT,2025-07-18,0,1,0,1,1,1,1,1,1,0,0,0,1
BT,2025-07-23,0,1,0,1,1,1,1,1,1,0,0,0,1
BT,2025-07-24,1,1,0,1,1,1,1,1,1,0,0,0,1
BT,2025-07-30,0,1,0,1,1,0,1,1,1,0,0,0,1
BT,2025-07-31,0,1,0,1,1,0,0,0,1,0,0,0,1
BT,2025-08-01,0,1,0,1,1,0,0,0,1,0,0,0,1
BT,2025-08-06,1,1,0,0,0,1,0,1,1,1,0,0,1
BT,2025-08-08,1,1,0,0,0,1,1,0,1,1,0,0,1
BT,2025-08-14,0,1,0,0,1,1,1,1,1,0,0,0,1
BT,2025-08-15,0,1,0,0,0,1,1,1,1,0,0,0,1
BT,2025-08-20,0,1,0,1,1,1,1,1,1,0,0,0,1
BT,2025-08-21,0,1,0,1,1,1,1,1,1,0,0,0,1
BT,2025-08-22,0,1,0,1,1,1,1,1,1,0,0,0,1
BT,2025-08-27,0,1,0,0,0,1,1,1,1,1,0,0,1
BT,2025-08-28,0,1,0,0,0,1,1,1,1,0,0,0,1
BT,2025-09-03,1,1,0,0,0,1,1,1,1,0,0,0,1
BT,2025-09-05,1,1,0,0,0,1,1,1,0,0,0,0,1
BT,2025-09-10,1,1,0,0,0,1,1,1,0,0,0,0,1
BT,2025-09-11,1,1,0,0,1,0,1,0,0,0,0,0,1
BT,2025-09-17,1,1,0,1,1,1,1,1,1,0,0,0,1
BT,2025-09-18,1,1,0,1,1,1,1,1,1,0,0,0,1
BT,2025-09-19,1,1,0,1,1,1,1,1,1,0,0,0,1
BT,2025-09-24,1,1,0,1,1,1,1,1,1,0,0,0,1
BT,2025-09-25,1,1,0,1,1,1,1,1,1,0,0,0,1
BT,2025-09-26,1,1,0,1,1,1,1,1,1,0,0,0,1
BT,2025-10-01,1,1,0,1,1,0,1,1,1,0,0,0,1
BT,2025-10-02,1,1,0,1,1,1,1,0,1,0,0,0,1
BT,2025-10-03,1,1,0,1,1,1,1,1,1,0,0,0,1
BT,2025-10-08,1,1,0,1,1,1,1,1,1,0,0,0,1
BT,2025-10-10,0,1,0,1,1,1,1,1,1,0,0,0,1
BT,2025-10-16,1,1,0,1,1,1,1,1,1,0,0,0,1
BT,2025-10-17,1,1,0,1,1,1,1,1,1,0,0,0,1
BT,2025-10-22,1,1,0,1,1,1,1,1,1,0,0,0,1
BT,2025-10-23,0,1,0,1,1,1,1,1,0,0,0,0,1
BT,2025-10-24,0,1,0,1,1,0,1,1,1,0,0,0,1
BT,2025-10-29,1,1,0,1,1,1,0,1,1,0,0,0,1
BT,2025-10-30,1,1,0,1,1,0,1,1,1,0,0,0,1
BT,2025-10-31,1,1,0,1,1,1,0,0,0,0,0,0,1
BT,2025-11-05,1,1,0,1,1,1,0,0,1,1,0,0,1
BT,2025-11-06,1,1,0,1,1,1,0,0,1,0,0,0,1
BT,2025-11-07,1,1,0,1,1,1,0,1,1,1,0,0,1
BT,2025-11-12,1,1,0,1,1,1,0,1,1,1,0,0,1
BT,2025-11-13,1,1,0,1,1,1,0,1,1,1,0,0,1
BT,2025-11-19,0,1,0,1,1,0,0,0,1,1,0,0,1
BT,2025-11-20,0,1,0,1,1,1,0,1,1,1,0,0,1
BT,2025-11-21,0,1,0,1,1,1,0,1,1,1,0,0,1
BT,2025-11-26,0,1,0,1,1,1,0,1,1,1,0,0,0
BT,2025-11-27,0,1,0,1,1,1,0,1,1,1,0,0,0
BT,2025-11-28,0,1,0,1,1,1,0,0,1,1,0,0,0
BT,2025-12-03,0,1,0,1,1,1,1,1,1,1,0,0,0
BT,2025-12-04,0,1,0,1,0,1,1,1,1,1,0,0,0
CARTHAGE CEMENT,2025-01-22,0,1,0,1,1,0,0,0,0,0,0,0,0
CARTHAGE CEMENT,2025-01-23,1,1,0,1,1,1,0,0,0,0,0,0,0
CARTHAGE CEMENT,2025-01-24,1,1,0,1,1,1,0,0,0,0,0,0,0
CARTHAGE CEMENT,2025-01-29,1,1,0,1,1,0,0,0,0,0,0,0,0
CARTHAGE CEMENT,2025-01-30,0,1,0,1,1,0,0,0,0,0,0,0,0
CARTHAGE CEMENT,2025-02-05,1,1,0,1,1,0,0,0,0,0,0,0,1
CARTHAGE CEMENT,2025-02-06,0,1,0,1,1,0,0,0,0,0,0,0,1
CARTHAGE CEMENT,2025-02-07,0,1,0,1,1,0,0,0,0,0,0,0,1
CARTHAGE CEMENT,2025-02-12,0,1,0,1,0,0,0,0,0,0,0,0,1
CARTHAGE CEMENT,2025-02-13,0,1,0,0,0,0,0,0,0,0,0,0,1
CARTHAGE CEMENT,2025-02-14,0,1,0,0,1,0,0,0,0,0,0,0,1
CARTHAGE CEMENT,2025-02-19,0,1,0,1,0,1,0,1,0,0,0,0,1
CARTHAGE CEMENT,2025-02-20,0,1,0,1,0,0,0,0,0,0,0,0,1
CARTHAGE CEMENT,2025-02-21,0,1,0,0,0,0,0,0,0,0,0,0,1
CARTHAGE CEMENT,2025-02-26,0,1,0,0,0,0,0,0,0,0,0,0,1
CARTHAGE CEMENT,2025-02-27,0,1,0,0,0,0,0,1,0,0,0,0,1
CARTHAGE CEMENT,2025-02-28,0,1,0,0,0,0,0,1,0,0,0,0,0
CARTHAGE CEMENT,2025-03-05,0,1,0,0,0,0,0,0,0,0,0,0,0
CARTHAGE CEMENT,2025-03-06,0,1,0,0,1,0,0,0,0,0,0,0,0
CARTHAGE CEMENT,2025-03-07,0,1,0,0,0,0,0,0,0,0,0,0,0
CARTHAGE CEMENT,2025-03-12,0,1,0,0,0,0,0,0,0,0,0,0,0
CARTHAGE CEMENT,2025-03-13,0,1,0,0,0,0,0,0,0,0,0,0,0
CARTHAGE CEMENT,2025-03-19,1,1,0,0,0,0,0,0,0,1,0,0,0
CARTHAGE CEMENT,2025-03-21,0,1,0,0,0,0,0,0,0,0,0,0,0
CARTHAGE CEMENT,2025-03-27,0,1,0,0,0,0,0,0,0,0,0,0,0
CARTHAGE CEMENT,2025-03-28,0,1,0,0,0,0,0,0,0,0,0,0,0
CARTHAGE CEMENT,2025-04-02,0,1,0,0,0,0,0,0,0,0,0,0,0
CARTHAGE CEMENT,2025-04-04,1,1,0,0,0,0,0,0,0,0,0,0,0
CARTHAGE CEMENT,2025-04-10,0,1,0,0,0,0,0,0,1,1,0,0,0
CARTHAGE CEMENT,2025-04-11,1,1,0,0,0,0,0,0,1,1,0,0,0
CARTHAGE CEMENT,2025-04-16,0,1,0,0,1,0,0,0,0,0,0,0,0
CARTHAGE CEMENT,2025-04-17,0,1,0,0,0,0,0,1,0,1,0,0,0
CARTHAGE CEMENT,2025-04-18,0,1,0,0,0,0,0,1,0,0,0,0,0
CARTHAGE CEMENT,2025-04-23,0,1,0,0,0,1,0,0,0,0,0,0,0
CARTHAGE CEMENT,2025-04-24,0,1,0,0,0,1,0,1,0,0,0,0,0
CARTHAGE CEMENT,2025-05-02,1,1,0,0,0,1,0,1,1,1,0,0,0
CARTHAGE CEMENT,2025-05-07,1,1,0,0,0,0,0,0,0,0,0,0,0
CARTHAGE CEMENT,2025-05-08,1,1,0,0,0,1,0,0,0,1,0,0,0
CARTHAGE CEMENT,2025-05-14,1,1,0,0,1,1,0,0,0,0,0,0,0
CARTHAGE CEMENT,2025-05-15,0,1,0,0,1,1,0,0,0,0,0,0,0
CARTHAGE CEMENT,2025-05-16,0,1,0,1,1,0,0,0,0,0,0,0,0
CARTHAGE CEMENT,2025-05-21,0,1,0,1,0,1,0,1,1,1,0,0,0
CARTHAGE CEMENT,2025-05-22,0,1,0,1,1,0,0,0,0,0,0,0,0
CARTHAGE CEMENT,2025-05-23,0,1,0,1,1,0,0,0,0,0,0,0,0
CARTHAGE CEMENT,2025-05-28,0,1,0,1,1,0,0,0,0,0,0,0,0
CARTHAGE CEMENT,2025-05-29,0,1,0,1,0,0,0,0,0,0,0,0,0
CARTHAGE CEMENT,2025-05-30,0,1,0,1,0,1,0,1,1,1,0,0,0
CARTHAGE CEMENT,2025-06-04,0,1,0,0,0,1,0,1,1,0,0,0,0
CARTHAGE CEMENT,2025-06-05,0,1,0,0,0,0,0,0,0,0,0,0,0
CARTHAGE CEMENT,2025-06-11,0,1,0,0,0,0,0,0,0,0,0,0,0
CARTHAGE CEMENT,2025-06-12,0,1,0,0,0,0,0,0,0,0,0,0,0
CARTHAGE CEMENT,2025-06-13,0,1,0,0,0,0,0,0,0,0,0,0,1
CARTHAGE CEMENT,2025-06-18,1,1,0,0,0,0,0,0,0,0,0,0,0
CARTHAGE CEMENT,2025-06-19,1,1,0,0,0,0,0,0,0,0,0,0,0
CARTHAGE CEMENT,2025-06-25,0,1,0,0,1,0,0,0,0,0,0,0,0
CARTHAGE CEMENT,2025-06-27,0,1,0,0,0,0,0,0,0,0,0,0,0
CARTHAGE CEMENT,2025-07-02,0,1,0,1,1,0,0,0,0,0,0,0,0
CARTHAGE CEMENT,2025-07-03,0,1,0,1,1,0,0,0,0,0,0,0,0
CARTHAGE CEMENT,2025-07-04,0,1,0,1,1,0,0,0,0,0,0,0,0
CARTHAGE CEMENT,2025-07-09,0,1,0,1,1,1,0,0,0,0,0,0,0
CARTHAGE CEMENT,2025-07-10,0,1,0,1,1,0,0,0,0,0,0,0,1
CARTHAGE CEMENT,2025-07-11,0,1,0,1,1,1,0,0,0,0,0,0,1
CARTHAGE CEMENT,2025-07-16,0,1,0,1,0,0,0,0,0,0,0,0,1
CARTHAGE CEMENT,2025-07-17,0,1,0,1,1,0,0,0,0,0,0,0,1
CARTHAGE CEMENT,2025-07-18,0,1,0,1,0,1,0,1,0,1,0,0,1
CARTHAGE CEMENT,2025-07-23,0,1,0,1,0,1,0,0,0,0,0,0,1
CARTHAGE CEMENT,2025-07-24,0,1,0,0,0,0,0,0,0,0,0,0,1
CARTHAGE CEMENT,2025-07-30,1,1,0,0,0,0,0,1,1,1,0,0,1
CARTHAGE CEMENT,2025-07-31,1,1,0,0,0,1,0,1,1,0,0,0,1
CARTHAGE CEMENT,2025-08-01,1,1,0,0,0,0,0,0,0,0,0,0,1
CARTHAGE CEMENT,2025-08-06,0,1,0,0,0,0,0,0,0,0,0,0,1
CARTHAGE CEMENT,2025-08-08,0,1,0,0,0,0,0,0,0,0,0,0,1
CARTHAGE CEMENT,2025-08-14,0,1,0,0,0,0,0,1,1,1,0,0,1
CARTHAGE CEMENT,2025-08-15,0,1,0,0,0,0,0,0,0,0,0,0,1
CARTHAGE CEMENT,2025-08-20,1,1,0,0,0,1,1,1,1,1,0,0,1
CARTHAGE CEMENT,2025-08-21,0,1,0,0,0,0,0,0,1,0,0,0,1
CARTHAGE CEMENT,2025-08-22,0,1,0,0,0,1,0,0,0,0,0,0,1
CARTHAGE CEMENT,2025-08-27,0,1,0,0,0,0,0,0,0,0,0,0,1
CARTHAGE CEMENT,2025-08-28,0,1,0,0,0,0,0,0,0,0,0,0,1
CARTHAGE CEMENT,2025-09-03,1,1,0,0,0,0,0,1,1,0,0,0,1
CARTHAGE CEMENT,2025-09-05,1,1,0,0,0,0,0,0,0,0,0,0,1
CARTHAGE CEMENT,2025-09-10,1,1,0,0,0,0,0,0,0,0,0,0,1
CARTHAGE CEMENT,2025-09-11,1,1,0,0,0,0,0,0,0,0,0,0,1
CARTHAGE CEMENT,2025-09-17,1,1,0,1,0,0,0,0,1,1,0,0,0
CARTHAGE CEMENT,2025-09-18,0,1,0,1,1,0,0,0,1,0,0,0,0
CARTHAGE CEMENT,2025-09-19,1,1,0,1,0,1,0,1,1,1,0,0,0
CARTHAGE CEMENT,2025-09-24,0,1,0,0,1,0,0,0,1,1,0,0,0
CARTHAGE CEMENT,2025-09-25,0,1,0,1,1,1,0,0,0,1,0,0,0
CARTHAGE CEMENT,2025-09-26,1,1,0,1,1,0,0,0,0,0,0,0,0
CARTHAGE CEMENT,2025-10-01,1,1,0,1,0,1,0,1,1,1,0,0,0
CARTHAGE CEMENT,2025-10-02,1,1,0,0,0,1,0,1,1,1,0,0,0
CARTHAGE CEMENT,2025-10-03,1,1,0,0,0,1,0,1,1,1,0,0,0
CARTHAGE CEMENT,2025-10-08,0,1,0,0,1,1,0,1,0,0,0,0,1
CARTHAGE CEMENT,2025-10-10,0,1,0,1,1,1,0,1,0,0,0,0,1
CARTHAGE CEMENT,2025-10-16,0,1,0,0,0,0,0,0,0,0,0,0,1
CARTHAGE CEMENT,2025-10-17,0,1,0,0,0,0,0,0,0,0,0,0,1
CARTHAGE CEMENT,2025-10-22,0,1,0,0,0,1,1,1,1,1,0,0,1
CARTHAGE CEMENT,2025-10-23,0,1,0,0,0,1,0,1,1,1,0,0,1
CARTHAGE CEMENT,2025-10-24,0,1,0,0,0,0,0,0,0,0,0,0,1
CARTHAGE CEMENT,2025-10-29,0,1,0,0,0,1,0,1,0,0,0,0,1
CARTHAGE CEMENT,2025-10-30,0,1,0,0,0,1,0,1,0,1,0,0,1
CARTHAGE CEMENT,2025-10-31,0,1,0,0,0,1,0,1,1,1,0,0,1
CARTHAGE CEMENT,2025-11-05,1,1,0,0,0,0,0,0,0,1,0,0,1
CARTHAGE CEMENT,2025-11-06,1,1,0,0,0,0,0,0,0,0,0,0,1
CARTHAGE CEMENT,2025-11-07,0,1,0,0,0,0,0,0,0,0,0,0,1
CARTHAGE CEMENT,2025-11-12,1,1,0,0,0,1,0,0,0,0,0,0,1
CARTHAGE CEMENT,2025-11-13,0,1,0,0,1,1,0,0,0,0,0,0,1
CARTHAGE CEMENT,2025-11-19,1,1,0,0,0,1,0,0,0,1,0,0,0
CARTHAGE CEMENT,2025-11-20,1,1,0,0,0,1,0,0,1,1,0,0,1
CARTHAGE CEMENT,2025-11-21,0,1,0,0,1,0,0,0,0,0,0,0,1
CARTHAGE CEMENT,2025-11-26,1,1,0,1,1,0,0,0,0,0,0,0,0
CARTHAGE CEMENT,2025-11-27,0,1,0,1,0,0,0,0,0,0,0,0,1
CARTHAGE CEMENT,2025-11-28,1,1,0,0,1,0,0,0,0,0,0,0,1
CARTHAGE CEMENT,2025-12-03,1,1,0,1,1,1,0,1,0,1,0,0,1
CARTHAGE CEMENT,2025-12-04,1,1,0,1,1,1,0,0,0,1,0,0,1
CELLCOM,2025-02-05,1,1,0,0,0,0,0,1,1,1,0,0,0
CELLCOM,2025-02-06,0,1,0,0,0,0,0,1,1,0,0,0,0
CELLCOM,2025-02-07,0,1,0,0,0,1,0,1,1,0,0,0,0
CELLCOM,2025-02-12,1,1,0,0,0,0,0,1,1,0,0,0,0
CELLCOM,2025-02-13,1,1,0,0,0,1,0,1,1,0,0,0,0
CELLCOM,2025-02-14,1,1,0,0,0,1,0,1,1,0,0,0,0
CELLCOM,2025-02-19,1,1,0,0,0,1,0,1,1,0,0,0,0
CELLCOM,2025-02-20,1,1,0,0,0,1,1,0,0,0,0,0,0
CELLCOM,2025-02-21,0,1,0,0,1,1,0,0,0,0,0,0,0
CELLCOM,2025-02-26,1,1,0,1,0,0,0,1,1,0,0,0,0
CELLCOM,2025-02-27,1,1,0,1,0,0,0,0,1,0,0,0,0
CELLCOM,2025-02-28,1,1,0,1,1,1,0,0,0,0,0,0,0
CELLCOM,2025-03-05,0,1,0,1,1,1,1,1,0,0,0,0,0
CELLCOM,2025-03-06,0,1,0,1,0,1,0,1,1,0,0,0,0
CELLCOM,2025-03-07,0,1,0,1,1,0,0,0,0,0,0,0,0
CELLCOM,2025-03-12,0,1,0,1,1,0,0,0,0,0,0,0,0
CELLCOM,2025-03-13,0,1,0,1,0,0,0,1,1,0,0,0,0
CELLCOM,2025-03-19,1,1,0,0,0,1,0,1,1,0,0,0,0
CELLCOM,2025-03-21,1,1,0,0,0,1,0,1,1,0,0,0,0
CELLCOM,2025-03-27,1,1,0,0,0,0,0,0,1,0,0,0,0
CELLCOM,2025-03-28,0,1,0,0,1,0,0,0,1,0,0,0,0
CELLCOM,2025-04-02,0,1,0,1,1,0,0,0,1,0,0,0,0
CELLCOM,2025-04-04,0,1,0,1,1,1,0,0,1,0,0,0,0
CELLCOM,2025-04-10,0,1,0,1,1,0,0,0,1,0,0,0,0
CELLCOM,2025-04-11,0,1,0,1,0,1,0,1,1,0,0,0,0
CELLCOM,2025-04-16,0,1,0,0,0,0,0,1,1,1,0,0,0
CELLCOM,2025-04-17,1,1,0,0,0,0,0,1,1,1,0,0,0
CELLCOM,2025-04-18,1,1,0,0,0,0,0,1,1,0,0,0,0
CELLCOM,2025-04-23,1,1,0,0,0,0,0,1,1,0,0,0,0
CELLCOM,2025-04-24,0,1,0,0,0,0,0,0,0,0,0,0,0
CELLCOM,2025-05-02,0,1,0,0,0,1,0,1,1,0,0,0,0
CELLCOM,2025-05-07,1,1,0,0,0,1,0,1,1,0,0,0,0
CELLCOM,2025-05-08,1,1,0,0,0,1,0,0,1,0,0,0,0
CELLCOM,2025-05-14,1,1,0,1,1,0,0,0,1,0,0,0,0
CELLCOM,2025-05-15,0,1,0,1,1,0,0,0,0,0,0,0,0
CELLCOM,2025-05-16,0,1,0,1,1,0,0,0,0,0,0,0,0
CELLCOM,2025-05-21,0,1,0,1,1,0,0,0,0,0,0,0,0
CELLCOM,2025-05-22,0,1,0,1,1,1,0,0,0,0,0,0,0
CELLCOM,2025-05-23,0,1,0,1,1,0,0,0,0,0,0,0,0
CELLCOM,2025-05-28,1,1,0,1,1,1,0,0,0,0,0,0,0
CELLCOM,2025-05-29,1,1,0,1,1,0,0,0,0,0,0,0,0
CELLCOM,2025-05-30,0,1,0,1,1,1,0,0,0,0,0,0,0
CELLCOM,2025-06-04,0,1,0,1,0,1,0,0,0,0,0,0,0
CELLCOM,2025-06-05,0,1,0,1,1,1,0,0,0,0,0,0,0
CELLCOM,2025-06-11,0,1,0,1,1,0,0,0,0,0,0,0,1
CELLCOM,2025-06-12,1,1,0,0,0,1,0,0,1,1,0,0,1
CELLCOM,2025-06-13,1,1,0,0,0,1,0,0,1,0,0,0,1
CELLCOM,2025-06-18,1,1,0,0,0,1,0,1,0,0,0,0,0
CELLCOM,2025-06-19,0,1,0,0,1,1,0,0,0,0,0,0,0
CELLCOM,2025-06-25,0,1,0,1,1,1,0,1,1,1,0,0,0
CELLCOM,2025-06-27,0,1,0,1,1,1,0,0,1,0,0,0,0
CELLCOM,2025-07-02,1,1,0,1,1,1,0,0,0,0,0,0,0
CELLCOM,2025-07-03,1,1,0,1,1,1,0,0,0,0,0,0,0
CELLCOM,2025-07-04,1,1,0,1,0,1,1,1,1,1,0,0,0
CELLCOM,2025-07-09,1,1,0,1,1,1,0,1,1,1,0,0,0
CELLCOM,2025-07-10,0,1,0,1,1,1,0,0,1,0,0,0,0
CELLCOM,2025-07-11,0,1,0,1,1,1,0,0,1,0,0,0,0
CELLCOM,2025-07-16,1,1,0,1,0,1,0,1,1,0,0,0,0
CELLCOM,2025-07-17,0,1,0,1,1,1,0,0,1,0,0,0,0
CELLCOM,2025-07-18,0,1,0,1,1,1,0,0,0,0,0,0,0
CELLCOM,2025-07-23,1,1,0,0,0,1,1,1,1,0,0,0,0
CELLCOM,2025-07-24,1,1,0,0,1,1,0,0,1,0,0,0,0
CELLCOM,2025-07-30,1,1,0,0,0,1,0,1,1,0,0,0,0
CELLCOM,2025-07-31,1,1,0,0,0,1,0,0,1,0,0,0,0
CELLCOM,2025-08-01,0,1,0,0,1,1,0,0,0,0,0,0,0
CELLCOM,2025-08-06,1,1,0,0,0,1,1,1,1,1,0,0,0
CELLCOM,2025-08-08,0,1,0,0,0,1,1,1,1,0,0,0,0
CELLCOM,2025-08-14,1,1,0,0,0,1,0,0,1,0,0,0,0
CELLCOM,2025-08-15,0,1,0,0,1,1,0,0,1,0,0,0,0
CELLCOM,2025-08-20,1,1,0,0,0,1,0,0,1,0,0,0,0
CELLCOM,2025-08-21,1,1,0,0,0,1,0,0,0,0,0,0,0
CELLCOM,2025-08-22,1,1,0,0,0,1,0,0,0,0,0,0,0
CELLCOM,2025-08-27,1,1,0,1,1,1,0,0,0,0,0,0,0
CELLCOM,2025-08-28,0,1,0,1,1,1,0,0,0,0,0,0,0
CELLCOM,2025-09-03,1,1,0,1,1,1,0,0,0,0,0,0,1
CELLCOM,2025-09-05,1,1,0,1,1,1,0,0,0,0,0,0,1
CELLCOM,2025-09-10,1,1,0,1,1,1,0,0,0,0,0,0,0
CELLCOM,2025-09-11,1,1,0,1,1,1,0,0,0,0,0,0,0
CELLCOM,2025-09-17,0,1,0,1,1,1,0,0,0,1,0,0,0
CELLCOM,2025-09-18,0,1,0,1,1,1,0,1,0,1,0,0,0
CELLCOM,2025-09-19,0,1,0,1,1,1,0,1,1,1,0,0,0
CELLCOM,2025-09-24,0,1,0,1,1,1,0,1,1,1,0,0,0
CELLCOM,2025-09-25,0,1,0,1,1,1,0,1,1,1,0,0,0
CELLCOM,2025-09-26,0,1,0,1,1,1,0,0,1,0,0,0,0
CELLCOM,2025-10-01,0,1,0,1,0,1,0,0,1,0,0,0,0
CELLCOM,2025-10-02,0,1,0,1,0,1,0,0,0,0,0,0,0
CELLCOM,2025-10-03,0,1,0,0,0,1,0,0,0,0,0,0,0
CELLCOM,2025-10-08,0,1,0,0,0,1,0,1,1,0,0,0,0
CELLCOM,2025-10-10,1,1,0,0,0,1,0,1,1,0,0,0,0
CELLCOM,2025-10-16,1,1,0,0,0,0,0,1,1,1,0,0,0
CELLCOM,2025-10-17,0,1,0,0,0,1,0,0,0,0,0,0,0
CELLCOM,2025-10-22,0,1,0,0,1,1,0,0,0,0,0,0,0
CELLCOM,2025-10-23,0,1,0,1,1,0,0,0,0,0,0,0,0
CELLCOM,2025-10-24,0,1,0,1,1,0,0,0,0,0,0,0,0
CELLCOM,2025-10-29,0,1,0,0,0,0,0,1,0,0,0,0,0
CELLCOM,2025-10-30,1,1,0,0,0,1,0,1,1,1,0,0,0
CELLCOM,2025-10-31,1,1,0,0,0,0,0,1,1,1,0,0,0
CELLCOM,2025-11-05,1,1,0,0,0,1,0,0,0,0,0,0,0
CELLCOM,2025-11-06,1,1,0,0,0,1,0,1,1,1,0,0,0
CELLCOM,2025-11-07,1,1,0,0,0,1,0,1,1,1,0,0,0
CELLCOM,2025-11-12,1,1,0,0,1,1,0,0,0,0,0,0,0
CELLCOM,2025-11-13,1,1,0,1,1,1,0,0,1,1,0,0,0
CELLCOM,2025-11-19,1,1,0,1,1,1,0,1,1,1,0,0,0
CELLCOM,2025-11-20,0,1,0,1,1,1,1,1,1,1,0,0,0
CELLCOM,2025-11-21,1,1,0,1,1,1,0,1,1,1,0,0,0
CELLCOM,2025-11-26,1,1,0,1,1,1,0,1,1,1,0,0,0
CELLCOM,2025-11-27,1,1,0,1,1,1,0,1,0,1,0,0,0
CELLCOM,2025-11-28,1,1,0,1,1,1,0,0,0,0,0,0,0
CELLCOM,2025-12-03,1,1,0,1,1,1,0,0,0,0,0,0,0
CELLCOM,2025-12-04,1,1,0,1,1,1,0,0,0,0,0,0,0
CIL,2025-02-05,1,1,0,1,1,0,0,0,0,0,1,1,0
CIL,2025-02-06,0,1,0,0,1,0,0,0,0,0,1,1,0
CIL,2025-02-07,0,1,0,1,1,1,0,0,0,0,1,1,0
CIL,2025-02-12,1,1,0,1,1,0,0,0,0,0,1,1,0
CIL,2025-02-13,1,1,0,1,1,1,0,0,0,0,1,1,0
CIL,2025-02-14,1,1,0,1,1,1,0,0,0,0,1,1,1
CIL,2025-02-19,1,1,0,1,1,1,0,0,0,0,1,1,1
CIL,2025-02-20,1,1,0,1,1,0,0,0,0,0,1,1,1
CIL,2025-02-21,1,1,0,1,1,0,0,0,0,0,1,1,1
CIL,2025-02-26,1,1,0,1,1,0,0,0,0,0,1,1,1
CIL,2025-02-27,1,1,0,1,1,1,0,0,0,0,1,1,1
CIL,2025-02-28,0,1,0,1,1,1,0,0,0,0,1,1,1
CIL,2025-03-05,0,1,0,1,1,0,0,0,0,0,1,1,1
CIL,2025-03-06,0,1,0,1,1,1,0,0,0,0,1,1,1
CIL,2025-03-07,0,1,0,1,1,1,0,0,0,0,1,1,1
CIL,2025-03-12,0,1,0,1,1,0,0,0,0,0,1,1,1
CIL,2025-03-13,0,1,0,1,1,0,0,0,0,0,1,1,1
CIL,2025-03-19,0,1,0,1,1,0,0,0,0,0,1,1,1
CIL,2025-03-21,0,1,0,0,0,1,0,0,0,0,1,1,1
CIL,2025-03-27,0,1,0,0,0,0,0,0,0,0,1,1,1
CIL,2025-03-28,0,1,0,0,1,0,0,0,0,0,1,1,1
CIL,2025-04-02,0,1,0,0,0,0,0,0,0,0,1,1,1
CIL,2025-04-04,0,1,0,0,1,0,0,0,0,0,1,1,1
CIL,2025-04-10,1,1,0,0,0,0,0,0,0,0,1,1,1
CIL,2025-04-11,0,1,0,0,0,0,0,0,0,0,1,1,1
CIL,2025-04-16,0,1,0,0,1,0,0,0,0,0,1,1,1
CIL,2025-04-17,0,1,0,1,1,0,0,0,0,0,1,1,1
CIL,2025-04-18,0,1,0,1,0,0,1,0,0,0,1,1,1
CIL,2025-04-23,0,1,0,1,1,0,0,0,0,0,1,1,0
CIL,2025-04-24,0,1,0,1,1,0,0,0,0,0,1,1,0
CIL,2025-05-02,0,1,0,0,0,1,0,0,0,0,1,1,1
CIL,2025-05-07,1,1,0,0,0,1,0,0,0,0,1,1,1
CIL,2025-05-08,1,1,0,0,0,1,0,0,0,0,1,1,1
CIL,2025-05-14,1,1,0,0,0,0,0,0,0,0,1,1,0
CIL,2025-05-15,1,1,0,0,0,0,0,0,0,0,1,1,0
CIL,2025-05-16,0,1,0,0,0,0,0,0,0,0,1,1,0
CIL,2025-05-21,1,1,0,0,0,0,1,0,0,0,1,1,0
CIL,2025-05-22,1,1,0,0,1,0,0,0,0,0,1,1,0
CIL,2025-05-23,1,1,0,1,1,0,0,0,0,0,1,1,0
CIL,2025-05-28,1,1,0,1,0,0,0,0,0,0,1,1,0
CIL,2025-05-29,0,1,0,1,1,1,0,0,0,0,1,1,1
CIL,2025-05-30,0,1,0,1,1,0,0,0,0,0,1,1,1
CIL,2025-06-04,0,1,0,1,0,1,0,0,0,0,1,1,1
CIL,2025-06-05,1,1,0,1,1,1,0,0,0,0,1,1,1
CIL,2025-06-11,0,1,0,1,1,0,0,0,0,0,1,1,1
CIL,2025-06-12,1,1,0,1,0,0,0,0,0,0,1,1,1
CIL,2025-06-13,0,1,0,0,1,0,0,0,0,0,1,1,1
CIL,2025-06-18,0,1,0,0,1,0,0,0,0,0,1,1,1
CIL,2025-06-19,0,1,0,1,1,0,0,0,0,0,1,1,1
CIL,2025-06-25,0,1,0,0,0,0,0,0,0,0,1,1,1
CIL,2025-06-27,1,1,0,0,1,0,0,0,0,0,1,1,1
CIL,2025-07-02,1,1,0,0,1,0,0,0,0,0,1,1,1
CIL,2025-07-03,1,1,0,1,1,0,0,0,0,0,1,1,0
CIL,2025-07-04,1,1,0,1,1,0,0,0,0,0,1,1,0
CIL,2025-07-09,0,1,0,1,1,0,0,0,0,0,1,1,1
CIL,2025-07-10,0,1,0,1,1,0,0,0,0,0,1,1,1
CIL,2025-07-11,0,1,0,1,1,0,1,0,0,0,1,1,1
CIL,2025-07-16,0,1,0,1,1,0,0,0,0,0,1,1,1
CIL,2025-07-17,0,1,0,1,1,0,0,0,0,0,1,1,1
CIL,2025-07-18,1,1,0,1,1,0,1,0,0,0,1,1,1
CIL,2025-07-23,1,1,0,1,1,0,1,0,0,0,1,1,1
CIL,2025-07-24,1,1,0,1,1,0,1,0,0,0,1,1,1
CIL,2025-07-30,0,1,0,1,1,0,1,0,0,0,1,1,1
CIL,2025-07-31,1,1,0,1,0,0,1,0,0,0,1,1,1
CIL,2025-08-01,1,1,0,1,0,0,1,0,0,0,1,1,1
CIL,2025-08-06,0,1,0,0,0,0,1,0,0,0,1,1,1
CIL,2025-08-08,1,1,0,1,0,0,0,0,0,0,1,1,1
CIL,2025-08-14,1,1,0,0,0,0,1,0,0,0,1,1,1
CIL,2025-08-15,1,1,0,1,0,0,1,0,0,0,1,1,1
CIL,2025-08-20,1,1,0,0,1,0,0,0,0,0,1,1,1
CIL,2025-08-21,1,1,0,0,0,0,0,0,0,0,1,1,1
CIL,2025-08-22,1,1,0,1,1,0,0,0,0,0,1,1,1
CIL,2025-08-27,1,1,0,1,1,0,0,0,0,0,1,1,1
CIL,2025-08-28,1,1,0,1,1,0,0,0,0,0,1,1,1
CIL,2025-09-03,0,1,0,1,1,0,0,0,0,0,1,1,1
CIL,2025-09-05,1,1,0,1,1,0,0,0,0,0,1,1,1
CIL,2025-09-10,1,1,0,1,0,1,0,0,0,0,1,1,1
CIL,2025-09-11,0,1,0,1,1,0,0,0,0,0,1,1,1
CIL,2025-09-17,0,1,0,1,1,0,0,0,0,0,1,1,1
CIL,2025-09-18,0,1,0,1,1,0,0,0,0,0,1,1,1
CIL,2025-09-19,0,1,0,1,1,0,0,0,0,0,1,1,1
CIL,2025-09-24,0,1,0,1,1,0,0,0,0,0,1,1,1
CIL,2025-09-25,1,1,0,1,0,0,1,0,0,0,1,1,1
CIL,2025-09-26,0,1,0,0,1,0,0,0,0,0,1,1,1
CIL,2025-10-01,1,1,0,0,0,0,0,0,0,0,1,1,1
CIL,2025-10-02,1,1,0,0,0,1,0,0,0,0,1,1,1
CIL,2025-10-03,1,1,0,0,0,1,0,0,0,0,1,1,1
CIL,2025-10-08,1,1,0,0,0,0,0,0,0,0,1,1,1
CIL,2025-10-10,1,1,0,0,1,0,0,0,0,0,1,1,1
CIL,2025-10-16,0,1,0,1,1,0,0,0,0,0,1,1,1
CIL,2025-10-17,0,1,0,1,1,0,0,0,0,0,1,1,1
CIL,2025-10-22,0,1,0,1,1,0,0,0,0,0,1,1,1
CIL,2025-10-23,0,1,0,1,1,0,0,0,0,0,1,1,1
CIL,2025-10-24,0,1,0,1,1,0,0,0,0,0,1,1,1
CIL,2025-10-29,0,1,0,1,1,0,0,0,0,0,1,1,1
CIL,2025-10-30,1,1,0,1,0,0,0,0,0,0,1,1,1
CIL,2025-10-31,1,1,0,1,0,1,0,0,0,0,1,1,1
CIL,2025-11-05,1,1,0,0,0,0,0,0,0,0,1,1,1
CIL,2025-11-06,1,1,0,0,0,0,0,0,0,0,1,1,1
CIL,2025-11-07,1,1,0,0,0,0,0,0,0,0,1,1,1
CIL,2025-11-12,1,1,0,0,1,0,0,0,0,0,1,1,1
CIL,2025-11-13,1,1,0,1,1,0,0,0,0,0,1,1,1
CIL,2025-11-19,0,1,0,1,1,0,0,0,0,0,1,1,1
CIL,2025-11-20,0,1,0,1,1,0,0,0,0,0,1,1,1
CIL,2025-11-21,0,1,0,1,1,0,0,0,0,0,1,1,1
CIL,2025-11-26,0,1,0,1,1,0,0,0,0,0,1,1,1
CIL,2025-11-27,0,1,0,1,1,0,0,0,0,0,1,1,1
CIL,2025-11-28,1,1,0,1,1,0,0,0,0,0,1,1,1
CIL,2025-12-03,1,1,0,1,1,0,0,0,0,0,1,1,1
CIL,2025-12-04,1,1,0,1,1,0,0,0,0,0,1,1,1
CITY CARS,2025-01-22,1,1,0,1,1,0,0,1,1,0,0,1,1
CITY CARS,2025-01-23,1,1,0,1,1,0,1,1,0,0,0,1,1
CITY CARS,2025-01-24,1,1,0,1,1,0,0,1,1,1,0,1,1
CITY CARS,2025-01-29,1,1,0,1,1,1,0,1,1,1,0,1,1
CITY CARS,2025-01-30,1,1,0,1,1,0,0,0,1,0,0,1,1
CITY CARS,2025-02-05,1,1,0,1,1,0,0,1,1,0,0,1,1
CITY CARS,2025-02-06,1,1,0,1,1,0,0,0,1,0,0,1,1
CITY CARS,2025-02-07,1,1,0,1,1,0,0,1,1,1,0,1,1
CITY CARS,2025-02-12,1,1,0,1,1,0,0,0,1,0,0,1,1
CITY CARS,2025-02-13,1,1,0,1,1,0,0,1,1,0,0,1,1
CITY CARS,2025-02-14,1,1,0,1,1,0,0,1,1,1,0,1,1
CITY CARS,2025-02-19,0,1,0,1,1,0,0,1,1,0,0,1,1
CITY CARS,2025-02-20,1,1,0,1,1,0,0,0,1,0,0,1,1
CITY CARS,2025-02-21,1,1,0,1,1,0,0,1,1,0,0,1,1
CITY CARS,2025-02-26,1,1,0,1,1,0,0,1,1,0,1,1,1
CITY CARS,2025-02-27,1,1,0,1,1,0,0,1,1,1,1,1,1
CITY CARS,2025-02-28,1,1,0,1,1,0,0,0,0,0,1,1,1
CITY CARS,2025-03-05,1,1,0,1,1,0,0,1,0,0,1,1,1
CITY CARS,2025-03-06,1,1,0,1,1,0,0,1,1,1,1,1,1
CITY CARS,2025-03-07,1,1,0,1,1,0,0,1,1,0,1,1,1
CITY CARS,2025-03-12,1,1,0,1,1,0,0,0,1,0,1,1,1
CITY CARS,2025-03-13,1,1,0,1,1,0,1,1,1,0,1,1,1
CITY CARS,2025-03-19,1,1,0,1,1,0,1,1,1,0,1,1,1
CITY CARS,2025-03-21,1,1,0,1,1,0,1,1,1,0,1,1,1
CITY CARS,2025-03-27,1,1,0,1,1,0,1,0,1,0,1,1,1
CITY CARS,2025-03-28,1,1,0,1,1,1,1,1,1,0,1,1,1
CITY CARS,2025-04-02,1,1,0,1,1,0,1,1,1,0,1,1,1
CITY CARS,2025-04-04,0,1,0,1,1,0,1,1,1,0,1,1,1
CITY CARS,2025-04-10,0,1,0,1,1,0,1,0,0,0,1,1,1
CITY CARS,2025-04-11,0,1,0,1,1,1,0,0,1,1,1,1,1
CITY CARS,2025-04-16,1,1,0,1,1,0,0,0,0,1,1,1,1
CITY CARS,2025-04-17,0,1,0,1,1,0,0,0,0,1,1,1,1
CITY CARS,2025-04-18,1,1,0,1,0,0,0,1,1,1,1,1,1
CITY CARS,2025-04-23,0,1,0,1,1,0,0,0,0,0,1,1,1
CITY CARS,2025-04-24,0,1,0,1,1,0,0,0,0,0,1,1,1
CITY CARS,2025-05-02,1,1,0,0,0,0,0,1,1,1,1,1,1
CITY CARS,2025-05-07,1,1,0,0,0,0,0,0,1,1,1,1,1
CITY CARS,2025-05-08,1,1,0,0,0,0,0,0,1,1,1,1,1
CITY CARS,2025-05-14,1,1,0,0,0,0,0,0,0,0,1,1,1
CITY CARS,2025-05-15,1,1,0,0,0,0,0,0,1,0,1,1,1
CITY CARS,2025-05-16,0,1,0,0,1,0,0,0,1,0,1,1,1
CITY CARS,2025-05-21,0,1,0,1,1,0,0,0,1,0,1,1,1
CITY CARS,2025-05-22,0,1,0,1,1,0,0,0,1,0,1,1,1
CITY CARS,2025-05-23,0,1,0,1,1,0,0,0,1,0,1,1,1
CITY CARS,2025-05-28,0,1,0,1,1,0,0,0,0,0,1,1,1
CITY CARS,2025-05-29,0,1,0,1,1,0,0,0,0,0,1,1,1
CITY CARS,2025-05-30,0,1,0,1,1,0,0,0,0,0,1,1,1
CITY CARS,2025-06-04,0,1,0,1,1,0,0,0,0,0,1,1,1
CITY CARS,2025-06-05,0,1,0,1,0,1,0,0,0,1,1,1,1
CITY CARS,2025-06-11,1,1,0,0,0,0,0,0,0,0,1,1,1
CITY CARS,2025-06-12,1,1,0,0,0,0,0,0,0,0,1,1,1
CITY CARS,2025-06-13,1,1,0,0,0,0,0,0,0,0,1,1,1
CITY CARS,2025-06-18,1,1,0,0,0,0,0,0,0,0,1,1,1
CITY CARS,2025-06-19,1,1,0,0,0,0,0,0,0,0,1,1,1
CITY CARS,2025-06-25,0,1,0,1,1,0,0,0,0,0,1,1,1
CITY CARS,2025-06-27,0,1,0,1,1,0,0,0,0,0,1,1,1
CITY CARS,2025-07-02,0,1,0,1,1,0,0,0,0,0,1,1,1
CITY CARS,2025-07-03,0,1,0,1,1,0,0,0,0,0,1,1,1
CITY CARS,2025-07-04,0,1,0,1,0,1,0,0,1,1,1,1,1
CITY CARS,2025-07-09,0,1,0,0,0,0,0,0,0,0,1,1,1
CITY CARS,2025-07-10,0,1,0,0,0,0,0,0,0,1,1,1,1
CITY CARS,2025-07-11,1,1,0,0,0,0,0,0,0,0,1,1,1
CITY CARS,2025-07-16,1,1,0,0,0,0,0,0,0,0,1,1,1
CITY CARS,2025-07-17,1,1,0,0,0,0,0,0,0,0,1,1,1
CITY CARS,2025-07-18,1,1,0,0,0,0,0,0,0,0,1,1,1
CITY CARS,2025-07-23,1,1,0,0,0,0,0,0,0,0,1,1,1
CITY CARS,2025-07-24,1,1,0,0,0,0,0,0,0,0,1,1,1
CITY CARS,2025-07-30,0,1,0,1,1,0,0,0,0,0,1,1,1
CITY CARS,2025-07-31,0,1,0,1,1,0,0,0,0,0,1,1,1
CITY CARS,2025-08-01,0,1,0,1,1,0,0,0,0,0,1,1,1
CITY CARS,2025-08-06,0,1,0,1,1,0,0,0,0,0,1,1,1
CITY CARS,2025-08-08,1,1,0,1,1,0,0,0,0,0,1,1,1
CITY CARS,2025-08-14,1,1,0,1,1,0,0,0,0,0,1,1,1
CITY CARS,2025-08-15,1,1,0,1,1,0,0,0,0,0,1,1,1
CITY CARS,2025-08-20,1,1,0,1,1,0,0,0,0,0,1,1,1
CITY CARS,2025-08-21,1,1,0,1,1,0,0,0,0,0,1,1,1
CITY CARS,2025-08-22,1,1,0,1,1,1,0,0,0,0,1,1,1
CITY CARS,2025-08-27,1,1,0,1,1,0,0,0,0,0,1,1,1
CITY CARS,2025-08-28,1,1,0,1,1,0,0,0,0,0,1,1,1
CITY CARS,2025-09-03,1,1,0,1,1,0,0,0,0,0,1,1,1
CITY CARS,2025-09-05,1,1,0,1,1,0,0,0,0,0,1,1,1
CITY CARS,2025-09-10,1,1,0,1,1,0,0,0,0,0,1,1,1
CITY CARS,2025-09-11,0,1,0,1,1,1,0,0,0,0,1,1,1
CITY CARS,2025-09-17,0,1,0,1,1,1,0,0,0,0,1,1,1
CITY CARS,2025-09-18,0,1,0,1,1,1,0,0,0,0,1,1,1
CITY CARS,2025-09-19,0,1,0,1,1,0,0,0,0,0,1,1,1
CITY CARS,2025-09-24,0,1,0,1,1,0,0,0,0,0,1,1,1
CITY CARS,2025-09-25,0,1,0,1,1,0,0,0,0,0,1,1,1
CITY CARS,2025-09-26,0,1,0,1,0,0,0,0,0,0,1,1,1
CITY CARS,2025-10-01,1,1,0,0,0,0,0,0,0,0,1,1,1
CITY CARS,2025-10-02,1,1,0,0,0,0,0,0,0,0,1,1,1
CITY CARS,2025-10-03,1,1,0,0,0,0,0,0,0,0,1,1,1
CITY CARS,2025-10-08,1,1,0,0,0,0,0,0,0,0,1,1,1
CITY CARS,2025-10-10,0,1,0,0,1,0,0,0,0,0,1,1,1
CITY CARS,2025-10-16,0,1,0,1,1,0,0,0,0,0,1,1,1
CITY CARS,2025-10-17,0,1,0,1,1,0,0,0,0,0,1,1,1
CITY CARS,2025-10-22,0,1,0,1,0,0,0,0,0,0,1,1,1
CITY CARS,2025-10-23,1,1,0,1,0,0,0,0,0,0,1,1,1
CITY CARS,2025-10-24,1,1,0,0,0,0,0,0,0,0,1,1,1
CITY CARS,2025-10-29,1,1,0,0,0,0,0,0,0,0,1,1,1
CITY CARS,2025-10-30,1,1,0,0,0,0,0,0,0,0,1,1,1
CITY CARS,2025-10-31,1,1,0,0,0,0,0,0,0,0,1,1,1
CITY CARS,2025-11-05,1,1,0,1,1,0,0,0,0,0,1,1,1
CITY CARS,2025-11-06,1,1,0,1,1,0,0,0,0,0,1,1,1
CITY CARS,2025-11-07,1,1,0,1,1,0,0,0,0,0,1,1,1
CITY CARS,2025-11-12,0,1,0,1,1,0,0,0,0,0,1,1,1
CITY CARS,2025-11-13,0,1,0,1,1,0,0,0,0,0,1,1,1
CITY CARS,2025-11-19,0,1,0,1,1,0,0,0,0,0,1,1,1
CITY CARS,2025-11-20,0,1,0,1,1,0,0,0,0,0,1,1,1
CITY CARS,2025-11-21,0,1,0,1,1,0,0,0,0,0,1,1,1
CITY CARS,2025-11-26,0,1,0,0,0,0,0,0,0,0,1,1,1
CITY CARS,2025-11-27,1,1,0,0,0,0,0,0,0,0,1,1,1
CITY CARS,2025-11-28,1,1,0,0,0,0,0,0,0,0,1,1,1
CITY CARS,2025-12-03,1,1,0,0,0,0,0,0,0,0,1,1,1
CITY CARS,2025-12-04,1,1,0,0,0,0,0,0,0,0,1,1,1
DELICE HOLDING,2025-01-22,1,1,0,1,1,0,0,1,0,0,1,1,1
DELICE HOLDING,2025-01-23,1,1,0,1,1,0,1,1,0,0,1,1,1
DELICE HOLDING,2025-01-24,0,1,0,1,1,1,1,1,0,1,1,1,1
DELICE HOLDING,2025-01-29,1,1,0,1,1,1,0,1,0,1,1,1,1
DELICE HOLDING,2025-01-30,1,1,0,1,1,0,1,1,0,0,1,1,1
DELICE HOLDING,2025-02-05,1,1,0,1,1,0,0,1,0,0,1,1,1
DELICE HOLDING,2025-02-06,1,1,0,1,1,1,0,1,0,1,1,1,1
DELICE HOLDING,2025-02-07,1,1,0,1,1,0,1,0,0,0,1,1,1
DELICE HOLDING,2025-02-12,1,1,0,1,1,0,0,1,0,0,1,1,1
DELICE HOLDING,2025-02-13,1,1,0,1,1,1,1,1,0,1,1,1,1
DELICE HOLDING,2025-02-14,0,1,0,1,1,1,1,1,0,1,1,1,1
DELICE HOLDING,2025-02-19,1,1,0,1,1,0,1,1,0,0,1,1,1
DELICE HOLDING,2025-02-20,1,1,0,1,1,0,0,0,0,0,1,1,1
DELICE HOLDING,2025-02-21,1,1,0,1,1,0,0,0,0,0,1,1,1
DELICE HOLDING,2025-02-26,0,1,0,1,1,0,0,0,0,0,1,1,1
DELICE HOLDING,2025-02-27,0,1,0,1,1,0,0,0,0,0,1,1,1
DELICE HOLDING,2025-02-28,1,1,0,1,1,0,0,0,0,0,1,1,1
DELICE HOLDING,2025-03-05,1,1,0,1,1,1,0,0,0,0,1,1,1
DELICE HOLDING,2025-03-06,1,1,0,1,1,0,0,0,0,0,1,1,1
DELICE HOLDING,2025-03-07,1,1,0,1,1,0,0,0,0,0,1,1,1
DELICE HOLDING,2025-03-12,1,1,0,1,1,0,0,0,0,0,1,1,1
DELICE HOLDING,2025-03-13,1,1,0,1,1,1,0,0,0,0,1,1,1
DELICE HOLDING,2025-03-19,0,1,0,1,1,0,0,0,0,0,1,1,1
DELICE HOLDING,2025-03-21,1,1,0,1,1,1,0,0,0,0,1,1,1
DELICE HOLDING,2025-03-27,0,1,0,1,1,0,0,0,0,0,1,1,1
DELICE HOLDING,2025-03-28,0,1,0,1,1,1,0,0,0,0,1,1,1
DELICE HOLDING,2025-04-02,0,1,0,1,1,1,0,0,0,0,1,1,1
DELICE HOLDING,2025-04-04,1,1,0,1,1,1,0,0,0,0,1,1,1
DELICE HOLDING,2025-04-10,1,1,0,1,1,0,0,0,0,0,1,1,1
DELICE HOLDING,2025-04-11,1,1,0,1,1,0,0,0,0,0,1,1,1
DELICE HOLDING,2025-04-16,1,1,0,1,1,1,0,0,0,0,1,1,1
DELICE HOLDING,2025-04-17,0,1,0,1,1,0,0,0,0,0,1,1,1
DELICE HOLDING,2025-04-18,1,1,0,1,1,1,0,0,0,0,1,1,1
DELICE HOLDING,2025-04-23,0,1,0,1,1,1,0,0,0,0,1,1,1
DELICE HOLDING,2025-04-24,1,1,0,1,1,0,0,0,0,0,1,1,1
DELICE HOLDING,2025-05-02,0,1,0,1,1,1,0,0,0,0,1,1,1
DELICE HOLDING,2025-05-07,0,1,0,1,1,0,0,0,0,0,1,1,1
DELICE HOLDING,2025-05-08,0,1,0,1,1,0,0,0,0,0,1,1,1
DELICE HOLDING,2025-05-14,0,1,0,1,1,1,0,0,0,0,1,1,1
DELICE HOLDING,2025-05-15,1,1,0,0,1,0,0,0,0,0,1,1,1
DELICE HOLDING,2025-05-16,0,1,0,0,1,0,0,0,0,0,1,1,1
DELICE HOLDING,2025-05-21,1,1,0,1,1,1,0,0,0,0,1,1,1
DELICE HOLDING,2025-05-22,1,1,0,1,1,0,0,0,0,0,1,1,1
DELICE HOLDING,2025-05-23,1,1,0,1,0,1,0,0,0,0,1,1,1
DELICE HOLDING,2025-05-28,0,1,0,0,0,0,0,0,0,0,1,1,1
DELICE HOLDING,2025-05-29,0,1,0,0,0,0,0,0,0,0,1,1,1
DELICE HOLDING,2025-05-30,0,1,0,0,1,0,0,0,0,0,1,1,1
DELICE HOLDING,2025-06-04,0,1,0,1,0,1,0,0,0,0,1,1,1
DELICE HOLDING,2025-06-05,0,1,0,1,0,1,0,0,0,0,1,1,1
DELICE HOLDING,2025-06-11,0,1,0,0,0,0,0,0,0,0,1,1,1
DELICE HOLDING,2025-06-12,0,1,0,0,0,0,0,0,0,0,1,1,1
DELICE HOLDING,2025-06-13,0,1,0,0,0,1,0,0,0,0,1,1,1
DELICE HOLDING,2025-06-18,1,1,0,0,0,0,0,0,0,0,1,1,1
DELICE HOLDING,2025-06-19,1,1,0,0,0,1,0,0,0,0,1,1,1
DELICE HOLDING,2025-06-25,1,1,0,0,0,0,0,0,0,0,1,1,1
DELICE HOLDING,2025-06-27,1,1,0,0,0,0,0,0,0,0,1,1,1
DELICE HOLDING,2025-07-02,1,1,0,0,1,0,0,0,0,0,1,1,1
DELICE HOLDING,2025-07-03,1,1,0,1,1,0,0,0,0,0,1,1,1
DELICE HOLDING,2025-07-04,1,1,0,1,1,0,0,0,0,0,1,1,1
DELICE HOLDING,2025-07-09,1,1,0,1,1,0,0,0,0,0,1,1,1
DELICE HOLDING,2025-07-10,1,1,0,1,1,0,0,0,0,0,1,1,1
DELICE HOLDING,2025-07-11,1,1,0,1,1,0,0,0,0,0,1,1,1
DELICE HOLDING,2025-07-16,1,1,0,1,1,0,0,0,0,0,1,1,1
DELICE HOLDING,2025-07-17,1,1,0,1,1,0,0,0,0,0,1,1,1
DELICE HOLDING,2025-07-18,1,1,0,1,1,0,0,0,0,0,1,1,1
DELICE HOLDING,2025-07-23,0,1,0,1,1,0,0,0,0,0,1,1,1
DELICE HOLDING,2025-07-24,0,1,0,1,1,0,0,0,0,0,1,1,1
DELICE HOLDING,2025-07-30,0,1,0,1,1,0,0,0,0,0,1,1,1
DELICE HOLDING,2025-07-31,0,1,0,1,1,0,0,0,0,0,1,1,1
DELICE HOLDING,2025-08-01,0,1,0,1,0,1,0,0,0,1,1,1,1
DELICE HOLDING,2025-08-06,0,1,0,0,0,1,0,0,0,1,1,1,0
DELICE HOLDING,2025-08-08,0,1,0,0,0,1,0,0,0,1,1,1,0
DELICE HOLDING,2025-08-14,0,1,0,0,0,1,0,0,0,1,1,1,0
DELICE HOLDING,2025-08-15,0,1,0,0,0,1,0,0,0,1,1,1,0
DELICE HOLDING,2025-08-20,1,1,0,0,0,0,0,0,0,1,1,1,0
DELICE HOLDING,2025-08-21,1,1,0,0,0,0,0,0,0,1,1,1,0
DELICE HOLDING,2025-08-22,1,1,0,0,0,0,0,0,0,1,1,1,0
DELICE HOLDING,2025-08-27,0,1,0,0,0,1,1,0,0,1,1,1,0
DELICE HOLDING,2025-08-28,0,1,0,0,0,1,0,0,0,1,1,1,0
DELICE HOLDING,2025-09-03,1,1,0,0,0,1,1,0,0,0,1,1,0
DELICE HOLDING,2025-09-05,1,1,0,0,0,1,1,0,0,0,1,1,0
DELICE HOLDING,2025-09-10,1,1,0,0,0,1,0,0,1,0,1,1,0
DELICE HOLDING,2025-09-11,1,1,0,0,0,1,0,0,1,0,1,1,0
DELICE HOLDING,2025-09-17,0,1,0,1,1,1,0,0,0,0,1,1,0
DELICE HOLDING,2025-09-18,0,1,0,1,1,1,0,0,1,0,1,1,1
DELICE HOLDING,2025-09-19,0,1,0,1,1,1,0,0,1,0,1,1,1
DELICE HOLDING,2025-09-24,0,1,0,1,0,0,0,0,1,0,1,1,1
DELICE HOLDING,2025-09-25,1,1,0,1,0,0,0,0,1,0,1,1,1
DELICE HOLDING,2025-09-26,0,1,0,0,1,0,0,0,0,0,1,1,1
DELICE HOLDING,2025-10-01,0,1,0,1,1,0,0,0,0,0,1,1,1
DELICE HOLDING,2025-10-02,0,1,0,1,0,0,0,0,0,0,1,1,1
DELICE HOLDING,2025-10-03,0,1,0,0,0,0,0,0,1,0,1,1,1
DELICE HOLDING,2025-10-08,0,1,0,0,0,0,0,0,0,0,1,1,1
DELICE HOLDING,2025-10-10,0,1,0,0,0,0,0,0,0,0,1,1,1
DELICE HOLDING,2025-10-16,1,1,0,0,0,1,0,0,0,0,1,1,1
DELICE HOLDING,2025-10-17,1,1,0,0,0,1,0,0,0,0,1,1,1
DELICE HOLDING,2025-10-22,1,1,0,0,0,0,0,0,0,0,1,1,1
DELICE HOLDING,2025-10-23,0,1,0,0,1,0,0,0,0,0,1,1,1
DELICE HOLDING,2025-10-24,0,1,0,0,0,0,0,1,0,0,1,1,1
DELICE HOLDING,2025-10-29,0,1,0,1,0,0,0,0,0,0,1,1,1
DELICE HOLDING,2025-10-30,0,1,0,0,1,0,0,0,0,0,1,1,1
DELICE HOLDING,2025-10-31,0,1,0,1,1,0,0,0,0,0,1,1,1
DELICE HOLDING,2025-11-05,1,1,0,1,0,1,0,0,1,0,1,1,1
DELICE HOLDING,2025-11-06,1,1,0,1,0,1,0,0,0,0,1,1,1
DELICE HOLDING,2025-11-07,1,1,0,0,0,1,0,0,0,0,1,1,1
DELICE HOLDING,2025-11-12,1,1,0,1,0,1,0,0,1,0,1,1,1
DELICE HOLDING,2025-11-13,0,1,0,1,1,0,0,0,0,0,1,1,1
DELICE HOLDING,2025-11-19,0,1,0,1,1,0,0,0,0,0,1,1,1
DELICE HOLDING,2025-11-20,0,1,0,1,1,0,0,0,0,0,1,1,1
DELICE HOLDING,2025-11-21,1,1,0,1,0,0,0,1,1,0,1,1,1
DELICE HOLDING,2025-11-26,1,1,0,1,0,0,0,1,1,1,1,1,1
DELICE HOLDING,2025-11-27,1,1,0,0,0,0,0,1,1,0,1,1,1
DELICE HOLDING,2025-11-28,1,1,0,1,1,0,0,0,1,0,1,1,1
DELICE HOLDING,2025-12-03,1,1,0,1,1,0,0,0,1,0,1,1,1
DELICE HOLDING,2025-12-04,1,1,0,1,1,0,0,0,1,0,1,1,1
ARTES,2025-01-22,1,1,0,1,1,1,0,0,0,0,0,1,1
ARTES,2025-01-23,1,1,0,1,1,1,0,0,0,0,0,1,1
ARTES,2025-01-24,0,1,0,1,1,1,0,0,0,1,0,1,1
ARTES,2025-01-29,0,1,0,1,1,0,0,0,0,0,0,1,1
ARTES,2025-01-30,0,1,0,1,1,1,0,0,0,0,0,1,1
ARTES,2025-02-05,1,1,0,1,1,1,0,0,0,0,0,1,0
ARTES,2025-02-06,1,1,0,1,1,0,0,0,0,0,0,1,0
ARTES,2025-02-07,1,1,0,1,1,0,0,0,0,0,0,1,0
ARTES,2025-02-12,0,1,0,1,1,1,0,0,0,0,0,1,0
ARTES,2025-02-13,0,1,0,1,1,1,0,0,0,0,0,1,0
ARTES,2025-02-14,0,1,0,1,1,0,0,0,0,0,0,1,0
ARTES,2025-02-19,0,1,0,1,0,0,0,0,0,0,0,1,1
ARTES,2025-02-20,0,1,0,0,0,0,0,0,0,0,0,1,1
ARTES,2025-02-21,0,1,0,0,0,0,0,0,0,0,0,1,1
ARTES,2025-02-26,0,1,0,0,0,0,0,0,0,0,0,1,1
ARTES,2025-02-27,1,1,0,0,0,0,0,0,0,0,0,1,1
ARTES,2025-02-28,1,1,0,0,0,0,0,0,0,0,0,1,1
ARTES,2025-03-05,1,1,0,0,0,0,0,0,0,0,0,1,1
ARTES,2025-03-06,0,1,0,0,0,0,0,0,0,0,0,1,1
ARTES,2025-03-07,1,1,0,0,0,0,0,0,0,0,0,1,1
ARTES,2025-03-12,1,1,0,0,0,1,0,0,0,0,0,1,1
ARTES,2025-03-13,0,1,0,0,1,0,0,0,0,0,0,1,1
ARTES,2025-03-19,1,1,0,0,0,0,0,0,0,0,0,1,1
ARTES,2025-03-21,1,1,0,0,0,0,0,0,0,0,0,1,1
ARTES,2025-03-27,1,1,0,0,0,0,0,0,0,0,0,1,1
ARTES,2025-03-28,1,1,0,0,0,0,0,0,0,0,0,1,1
ARTES,2025-04-02,1,1,0,0,1,0,0,0,0,0,0,1,1
ARTES,2025-04-04,1,1,0,1,1,0,0,0,0,0,0,1,1
ARTES,2025-04-10,1,1,0,1,1,0,0,0,0,0,0,1,1
ARTES,2025-04-11,0,1,0,1,1,0,0,0,0,0,0,1,1
ARTES,2025-04-16,1,1,0,1,1,0,0,0,0,0,0,1,1
ARTES,2025-04-17,1,1,0,1,1,0,0,0,0,0,0,1,1
ARTES,2025-04-18,1,1,0,1,1,0,0,0,0,0,0,1,1
ARTES,2025-04-23,0,1,0,1,1,0,0,0,0,0,0,1,1
ARTES,2025-04-24,0,1,0,1,1,0,0,0,0,0,0,1,1
ARTES,2025-05-02,0,1,0,1,1,0,0,0,0,0,0,1,1
ARTES,2025-05-07,1,1,0,1,1,0,0,0,0,0,0,1,1
ARTES,2025-05-08,1,1,0,1,1,0,0,0,0,0,0,1,1
ARTES,2025-05-14,1,1,0,1,1,0,0,0,0,0,0,1,1
ARTES,2025-05-15,0,1,0,1,1,0,0,0,0,0,0,1,1
ARTES,2025-05-16,0,1,0,1,1,0,0,0,0,0,0,1,1
ARTES,2025-05-21,0,1,0,1,1,0,0,0,0,0,0,1,1
ARTES,2025-05-22,0,1,0,1,1,0,0,0,0,0,0,1,1
ARTES,2025-05-23,1,1,0,1,1,0,0,0,0,0,0,1,1
ARTES,2025-05-28,0,1,0,0,1,0,0,0,0,0,0,1,1
ARTES,2025-05-29,0,1,0,0,0,0,0,0,0,0,0,1,1
ARTES,2025-05-30,0,1,0,0,1,0,0,0,0,0,0,1,1
ARTES,2025-06-04,0,1,0,1,1,0,0,0,0,0,0,1,1
ARTES,2025-06-05,0,1,0,1,0,1,0,0,0,0,0,1,1
ARTES,2025-06-11,0,1,0,0,0,0,0,0,0,0,0,1,1
ARTES,2025-06-12,0,1,0,0,0,0,0,0,0,0,0,1,1
ARTES,2025-06-13,0,1,0,0,0,0,0,0,0,0,0,1,1
ARTES,2025-06-18,0,1,0,0,0,1,0,0,0,0,0,1,1
ARTES,2025-06-19,0,1,0,0,0,1,0,0,0,0,0,1,1
ARTES,2025-06-25,1,1,0,0,0,0,0,0,0,0,0,1,0
ARTES,2025-06-27,1,1,0,0,0,1,0,0,0,0,0,1,0
ARTES,2025-07-02,0,1,0,0,0,0,0,0,0,0,0,1,0
ARTES,2025-07-03,1,1,0,0,0,0,0,0,0,0,0,1,0
ARTES,2025-07-04,1,1,0,0,0,0,0,0,0,0,0,1,0
ARTES,2025-07-09,0,1,0,1,1,0,0,0,0,0,0,1,0
ARTES,2025-07-10,0,1,0,1,1,0,0,0,0,0,0,1,0
ARTES,2025-07-11,1,1,0,1,0,1,0,0,0,1,0,1,0
ARTES,2025-07-16,1,1,0,1,1,0,0,0,0,0,0,1,0
ARTES,2025-07-17,1,1,0,1,1,0,0,0,0,0,0,1,0
ARTES,2025-07-18,1,1,0,1,1,0,0,0,0,0,0,1,1
ARTES,2025-07-23,1,1,0,1,1,0,0,0,0,0,0,1,1
ARTES,2025-07-24,1,1,0,1,1,0,0,0,0,0,0,1,1
ARTES,2025-07-30,1,1,0,1,1,0,0,0,0,0,0,1,1
ARTES,2025-07-31,1,1,0,1,1,0,0,0,0,0,0,1,1
ARTES,2025-08-01,1,1,0,1,1,0,0,0,0,0,0,1,1
ARTES,2025-08-06,0,1,0,1,1,0,0,0,0,0,0,1,1
ARTES,2025-08-08,0,1,0,1,1,0,0,0,0,0,0,1,1
ARTES,2025-08-14,0,1,0,1,1,0,0,0,0,0,0,1,1
ARTES,2025-08-15,0,1,0,1,1,0,0,0,0,0,0,1,1
ARTES,2025-08-20,1,1,0,1,1,0,0,0,0,0,0,1,1
ARTES,2025-08-21,1,1,0,1,1,0,0,0,0,0,0,1,1
ARTES,2025-08-22,1,1,0,1,1,0,0,0,0,0,0,1,1
ARTES,2025-08-27,1,1,0,0,0,0,0,0,0,0,0,1,1
ARTES,2025-08-28,1,1,0,0,0,0,0,0,0,0,0,1,1
ARTES,2025-09-03,1,1,0,0,1,0,0,0,0,0,0,1,1
ARTES,2025-09-05,1,1,0,1,1,0,0,0,0,0,0,1,1
ARTES,2025-09-10,1,1,0,1,1,0,0,0,0,0,0,1,1
ARTES,2025-09-11,1,1,0,1,1,0,0,0,0,0,0,1,1
ARTES,2025-09-17,0,1,0,1,1,0,0,0,0,0,0,1,1
ARTES,2025-09-18,0,1,0,1,1,0,0,0,0,0,0,1,1
ARTES,2025-09-19,0,1,0,1,1,0,0,0,0,0,0,1,1
ARTES,2025-09-24,0,1,0,1,1,0,0,0,0,0,0,1,1
ARTES,2025-09-25,0,1,0,1,1,0,0,0,0,0,0,1,1
ARTES,2025-09-26,1,1,0,1,0,1,0,0,0,0,0,1,1
ARTES,2025-10-01,0,1,0,0,0,0,0,0,0,0,0,1,1
ARTES,2025-10-02,1,1,0,0,0,0,0,0,0,0,0,1,1
ARTES,2025-10-03,1,1,0,0,0,0,0,0,0,0,0,1,1
ARTES,2025-10-08,0,1,0,0,0,0,0,0,0,0,0,1,1
ARTES,2025-10-10,0,1,0,0,0,0,0,0,0,0,0,1,1
ARTES,2025-10-16,1,1,0,0,0,0,0,0,0,0,0,1,1
ARTES,2025-10-17,1,1,0,0,0,0,0,0,0,0,0,1,1
ARTES,2025-10-22,1,1,0,0,1,0,0,0,0,0,0,1,1
ARTES,2025-10-23,1,1,0,0,1,0,0,0,0,0,0,1,1
ARTES,2025-10-24,1,1,0,1,1,0,0,0,0,0,0,1,1
ARTES,2025-10-29,1,1,0,0,0,0,0,0,0,0,0,1,1
ARTES,2025-10-30,1,1,0,0,0,0,0,0,0,0,0,1,1
ARTES,2025-10-31,1,1,0,0,1,0,0,0,0,0,0,1,1
ARTES,2025-11-05,1,1,0,1,1,0,0,0,0,0,0,1,1
ARTES,2025-11-06,1,1,0,1,1,0,0,0,0,0,0,1,1
ARTES,2025-11-07,1,1,0,1,1,0,0,0,0,0,0,1,1
ARTES,2025-11-12,1,1,0,1,1,0,0,0,0,0,0,1,1
ARTES,2025-11-13,1,1,0,1,1,0,0,0,0,0,0,1,1
ARTES,2025-11-19,1,1,0,1,1,0,0,0,0,0,0,1,1
ARTES,2025-11-20,1,1,0,1,1,0,0,0,0,0,0,1,1
ARTES,2025-11-21,1,1,0,1,1,0,0,0,0,0,0,1,1
ARTES,2025-11-26,0,1,0,1,1,0,0,0,0,0,0,1,1
ARTES,2025-11-27,0,1,0,1,1,0,0,0,0,0,0,1,1
ARTES,2025-11-28,0,1,0,1,1,0,0,0,0,0,0,1,1
ARTES,2025-12-03,0,1,0,1,1,0,0,0,0,0,0,1,1
ARTES,2025-12-04,0,1,0,1,1,0,0,0,0,0,0,1,1
ENNAKL AUTOMOBILES,2025-01-22,1,1,0,1,1,1,1,1,1,0,0,1,1
ENNAKL AUTOMOBILES,2025-01-23,1,1,0,1,1,1,1,1,1,0,0,1,1
ENNAKL AUTOMOBILES,2025-01-24,1,1,0,1,1,1,1,1,1,1,0,1,1
ENNAKL AUTOMOBILES,2025-01-29,1,1,0,1,1,1,0,0,0,0,0,1,1
ENNAKL AUTOMOBILES,2025-01-30,1,1,0,1,1,0,1,1,1,0,0,1,1
ENNAKL AUTOMOBILES,2025-02-05,1,1,0,1,1,0,0,1,0,0,0,1,1
ENNAKL AUTOMOBILES,2025-02-06,1,1,0,1,1,0,1,0,0,0,0,1,1
ENNAKL AUTOMOBILES,2025-02-07,0,1,0,1,1,0,1,1,0,0,0,1,1
ENNAKL AUTOMOBILES,2025-02-12,1,1,0,1,1,0,0,1,0,0,0,1,1
ENNAKL AUTOMOBILES,2025-02-13,1,1,0,1,1,0,0,0,0,0,0,1,1
ENNAKL AUTOMOBILES,2025-02-14,1,1,0,1,1,0,0,1,0,0,0,1,1
ENNAKL AUTOMOBILES,2025-02-19,0,1,0,1,1,0,1,0,0,1,0,1,1
ENNAKL AUTOMOBILES,2025-02-20,0,1,0,1,1,0,0,0,0,0,0,1,1
ENNAKL AUTOMOBILES,2025-02-21,0,1,0,1,1,0,1,0,0,0,0,1,1
ENNAKL AUTOMOBILES,2025-02-26,0,1,0,1,1,0,0,0,0,0,0,1,1
ENNAKL AUTOMOBILES,2025-02-27,1,1,0,1,0,1,0,1,0,1,0,1,1
ENNAKL AUTOMOBILES,2025-02-28,0,1,0,0,0,1,0,1,1,1,0,1,1
ENNAKL AUTOMOBILES,2025-03-05,0,1,0,0,0,0,0,0,0,0,0,1,1
ENNAKL AUTOMOBILES,2025-03-06,0,1,0,0,0,1,0,0,0,0,0,1,1
ENNAKL AUTOMOBILES,2025-03-07,0,1,0,0,0,0,0,1,0,0,0,1,1
ENNAKL AUTOMOBILES,2025-03-12,1,1,0,0,0,1,0,1,1,1,0,1,1
ENNAKL AUTOMOBILES,2025-03-13,1,1,0,0,0,1,0,0,0,0,0,1,1
ENNAKL AUTOMOBILES,2025-03-19,1,1,0,0,0,0,0,0,0,0,0,1,1
ENNAKL AUTOMOBILES,2025-03-21,1,1,0,0,0,1,0,0,0,0,0,1,1
ENNAKL AUTOMOBILES,2025-03-27,0,1,0,1,1,0,0,0,0,0,0,1,1
ENNAKL AUTOMOBILES,2025-03-28,1,1,0,1,0,1,0,0,1,1,0,1,1
ENNAKL AUTOMOBILES,2025-04-02,0,1,0,1,1,1,0,0,0,0,0,1,1
ENNAKL AUTOMOBILES,2025-04-04,1,1,0,1,1,1,0,1,0,0,0,1,1
ENNAKL AUTOMOBILES,2025-04-10,1,1,0,1,0,0,0,0,0,0,0,1,1
ENNAKL AUTOMOBILES,2025-04-11,0,1,0,1,1,0,0,0,0,0,0,1,1
ENNAKL AUTOMOBILES,2025-04-16,0,1,0,1,1,0,0,0,0,0,0,1,1
ENNAKL AUTOMOBILES,2025-04-17,0,1,0,1,0,1,0,1,0,0,0,1,1
ENNAKL AUTOMOBILES,2025-04-18,0,1,0,1,1,0,0,0,0,0,0,1,1
ENNAKL AUTOMOBILES,2025-04-23,0,1,0,0,0,0,0,0,0,0,0,1,1
ENNAKL AUTOMOBILES,2025-04-24,1,1,0,0,0,1,0,1,0,0,0,1,1
ENNAKL AUTOMOBILES,2025-05-02,1,1,0,0,0,0,0,0,0,0,0,1,1
ENNAKL AUTOMOBILES,2025-05-07,1,1,0,0,0,1,0,1,0,0,0,1,1
ENNAKL AUTOMOBILES,2025-05-08,1,1,0,0,0,0,0,0,0,0,0,1,1
ENNAKL AUTOMOBILES,2025-05-14,1,1,0,1,1,0,0,0,0,0,0,1,1
ENNAKL AUTOMOBILES,2025-05-15,1,1,0,1,0,0,0,1,0,0,0,1,1
ENNAKL AUTOMOBILES,2025-05-16,1,1,0,1,1,0,0,0,0,0,0,1,1
ENNAKL AUTOMOBILES,2025-05-21,1,1,0,1,1,1,0,0,1,1,0,1,1
ENNAKL AUTOMOBILES,2025-05-22,1,1,0,1,1,0,0,1,1,0,0,1,1
ENNAKL AUTOMOBILES,2025-05-23,0,1,0,1,1,0,0,0,1,0,0,1,1
ENNAKL AUTOMOBILES,2025-05-28,0,1,0,1,1,1,1,1,1,1,0,1,1
ENNAKL AUTOMOBILES,2025-05-29,0,1,0,1,1,1,1,1,1,1,0,1,1
ENNAKL AUTOMOBILES,2025-05-30,0,1,0,1,1,1,0,1,1,0,0,1,1
ENNAKL AUTOMOBILES,2025-06-04,0,1,0,1,0,1,0,1,1,0,0,1,1
ENNAKL AUTOMOBILES,2025-06-05,0,1,0,1,0,0,0,1,1,0,0,1,1
ENNAKL AUTOMOBILES,2025-06-11,0,1,0,0,0,0,0,1,1,0,0,1,1
ENNAKL AUTOMOBILES,2025-06-12,0,1,0,0,0,0,0,1,1,0,0,1,1
ENNAKL AUTOMOBILES,2025-06-13,0,1,0,0,0,0,1,1,1,0,0,1,1
ENNAKL AUTOMOBILES,2025-06-18,0,1,0,0,0,1,1,1,1,1,0,1,1
ENNAKL AUTOMOBILES,2025-06-19,0,1,0,0,0,0,0,0,1,0,0,1,1
ENNAKL AUTOMOBILES,2025-06-25,1,1,0,0,0,0,0,1,0,0,0,1,1
ENNAKL AUTOMOBILES,2025-06-27,1,1,0,0,0,1,0,1,0,0,0,1,1
ENNAKL AUTOMOBILES,2025-07-02,1,1,0,0,0,0,0,0,0,0,0,1,1
ENNAKL AUTOMOBILES,2025-07-03,1,1,0,0,1,0,0,0,0,0,0,1,1
ENNAKL AUTOMOBILES,2025-07-04,1,1,0,1,1,0,0,1,0,0,0,1,1
ENNAKL AUTOMOBILES,2025-07-09,1,1,0,1,1,0,0,0,0,0,0,1,1
ENNAKL AUTOMOBILES,2025-07-10,1,1,0,1,1,0,0,0,0,0,0,1,1
ENNAKL AUTOMOBILES,2025-07-11,1,1,0,1,1,1,0,0,0,1,0,1,1
ENNAKL AUTOMOBILES,2025-07-16,1,1,0,1,1,1,0,0,0,1,0,1,0
ENNAKL AUTOMOBILES,2025-07-17,1,1,0,1,1,1,0,0,0,0,0,1,0
ENNAKL AUTOMOBILES,2025-07-18,1,1,0,1,1,0,0,0,0,0,0,1,0
ENNAKL AUTOMOBILES,2025-07-23,0,1,0,1,1,0,0,0,0,0,0,1,0
ENNAKL AUTOMOBILES,2025-07-24,0,1,0,1,1,0,0,1,0,0,0,1,0
ENNAKL AUTOMOBILES,2025-07-30,0,1,0,1,1,0,0,1,0,0,0,1,0
ENNAKL AUTOMOBILES,2025-07-31,0,1,0,1,1,0,0,0,0,0,0,1,0
ENNAKL AUTOMOBILES,2025-08-01,0,1,0,1,1,0,0,0,0,0,0,1,0
ENNAKL AUTOMOBILES,2025-08-06,1,1,0,1,1,0,0,1,0,0,0,1,0
ENNAKL AUTOMOBILES,2025-08-08,1,1,0,1,1,0,0,0,0,0,0,1,0
ENNAKL AUTOMOBILES,2025-08-14,1,1,0,1,1,0,0,0,0,0,0,1,1
ENNAKL AUTOMOBILES,2025-08-15,1,1,0,1,1,0,0,0,0,0,0,1,1
ENNAKL AUTOMOBILES,2025-08-20,1,1,0,1,1,0,0,0,0,0,0,1,1
ENNAKL AUTOMOBILES,2025-08-21,1,1,0,1,1,0,0,0,0,1,0,1,1
ENNAKL AUTOMOBILES,2025-08-22,1,1,0,1,1,0,0,0,0,0,0,1,1
ENNAKL AUTOMOBILES,2025-08-27,1,1,0,1,1,0,0,0,0,0,0,1,1
ENNAKL AUTOMOBILES,2025-08-28,1,1,0,1,1,0,0,0,0,0,0,1,1
ENNAKL AUTOMOBILES,2025-09-03,1,1,0,1,1,0,0,0,0,0,0,1,1
ENNAKL AUTOMOBILES,2025-09-05,1,1,0,1,1,0,0,0,0,0,0,1,1
ENNAKL AUTOMOBILES,2025-09-10,0,1,0,1,1,0,0,0,0,0,0,1,1
ENNAKL AUTOMOBILES,2025-09-11,0,1,0,1,1,0,0,0,0,0,0,1,1
ENNAKL AUTOMOBILES,2025-09-17,0,1,0,1,1,0,0,0,0,0,0,1,1
ENNAKL AUTOMOBILES,2025-09-18,0,1,0,1,1,0,0,0,0,0,0,1,1
ENNAKL AUTOMOBILES,2025-09-19,0,1,0,1,1,0,0,0,0,0,0,1,1
ENNAKL AUTOMOBILES,2025-09-24,0,1,0,1,1,0,0,0,0,0,0,1,1
ENNAKL AUTOMOBILES,2025-09-25,0,1,0,1,0,0,0,0,0,0,0,1,1
ENNAKL AUTOMOBILES,2025-09-26,0,1,0,0,0,1,0,0,0,0,0,1,1
ENNAKL AUTOMOBILES,2025-10-01,0,1,0,0,0,0,0,0,0,0,0,1,1
ENNAKL AUTOMOBILES,2025-10-02,0,1,0,0,0,0,0,0,0,0,0,1,1
ENNAKL AUTOMOBILES,2025-10-03,0,1,0,0,0,0,0,0,0,0,0,1,1
ENNAKL AUTOMOBILES,2025-10-08,0,1,0,0,0,0,0,0,0,0,0,1,1
ENNAKL AUTOMOBILES,2025-10-10,1,1,0,0,0,1,0,0,0,0,0,1,1
ENNAKL AUTOMOBILES,2025-10-16,0,1,0,0,0,0,0,0,0,0,0,1,1
ENNAKL AUTOMOBILES,2025-10-17,0,1,0,0,0,0,0,0,0,0,0,1,1
ENNAKL AUTOMOBILES,2025-10-22,0,1,0,0,0,0,0,0,0,0,0,1,1
ENNAKL AUTOMOBILES,2025-10-23,0,1,0,0,0,0,1,0,0,0,0,1,1
ENNAKL AUTOMOBILES,2025-10-24,0,1,0,0,0,0,0,0,0,0,0,1,1
ENNAKL AUTOMOBILES,2025-10-29,1,1,0,0,0,0,1,0,0,0,0,1,1
ENNAKL AUTOMOBILES,2025-10-30,1,1,0,0,0,1,0,0,1,0,0,1,1
ENNAKL AUTOMOBILES,2025-10-31,1,1,0,0,0,1,0,0,1,0,0,1,1
ENNAKL AUTOMOBILES,2025-11-05,1,1,0,0,0,1,0,0,0,0,0,1,1
ENNAKL AUTOMOBILES,2025-11-06,1,1,0,0,1,1,0,0,0,0,0,1,1
ENNAKL AUTOMOBILES,2025-11-07,0,1,0,1,1,1,0,0,0,0,0,1,1
ENNAKL AUTOMOBILES,2025-11-12,0,1,0,1,1,0,0,0,0,0,0,1,1
ENNAKL AUTOMOBILES,2025-11-13,0,1,0,1,1,1,0,0,0,0,0,1,1
ENNAKL AUTOMOBILES,2025-11-19,0,1,0,1,1,0,0,0,0,0,0,1,1
ENNAKL AUTOMOBILES,2025-11-20,0,1,0,1,1,0,0,0,0,0,0,1,1
ENNAKL AUTOMOBILES,2025-11-21,0,1,0,1,1,0,0,0,0,0,0,1,1
ENNAKL AUTOMOBILES,2025-11-26,0,1,0,0,0,1,0,0,0,0,0,1,1
ENNAKL AUTOMOBILES,2025-11-27,1,1,0,0,0,1,0,0,0,0,0,1,1
ENNAKL AUTOMOBILES,2025-11-28,1,1,0,0,0,0,0,0,0,0,0,1,1
ENNAKL AUTOMOBILES,2025-12-03,1,1,0,0,0,0,0,0,0,0,0,1,1
ENNAKL AUTOMOBILES,2025-12-04,0,1,0,0,0,0,0,0,0,0,0,1,1
ESSOUKNA,2025-02-05,0,1,0,1,1,0,0,0,1,0,0,0,0
ESSOUKNA,2025-02-06,1,1,0,1,1,0,0,1,1,1,0,0,0
ESSOUKNA,2025-02-07,1,1,0,1,1,1,0,0,1,0,0,0,0
ESSOUKNA,2025-02-12,1,1,0,1,1,0,0,0,1,0,0,0,0
ESSOUKNA,2025-02-13,1,1,0,1,1,1,0,0,1,0,0,0,0
ESSOUKNA,2025-02-14,1,1,0,1,1,1,0,1,1,1,0,0,0
ESSOUKNA,2025-02-19,1,1,0,1,1,1,0,1,1,0,0,0,0
ESSOUKNA,2025-02-20,1,1,0,1,1,1,1,1,1,0,0,0,0
ESSOUKNA,2025-02-21,1,1,0,1,1,1,0,1,1,0,0,0,0
ESSOUKNA,2025-02-26,1,1,0,1,1,0,0,1,1,0,0,0,0
ESSOUKNA,2025-02-27,0,1,0,1,1,0,0,0,1,0,0,0,0
ESSOUKNA,2025-02-28,0,1,0,1,1,0,0,1,1,0,0,0,0
ESSOUKNA,2025-03-05,0,1,0,1,1,0,0,0,1,0,0,0,0
ESSOUKNA,2025-03-06,0,1,0,1,1,0,0,0,1,0,0,0,0
ESSOUKNA,2025-03-07,0,1,0,1,1,0,0,0,1,0,0,0,0
ESSOUKNA,2025-03-12,0,1,0,1,0,1,0,0,1,0,0,0,0
ESSOUKNA,2025-03-13,1,1,0,0,0,0,0,1,1,1,0,0,0
ESSOUKNA,2025-03-19,1,1,0,0,0,0,0,0,1,1,0,0,0
ESSOUKNA,2025-03-21,1,1,0,0,1,1,0,1,1,1,0,0,0
ESSOUKNA,2025-03-27,1,1,0,0,0,0,0,1,1,1,0,0,0
ESSOUKNA,2025-03-28,1,1,0,1,1,0,1,1,1,1,0,0,0
ESSOUKNA,2025-04-02,1,1,0,1,1,0,0,1,1,0,0,0,0
ESSOUKNA,2025-04-04,1,1,0,1,1,1,1,1,1,0,0,0,0
ESSOUKNA,2025-04-10,0,1,0,1,1,1,1,1,1,0,0,0,0
ESSOUKNA,2025-04-11,1,1,0,1,1,1,1,1,1,1,0,0,0
ESSOUKNA,2025-04-16,0,1,0,1,1,0,1,1,1,1,0,0,0
ESSOUKNA,2025-04-17,0,1,0,1,1,1,1,1,1,1,0,0,0
ESSOUKNA,2025-04-18,0,1,0,1,1,1,1,1,1,1,0,0,0
ESSOUKNA,2025-04-23,0,1,0,1,1,0,0,1,1,1,0,0,0
ESSOUKNA,2025-04-24,0,1,0,1,0,0,1,1,1,1,0,0,0
ESSOUKNA,2025-05-02,0,1,0,0,0,1,1,1,1,1,0,0,0
ESSOUKNA,2025-05-07,1,1,0,0,0,0,1,1,1,1,0,0,0
ESSOUKNA,2025-05-08,1,1,0,0,0,1,1,1,1,1,0,0,0
ESSOUKNA,2025-05-14,1,1,0,0,0,1,0,0,1,1,0,0,0
ESSOUKNA,2025-05-15,1,1,0,0,0,1,1,1,1,1,0,0,1
ESSOUKNA,2025-05-16,1,1,0,0,1,1,1,1,1,1,0,0,1
ESSOUKNA,2025-05-21,1,1,0,0,0,1,0,1,1,1,0,0,1
ESSOUKNA,2025-05-22,1,1,0,0,0,1,0,1,1,1,0,0,1
ESSOUKNA,2025-05-23,1,1,0,1,1,1,0,1,1,1,0,0,1
ESSOUKNA,2025-05-28,1,1,0,1,1,1,0,0,1,0,0,0,1
ESSOUKNA,2025-05-29,1,1,0,1,1,1,0,0,1,0,0,0,1
ESSOUKNA,2025-05-30,1,1,0,1,1,1,0,1,1,1,0,0,1
ESSOUKNA,2025-06-04,0,1,0,1,1,1,0,1,1,1,0,0,1
ESSOUKNA,2025-06-05,0,1,0,1,1,1,0,1,1,1,0,0,1
ESSOUKNA,2025-06-11,0,1,0,1,1,1,1,1,1,1,0,0,0
ESSOUKNA,2025-06-12,0,1,0,1,1,1,1,1,1,0,0,0,0
ESSOUKNA,2025-06-13,0,1,0,1,1,1,1,1,1,1,0,0,0
ESSOUKNA,2025-06-18,0,1,0,1,1,1,1,0,1,1,0,0,0
ESSOUKNA,2025-06-19,1,1,0,0,0,1,0,0,1,1,0,0,0
ESSOUKNA,2025-06-25,1,1,0,0,0,1,0,0,1,0,0,0,0
ESSOUKNA,2025-06-27,1,1,0,0,0,1,0,1,1,1,0,0,0
ESSOUKNA,2025-07-02,1,1,0,0,1,1,0,0,0,0,0,0,0
ESSOUKNA,2025-07-03,1,1,0,1,1,0,0,0,0,0,0,0,0
ESSOUKNA,2025-07-04,1,1,0,1,0,1,0,0,1,1,0,0,0
ESSOUKNA,2025-07-09,1,1,0,1,1,1,0,0,0,0,0,0,0
ESSOUKNA,2025-07-10,1,1,0,1,1,1,0,0,0,1,0,0,0
ESSOUKNA,2025-07-11,1,1,0,1,1,1,0,0,0,0,0,0,0
ESSOUKNA,2025-07-16,1,1,0,1,1,0,0,0,1,0,0,0,0
ESSOUKNA,2025-07-17,1,1,0,1,1,0,0,0,1,0,0,1,0
ESSOUKNA,2025-07-18,1,1,0,1,1,1,0,1,1,1,0,1,0
ESSOUKNA,2025-07-23,1,1,0,1,1,1,0,1,1,1,0,1,0
ESSOUKNA,2025-07-24,1,1,0,1,1,1,0,0,1,1,0,1,0
ESSOUKNA,2025-07-30,1,1,0,1,1,0,0,0,1,1,0,1,0
ESSOUKNA,2025-07-31,1,1,0,1,1,1,0,1,1,1,0,1,0
ESSOUKNA,2025-08-01,1,1,0,1,1,1,0,1,1,1,0,1,0
ESSOUKNA,2025-08-06,1,1,0,1,1,1,0,0,1,1,0,1,0
ESSOUKNA,2025-08-08,1,1,0,1,1,1,0,0,1,1,0,1,0
ESSOUKNA,2025-08-14,1,1,0,1,1,0,0,0,1,1,0,1,0
ESSOUKNA,2025-08-15,0,1,0,1,1,0,0,0,1,1,0,1,0
ESSOUKNA,2025-08-20,1,1,0,1,1,1,0,0,1,1,0,1,0
ESSOUKNA,2025-08-21,1,1,0,1,1,1,0,0,1,1,0,1,0
ESSOUKNA,2025-08-22,1,1,0,1,1,1,0,0,1,1,0,1,0
ESSOUKNA,2025-08-27,0,1,0,1,1,0,0,0,1,1,0,1,0
ESSOUKNA,2025-08-28,0,1,0,1,1,0,0,0,1,1,0,1,0
ESSOUKNA,2025-09-03,0,1,0,1,1,1,1,0,1,1,0,1,0
ESSOUKNA,2025-09-05,0,1,0,1,0,1,1,0,1,1,0,1,0
ESSOUKNA,2025-09-10,0,1,0,0,0,1,1,0,1,1,0,1,0
ESSOUKNA,2025-09-11,0,1,0,0,0,1,1,1,1,1,0,1,0
ESSOUKNA,2025-09-17,1,1,0,0,0,1,0,1,1,1,0,1,0
ESSOUKNA,2025-09-18,1,1,0,0,0,1,0,1,1,0,0,1,0
ESSOUKNA,2025-09-19,1,1,0,0,0,1,0,1,1,1,0,1,0
ESSOUKNA,2025-09-24,1,1,0,0,0,1,1,1,1,1,0,1,0
ESSOUKNA,2025-09-25,0,1,0,0,1,1,1,1,1,0,0,1,0
ESSOUKNA,2025-09-26,0,1,0,0,1,1,0,1,1,0,0,1,0
ESSOUKNA,2025-10-01,1,1,0,1,0,1,0,1,1,1,0,1,0
ESSOUKNA,2025-10-02,1,1,0,1,0,1,0,1,1,1,0,1,0
ESSOUKNA,2025-10-03,1,1,0,1,1,1,0,1,1,0,0,1,0
ESSOUKNA,2025-10-08,0,1,0,0,1,1,1,1,1,1,0,1,0
ESSOUKNA,2025-10-10,1,1,0,1,1,1,1,0,0,0,0,1,0
ESSOUKNA,2025-10-16,1,1,0,1,1,1,1,1,0,0,0,1,0
ESSOUKNA,2025-10-17,1,1,0,1,1,1,1,1,1,1,0,1,0
ESSOUKNA,2025-10-22,0,1,0,1,1,1,1,1,1,1,0,1,0
ESSOUKNA,2025-10-23,0,1,0,1,1,1,1,1,1,1,0,1,0
ESSOUKNA,2025-10-24,1,1,0,1,1,0,0,0,0,0,0,1,0
ESSOUKNA,2025-10-29,0,1,0,1,1,1,0,1,0,0,0,1,0
ESSOUKNA,2025-10-30,0,1,0,1,1,0,0,0,0,0,0,1,0
ESSOUKNA,2025-10-31,1,1,0,1,1,0,0,1,0,1,0,1,0
ESSOUKNA,2025-11-05,0,1,0,1,1,0,0,0,0,0,0,1,0
ESSOUKNA,2025-11-06,1,1,0,1,1,1,0,0,1,1,0,1,0
ESSOUKNA,2025-11-07,0,1,0,1,0,1,0,0,1,1,0,1,0
ESSOUKNA,2025-11-12,1,1,0,1,1,0,0,0,0,0,0,1,0
ESSOUKNA,2025-11-13,1,1,0,1,1,0,0,0,0,0,0,1,0
ESSOUKNA,2025-11-19,1,1,0,0,0,1,0,0,1,1,0,1,0
ESSOUKNA,2025-11-20,1,1,0,0,1,1,0,0,1,1,0,1,0
ESSOUKNA,2025-11-21,1,1,0,1,1,1,0,0,1,1,0,1,0
ESSOUKNA,2025-11-26,1,1,0,1,1,0,0,0,0,0,0,1,0
ESSOUKNA,2025-11-27,0,1,0,1,1,0,0,0,0,0,0,1,0
ESSOUKNA,2025-11-28,0,1,0,1,1,1,0,0,0,1,0,1,0
ESSOUKNA,2025-12-03,0,1,0,1,1,1,0,0,0,1,0,1,0
ESSOUKNA,2025-12-04,0,1,0,1,1,0,0,0,1,1,0,1,0
EURO-CYCLES,2025-01-22,1,1,0,1,1,1,1,1,1,0,0,0,1
EURO-CYCLES,2025-01-23,1,1,0,1,1,1,1,1,1,1,0,0,1
EURO-CYCLES,2025-01-24,0,1,0,1,1,1,1,1,1,1,0,0,1
EURO-CYCLES,2025-01-29,1,1,0,1,1,1,1,1,1,0,0,0,1
EURO-CYCLES,2025-01-30,1,1,0,1,1,1,1,1,1,0,0,0,1
EURO-CYCLES,2025-02-05,1,1,0,1,1,1,0,1,1,0,0,0,1
EURO-CYCLES,2025-02-06,1,1,0,1,1,1,0,1,1,0,0,0,1
EURO-CYCLES,2025-02-07,1,1,0,1,1,1,1,1,1,0,0,0,1
EURO-CYCLES,2025-02-12,1,1,0,1,1,1,0,0,1,1,0,0,1
EURO-CYCLES,2025-02-13,1,1,0,1,1,1,0,1,1,0,0,0,1
EURO-CYCLES,2025-02-14,1,1,0,1,1,1,0,1,1,0,0,0,1
EURO-CYCLES,2025-02-19,1,1,0,1,1,1,0,1,1,0,0,0,1
EURO-CYCLES,2025-02-20,1,1,0,1,1,1,0,1,1,1,0,0,1
EURO-CYCLES,2025-02-21,1,1,0,1,1,1,0,0,1,0,0,0,1
EURO-CYCLES,2025-02-26,0,1,0,1,1,1,0,1,1,1,0,0,1
EURO-CYCLES,2025-02-27,0,1,0,1,1,1,0,0,1,1,0,0,1
EURO-CYCLES,2025-02-28,0,1,0,1,1,1,0,0,1,1,0,0,1
EURO-CYCLES,2025-03-05,0,1,0,1,1,1,0,1,1,1,0,0,1
EURO-CYCLES,2025-03-06,0,1,0,1,1,1,0,1,1,1,0,0,1
EURO-CYCLES,2025-03-07,1,1,0,1,1,1,0,1,1,1,0,0,1
EURO-CYCLES,2025-03-12,0,1,0,1,1,1,0,1,1,0,0,0,1
EURO-CYCLES,2025-03-13,0,1,0,1,1,0,0,0,1,0,0,0,1
EURO-CYCLES,2025-03-19,0,1,0,1,0,1,0,1,1,1,0,0,1
EURO-CYCLES,2025-03-21,0,1,0,1,1,1,0,0,1,1,0,0,1
EURO-CYCLES,2025-03-27,0,1,0,0,0,0,0,0,1,1,0,0,1
EURO-CYCLES,2025-03-28,0,1,0,0,0,0,0,0,0,1,0,0,1
EURO-CYCLES,2025-04-02,0,1,0,0,0,1,0,1,1,1,0,0,1
EURO-CYCLES,2025-04-04,1,1,0,0,0,1,0,0,1,1,0,0,1
EURO-CYCLES,2025-04-10,1,1,0,0,0,1,0,1,1,1,0,0,1
EURO-CYCLES,2025-04-11,1,1,0,0,0,0,0,0,0,0,0,0,1
EURO-CYCLES,2025-04-16,0,1,0,0,1,1,1,1,0,1,0,0,1
EURO-CYCLES,2025-04-17,0,1,0,0,0,0,0,0,0,0,0,0,1
EURO-CYCLES,2025-04-18,0,1,0,0,0,0,0,0,0,0,0,0,1
EURO-CYCLES,2025-04-23,1,1,0,0,0,1,1,1,1,1,0,0,1
EURO-CYCLES,2025-04-24,0,1,0,0,0,1,0,1,1,0,0,0,1
EURO-CYCLES,2025-05-02,0,1,0,0,1,0,0,1,0,0,0,0,1
EURO-CYCLES,2025-05-07,0,1,0,0,0,1,0,1,1,0,0,0,1
EURO-CYCLES,2025-05-08,0,1,0,0,0,1,1,1,0,0,0,0,1
EURO-CYCLES,2025-05-14,1,1,0,0,0,1,0,1,0,0,0,0,1
EURO-CYCLES,2025-05-15,1,1,0,0,0,1,0,0,0,0,0,0,1
EURO-CYCLES,2025-05-16,1,1,0,0,0,1,0,0,0,0,0,0,1
EURO-CYCLES,2025-05-21,1,1,0,0,0,1,1,0,0,0,0,0,1
EURO-CYCLES,2025-05-22,0,1,0,0,1,1,1,1,0,1,0,0,1
EURO-CYCLES,2025-05-23,0,1,0,0,1,1,1,0,0,0,0,0,1
EURO-CYCLES,2025-05-28,1,1,0,1,0,1,0,1,1,0,0,0,1
EURO-CYCLES,2025-05-29,0,1,0,1,1,1,0,0,0,0,0,0,1
EURO-CYCLES,2025-05-30,0,1,0,1,0,0,0,0,0,0,0,0,1
EURO-CYCLES,2025-06-04,0,1,0,1,1,0,0,0,0,0,0,0,1
EURO-CYCLES,2025-06-05,0,1,0,0,0,1,0,0,0,0,0,0,1
EURO-CYCLES,2025-06-11,0,1,0,1,0,0,0,0,0,0,0,0,1
EURO-CYCLES,2025-06-12,0,1,0,0,0,1,0,1,0,0,0,0,1
EURO-CYCLES,2025-06-13,0,1,0,0,0,1,0,1,1,1,0,0,1
EURO-CYCLES,2025-06-18,0,1,0,0,0,1,0,1,1,1,0,0,1
EURO-CYCLES,2025-06-19,1,1,0,0,0,1,1,1,1,0,0,0,1
EURO-CYCLES,2025-06-25,1,1,0,0,0,1,1,1,1,0,0,0,1
EURO-CYCLES,2025-06-27,1,1,0,0,0,1,1,1,1,1,0,0,1
EURO-CYCLES,2025-07-02,1,1,0,0,1,1,0,1,1,1,0,0,1
EURO-CYCLES,2025-07-03,1,1,0,0,1,1,0,0,1,0,0,0,1
EURO-CYCLES,2025-07-04,0,1,0,1,1,1,0,1,1,0,0,0,1
EURO-CYCLES,2025-07-09,0,1,0,1,1,1,1,1,1,0,0,0,1
EURO-CYCLES,2025-07-10,0,1,0,1,1,1,1,1,1,0,0,0,1
EURO-CYCLES,2025-07-11,0,1,0,1,1,1,1,1,1,0,0,0,1
EURO-CYCLES,2025-07-16,0,1,0,1,1,1,1,1,1,0,0,0,1
EURO-CYCLES,2025-07-17,0,1,0,1,1,1,1,1,1,0,0,0,1
EURO-CYCLES,2025-07-18,0,1,0,1,1,1,1,1,1,0,0,0,1
EURO-CYCLES,2025-07-23,0,1,0,1,1,1,1,1,1,0,0,0,1
EURO-CYCLES,2025-07-24,0,1,0,1,0,1,1,1,1,0,0,0,1
EURO-CYCLES,2025-07-30,1,1,0,0,0,1,1,1,0,0,0,0,1
EURO-CYCLES,2025-07-31,1,1,0,0,0,1,1,1,0,0,0,0,1
EURO-CYCLES,2025-08-01,1,1,0,0,0,1,1,1,0,0,0,0,1
EURO-CYCLES,2025-08-06,0,1,0,0,0,1,1,1,0,0,0,0,1
EURO-CYCLES,2025-08-08,0,1,0,0,1,1,1,1,0,0,0,0,1
EURO-CYCLES,2025-08-14,1,1,0,1,1,1,1,1,0,0,0,0,1
EURO-CYCLES,2025-08-15,1,1,0,1,0,1,1,1,1,1,0,0,1
EURO-CYCLES,2025-08-20,1,1,0,0,0,0,1,1,1,1,0,0,1
EURO-CYCLES,2025-08-21,0,1,0,0,1,1,1,1,1,1,0,0,1
EURO-CYCLES,2025-08-22,0,1,0,0,1,1,1,1,1,0,0,0,1
EURO-CYCLES,2025-08-27,0,1,0,1,1,1,1,1,1,0,0,0,1
EURO-CYCLES,2025-08-28,0,1,0,1,1,1,1,1,1,0,0,0,1
EURO-CYCLES,2025-09-03,1,1,0,0,0,1,1,1,1,0,0,0,1
EURO-CYCLES,2025-09-05,0,1,0,0,1,1,1,1,1,1,0,0,1
EURO-CYCLES,2025-09-10,0,1,0,1,0,1,1,1,1,0,0,0,1
EURO-CYCLES,2025-09-11,0,1,0,1,1,1,1,1,1,0,0,0,1
EURO-CYCLES,2025-09-17,1,1,0,0,0,1,1,1,1,1,0,0,1
EURO-CYCLES,2025-09-18,1,1,0,0,0,1,1,1,1,0,0,0,1
EURO-CYCLES,2025-09-19,1,1,0,0,0,0,0,1,0,0,0,0,1
EURO-CYCLES,2025-09-24,0,1,0,0,1,0,1,1,0,0,0,0,1
EURO-CYCLES,2025-09-25,0,1,0,1,1,0,0,0,0,0,0,0,1
EURO-CYCLES,2025-09-26,0,1,0,1,1,0,0,0,0,0,0,0,1
EURO-CYCLES,2025-10-01,0,1,0,1,0,1,0,1,0,0,0,0,1
EURO-CYCLES,2025-10-02,0,1,0,0,0,1,1,0,0,0,0,0,1
EURO-CYCLES,2025-10-03,0,1,0,0,0,1,1,1,0,0,0,0,1
EURO-CYCLES,2025-10-08,0,1,0,0,0,0,1,1,0,0,0,0,1
EURO-CYCLES,2025-10-10,0,1,0,0,0,0,0,0,0,0,0,0,1
EURO-CYCLES,2025-10-16,0,1,0,0,0,1,1,1,0,0,0,0,1
EURO-CYCLES,2025-10-17,0,1,0,0,0,1,1,0,0,0,0,0,1
EURO-CYCLES,2025-10-22,0,1,0,0,0,1,1,1,1,1,0,0,1
EURO-CYCLES,2025-10-23,1,1,0,0,0,1,1,1,1,1,0,0,1
EURO-CYCLES,2025-10-24,1,1,0,0,0,1,1,1,1,1,0,0,1
EURO-CYCLES,2025-10-29,1,1,0,0,0,1,1,1,1,0,0,0,1
EURO-CYCLES,2025-10-30,1,1,0,0,0,1,1,1,1,0,0,0,1
EURO-CYCLES,2025-10-31,1,1,0,0,0,1,1,1,0,0,0,0,1
EURO-CYCLES,2025-11-05,1,1,0,0,0,1,0,1,1,0,0,0,1
EURO-CYCLES,2025-11-06,0,1,0,0,0,1,0,0,0,0,0,0,1
EURO-CYCLES,2025-11-07,1,1,0,0,0,0,0,0,0,0,0,0,1
EURO-CYCLES,2025-11-12,0,1,0,1,1,1,0,1,1,0,0,0,1
EURO-CYCLES,2025-11-13,0,1,0,1,1,1,0,1,1,0,0,0,1
EURO-CYCLES,2025-11-19,1,1,0,1,1,1,0,1,1,0,0,0,1
EURO-CYCLES,2025-11-20,0,1,0,1,1,1,1,1,1,0,0,0,1
EURO-CYCLES,2025-11-21,0,1,0,1,1,0,1,1,1,0,0,0,1
EURO-CYCLES,2025-11-26,0,1,0,1,1,1,0,1,1,0,0,0,1
EURO-CYCLES,2025-11-27,1,1,0,1,1,1,1,1,1,0,0,0,1
EURO-CYCLES,2025-11-28,0,1,0,1,1,0,1,1,1,0,0,0,1
EURO-CYCLES,2025-12-03,1,1,0,0,0,1,1,1,1,0,0,0,1
EURO-CYCLES,2025-12-04,1,1,0,0,0,1,0,1,1,0,0,0,1
ICF,2025-01-22,1,1,0,1,1,1,0,1,0,1,0,0,0
ICF,2025-01-23,0,1,0,1,1,1,0,0,1,1,0,0,0
ICF,2025-01-24,0,1,0,1,1,1,0,1,1,1,0,0,0
ICF,2025-01-29,0,1,0,1,1,1,0,0,1,1,0,0,0
ICF,2025-01-30,1,1,0,1,1,1,0,1,0,1,0,0,0
ICF,2025-02-05,1,1,0,1,1,1,0,0,1,1,0,0,0
ICF,2025-02-06,1,1,0,1,0,1,0,1,1,1,0,0,0
ICF,2025-02-07,1,1,0,0,0,1,0,1,1,1,0,0,0
ICF,2025-02-12,0,1,0,0,1,0,0,0,1,1,0,0,0
ICF,2025-02-13,0,1,0,1,1,1,0,1,1,1,0,0,0
ICF,2025-02-14,0,1,0,1,1,1,0,1,1,1,0,0,0
ICF,2025-02-19,0,1,0,0,0,0,0,0,1,1,0,0,0
ICF,2025-02-20,0,1,0,0,0,0,0,0,1,1,0,0,0
ICF,2025-02-21,0,1,0,0,0,1,0,1,1,1,0,0,1
ICF,2025-02-26,1,1,0,0,0,1,0,1,1,1,0,0,1
ICF,2025-02-27,1,1,0,0,0,1,0,1,1,1,0,0,1
ICF,2025-02-28,1,1,0,0,0,0,0,1,1,1,0,0,1
ICF,2025-03-05,1,1,0,0,0,1,0,1,1,1,0,0,1
ICF,2025-03-06,1,1,0,0,0,0,0,1,0,1,0,0,1
ICF,2025-03-07,1,1,0,0,1,1,0,1,1,1,0,0,1
ICF,2025-03-12,0,1,0,1,1,0,0,1,0,1,0,0,1
ICF,2025-03-13,0,1,0,1,1,0,0,0,0,1,0,0,1
ICF,2025-03-19,0,1,0,1,1,1,0,1,1,1,0,0,0
ICF,2025-03-21,0,1,0,1,1,1,0,1,1,1,0,0,0
ICF,2025-03-27,0,1,0,1,1,1,0,0,1,1,0,0,0
ICF,2025-03-28,0,1,0,1,1,1,0,1,1,1,0,0,0
ICF,2025-04-02,0,1,0,1,1,1,1,1,1,1,0,0,0
ICF,2025-04-04,0,1,0,1,0,1,0,1,1,1,0,0,0
ICF,2025-04-10,0,1,0,0,0,1,0,1,1,1,0,0,0
ICF,2025-04-11,1,1,0,0,0,1,0,1,1,1,0,0,0
ICF,2025-04-16,1,1,0,0,0,0,0,1,0,1,0,0,0
ICF,2025-04-17,1,1,0,0,0,0,0,1,0,1,0,0,0
ICF,2025-04-18,1,1,0,0,0,1,0,1,1,1,0,0,0
ICF,2025-04-23,0,1,0,0,0,0,0,0,0,1,0,0,0
ICF,2025-04-24,0,1,0,0,1,0,0,0,0,1,0,0,0
ICF,2025-05-02,1,1,0,1,0,0,0,1,0,1,0,0,0
ICF,2025-05-07,1,1,0,0,0,0,0,0,0,0,0,0,0
ICF,2025-05-08,1,1,0,0,0,0,0,1,0,1,0,0,0
ICF,2025-05-14,1,1,0,0,0,0,0,0,1,0,0,0,0
ICF,2025-05-15,1,1,0,0,0,1,0,1,1,0,0,0,0
ICF,2025-05-16,1,1,0,0,1,0,0,1,1,0,0,0,0
ICF,2025-05-21,0,1,0,1,1,0,0,1,0,0,0,0,1
ICF,2025-05-22,0,1,0,1,1,0,0,1,0,0,0,0,1
ICF,2025-05-23,0,1,0,1,1,0,1,1,1,1,0,0,1
ICF,2025-05-28,0,1,0,1,1,0,0,1,1,0,0,0,1
ICF,2025-05-29,0,1,0,1,1,0,0,0,0,0,0,0,1
ICF,2025-05-30,1,1,0,1,1,0,0,1,1,1,0,0,1
ICF,2025-06-04,1,1,0,0,0,0,0,1,1,1,0,0,1
ICF,2025-06-05,1,1,0,0,0,0,0,0,0,0,0,0,1
ICF,2025-06-11,0,1,0,0,1,0,0,0,0,0,0,0,1
ICF,2025-06-12,0,1,0,0,1,0,0,0,0,0,0,0,1
ICF,2025-06-13,1,1,0,0,0,0,0,1,1,1,0,0,1
ICF,2025-06-18,1,1,0,0,1,0,0,0,0,0,0,0,1
ICF,2025-06-19,1,1,0,0,1,0,0,0,0,0,0,0,1
ICF,2025-06-25,1,1,0,1,0,0,0,0,0,0,0,0,1
ICF,2025-06-27,1,1,0,1,1,0,0,0,0,0,0,0,1
ICF,2025-07-02,0,1,0,1,1,0,0,0,0,0,0,0,1
ICF,2025-07-03,0,1,0,1,1,0,0,0,1,1,0,0,1
ICF,2025-07-04,0,1,0,1,1,1,0,1,1,0,0,0,1
ICF,2025-07-09,0,1,0,1,0,1,0,1,1,1,0,0,1
ICF,2025-07-10,0,1,0,1,0,0,0,0,1,0,0,0,1
ICF,2025-07-11,1,1,0,1,0,0,0,0,1,0,0,0,1
ICF,2025-07-16,1,1,0,0,0,0,0,0,1,0,0,0,1
ICF,2025-07-17,1,1,0,0,0,0,0,1,1,0,0,0,1
ICF,2025-07-18,1,1,0,0,0,0,0,1,1,0,0,0,1
ICF,2025-07-23,1,1,0,0,1,1,0,0,1,1,0,0,1
ICF,2025-07-24,1,1,0,0,1,0,0,0,0,0,0,0,1
ICF,2025-07-30,1,1,0,1,1,0,0,0,0,0,0,0,1
ICF,2025-07-31,1,1,0,1,1,0,0,0,0,0,0,0,1
ICF,2025-08-01,0,1,0,1,1,0,0,0,0,0,0,0,1
ICF,2025-08-06,1,1,0,1,1,0,0,0,0,0,0,0,1
ICF,2025-08-08,1,1,0,1,1,0,0,1,0,0,0,0,1
ICF,2025-08-14,0,1,0,1,1,0,0,0,0,0,0,0,1
ICF,2025-08-15,0,1,0,1,1,0,0,0,0,0,0,0,1
ICF,2025-08-20,0,1,0,1,1,1,0,1,0,0,0,0,1
ICF,2025-08-21,0,1,0,1,1,0,1,1,0,0,0,0,1
ICF,2025-08-22,0,1,0,1,1,0,0,0,0,0,0,0,1
ICF,2025-08-27,0,1,0,0,0,0,0,0,0,0,0,0,1
ICF,2025-08-28,0,1,0,0,0,1,0,0,0,1,0,0,1
ICF,2025-09-03,1,1,0,0,0,1,0,1,1,1,0,0,1
ICF,2025-09-05,1,1,0,0,0,1,0,1,1,1,0,0,1
ICF,2025-09-10,0,1,0,0,0,1,0,1,0,0,0,0,1
ICF,2025-09-11,0,1,0,0,0,0,0,1,0,1,0,0,1
ICF,2025-09-17,0,1,0,0,0,0,0,0,1,1,0,0,0
ICF,2025-09-18,0,1,0,0,0,1,0,1,1,1,0,0,0
ICF,2025-09-19,0,1,0,0,0,0,0,1,0,0,0,0,0
ICF,2025-09-24,1,1,0,0,0,1,0,1,1,0,0,0,0
ICF,2025-09-25,1,1,0,0,0,0,0,0,0,0,0,0,0
ICF,2025-09-26,1,1,0,0,0,0,0,0,0,0,0,0,0
ICF,2025-10-01,0,1,0,0,0,0,0,0,0,0,0,0,0
ICF,2025-10-02,0,1,0,0,0,0,0,0,0,0,0,0,0
ICF,2025-10-03,0,1,0,0,0,0,0,0,0,0,0,0,0
ICF,2025-10-08,1,1,0,0,0,0,0,0,0,0,0,0,0
ICF,2025-10-10,0,1,0,0,0,0,0,0,0,0,0,0,0
ICF,2025-10-16,0,1,0,0,0,0,0,0,0,0,0,0,1
ICF,2025-10-17,0,1,0,0,1,0,0,0,0,0,0,0,1
ICF,2025-10-22,1,1,0,0,0,1,0,1,1,1,0,0,1
ICF,2025-10-23,1,1,0,0,0,1,0,1,1,1,0,0,1
ICF,2025-10-24,1,1,0,0,0,1,0,1,1,0,0,0,1
ICF,2025-10-29,1,1,0,0,0,1,0,0,0,0,0,0,1
ICF,2025-10-30,0,1,0,0,0,0,0,0,0,0,0,0,1
ICF,2025-10-31,1,1,0,0,0,0,0,0,0,0,0,0,1
ICF,2025-11-05,1,1,0,0,0,1,0,1,1,1,0,0,1
ICF,2025-11-06,1,1,0,0,1,1,0,0,1,1,0,0,1
ICF,2025-11-07,1,1,0,0,1,1,0,1,1,1,0,0,1
ICF,2025-11-12,0,1,0,1,1,1,0,1,0,0,0,0,1
ICF,2025-11-13,0,1,0,1,1,0,0,0,0,0,0,0,1
ICF,2025-11-19,0,1,0,1,1,0,0,0,0,0,0,0,0
ICF,2025-11-20,0,1,0,1,1,0,0,0,0,0,0,0,0
ICF,2025-11-21,0,1,0,1,1,0,0,0,0,0,0,0,1
ICF,2025-11-26,0,1,0,1,0,1,0,1,1,1,0,0,1
ICF,2025-11-27,0,1,0,0,0,0,0,1,1,1,0,0,1
ICF,2025-11-28,0,1,0,0,0,0,0,1,1,1,0,0,1
ICF,2025-12-03,1,1,0,0,0,0,0,1,1,1,0,0,0
ICF,2025-12-04,1,1,0,0,0,0,1,1,1,0,0,0,0
LAND OR,2025-01-22,1,1,0,1,1,0,0,0,0,0,1,1,1
LAND OR,2025-01-23,1,1,0,1,1,0,0,0,0,0,1,1,1
LAND OR,2025-01-24,1,1,0,1,1,0,0,0,0,0,1,1,1
LAND OR,2025-01-29,1,1,0,1,0,1,0,0,0,0,1,1,1
LAND OR,2025-01-30,0,1,0,1,1,0,0,0,0,0,1,1,1
LAND OR,2025-02-05,0,1,0,0,0,0,0,0,0,0,1,1,1
LAND OR,2025-02-06,0,1,0,0,0,0,0,0,0,0,1,1,1
LAND OR,2025-02-07,0,1,0,0,0,0,0,0,0,0,1,1,1
LAND OR,2025-02-12,1,1,0,0,0,0,0,0,0,0,1,1,1
LAND OR,2025-02-13,1,1,0,0,0,0,0,0,0,0,1,1,1
LAND OR,2025-02-14,0,1,0,0,0,0,0,0,0,0,1,1,1
LAND OR,2025-02-19,1,1,0,0,0,0,0,0,0,0,1,1,1
LAND OR,2025-02-20,0,1,0,0,0,0,0,0,0,0,1,1,1
LAND OR,2025-02-21,0,1,0,0,0,0,0,0,0,0,1,1,1
LAND OR,2025-02-26,1,1,0,0,0,1,0,0,0,0,1,1,1
LAND OR,2025-02-27,1,1,0,0,0,1,0,0,0,0,1,1,1
LAND OR,2025-02-28,1,1,0,0,0,0,0,0,0,0,1,1,1
LAND OR,2025-03-05,1,1,0,0,0,0,0,0,0,0,1,1,1
LAND OR,2025-03-06,1,1,0,1,1,0,0,0,0,0,1,1,1
LAND OR,2025-03-07,1,1,0,1,1,0,0,0,0,0,1,1,1
LAND OR,2025-03-12,1,1,0,1,1,0,0,0,0,0,1,1,1
LAND OR,2025-03-13,1,1,0,1,1,0,0,0,0,0,1,1,1
LAND OR,2025-03-19,1,1,0,1,1,0,0,0,0,0,1,1,1
LAND OR,2025-03-21,1,1,0,1,1,0,0,0,0,0,1,1,1
LAND OR,2025-03-27,0,1,0,1,1,0,0,0,0,0,1,1,1
LAND OR,2025-03-28,0,1,0,1,1,0,0,0,0,0,1,1,1
LAND OR,2025-04-02,0,1,0,1,1,0,0,0,0,0,1,1,1
LAND OR,2025-04-04,0,1,0,1,1,0,0,0,0,0,1,1,1
LAND OR,2025-04-10,0,1,0,1,0,0,0,0,0,0,1,1,1
LAND OR,2025-04-11,0,1,0,0,0,0,0,0,0,0,1,1,1
LAND OR,2025-04-16,0,1,0,0,0,0,0,0,0,0,1,1,1
LAND OR,2025-04-17,0,1,0,0,0,1,0,0,0,1,1,1,1
LAND OR,2025-04-18,1,1,0,0,0,1,0,0,0,0,1,1,1
LAND OR,2025-04-23,0,1,0,0,0,0,0,0,0,0,1,1,1
LAND OR,2025-04-24,1,1,0,0,0,0,0,0,0,0,1,1,1
LAND OR,2025-05-02,1,1,0,0,0,0,0,0,0,0,1,1,1
LAND OR,2025-05-07,1,1,0,1,1,0,0,0,0,0,1,1,1
LAND OR,2025-05-08,1,1,0,1,1,0,0,0,0,0,1,1,1
LAND OR,2025-05-14,1,1,0,1,1,0,0,0,0,0,1,1,1
LAND OR,2025-05-15,1,1,0,1,1,0,0,0,0,0,1,1,1
LAND OR,2025-05-16,1,1,0,1,1,0,0,0,0,0,1,1,1
LAND OR,2025-05-21,0,1,0,1,1,0,0,0,0,0,1,1,1
LAND OR,2025-05-22,0,1,0,1,1,0,0,0,0,0,1,1,1
LAND OR,2025-05-23,0,1,0,1,1,0,0,0,0,0,1,1,1
LAND OR,2025-05-28,0,1,0,1,1,1,0,0,0,0,1,1,1
LAND OR,2025-05-29,1,1,0,1,1,1,0,0,0,0,1,1,1
LAND OR,2025-05-30,1,1,0,1,0,0,0,0,0,0,1,1,1
LAND OR,2025-06-04,0,1,0,0,1,0,0,0,0,0,1,1,1
LAND OR,2025-06-05,0,1,0,0,0,0,0,0,0,0,1,1,1
LAND OR,2025-06-11,0,1,0,0,0,0,0,0,0,0,1,1,1
LAND OR,2025-06-12,0,1,0,0,0,0,0,0,0,0,1,1,1
LAND OR,2025-06-13,0,1,0,0,0,0,0,0,0,0,1,1,1
LAND OR,2025-06-18,0,1,0,0,0,0,0,0,0,0,1,1,1
LAND OR,2025-06-19,0,1,0,0,0,0,0,0,0,0,1,1,1
LAND OR,2025-06-25,0,1,0,0,0,0,0,0,0,0,1,1,1
LAND OR,2025-06-27,0,1,0,0,0,0,0,0,0,0,1,1,1
LAND OR,2025-07-02,0,1,0,0,0,0,0,0,0,0,1,1,1
LAND OR,2025-07-03,1,1,0,0,0,1,0,0,0,0,1,1,1
LAND OR,2025-07-04,1,1,0,0,0,1,0,0,0,0,1,1,1
LAND OR,2025-07-09,1,1,0,0,0,1,0,0,0,0,1,1,1
LAND OR,2025-07-10,0,1,0,0,0,0,0,0,0,0,1,1,1
LAND OR,2025-07-11,0,1,0,0,0,0,0,0,0,0,1,1,1
LAND OR,2025-07-16,0,1,0,0,0,0,0,0,0,0,1,1,1
LAND OR,2025-07-17,0,1,0,0,0,1,0,0,0,0,1,1,1
LAND OR,2025-07-18,0,1,0,0,0,0,0,0,0,0,1,1,1
LAND OR,2025-07-23,0,1,0,0,0,1,0,0,0,0,1,1,1
LAND OR,2025-07-24,0,1,0,0,0,0,0,0,0,0,1,1,1
LAND OR,2025-07-30,0,1,0,0,0,0,0,0,0,0,1,1,1
LAND OR,2025-07-31,0,1,0,0,0,0,0,0,0,0,1,1,1
LAND OR,2025-08-01,0,1,0,0,0,0,0,0,0,0,1,1,1
LAND OR,2025-08-06,1,1,0,0,0,0,0,0,0,0,1,1,1
LAND OR,2025-08-08,1,1,0,0,0,0,0,0,0,0,1,1,1
LAND OR,2025-08-14,0,1,0,0,0,0,0,0,0,0,1,1,1
LAND OR,2025-08-15,1,1,0,0,0,0,0,0,0,0,1,1,1
LAND OR,2025-08-20,1,1,0,1,1,0,0,0,0,0,1,1,1
LAND OR,2025-08-21,1,1,0,0,0,0,0,0,0,0,1,1,1
LAND OR,2025-08-22,1,1,0,0,0,0,0,0,0,0,1,1,1
LAND OR,2025-08-27,0,1,0,0,1,0,0,0,0,0,1,1,1
LAND OR,2025-08-28,0,1,0,1,1,0,0,0,0,0,1,1,1
LAND OR,2025-09-03,0,1,0,1,0,1,0,1,0,0,1,1,1
LAND OR,2025-09-05,0,1,0,1,0,1,0,0,0,0,1,1,1
LAND OR,2025-09-10,0,1,0,0,1,0,0,0,0,0,1,1,1
LAND OR,2025-09-11,0,1,0,0,1,0,0,0,0,0,1,1,1
LAND OR,2025-09-17,1,1,0,0,0,1,0,0,0,0,1,1,1
LAND OR,2025-09-18,1,1,0,0,0,0,0,0,0,0,1,1,1
LAND OR,2025-09-19,1,1,0,0,0,0,0,0,0,0,1,1,1
LAND OR,2025-09-24,1,1,0,0,0,1,0,0,0,0,1,1,1
LAND OR,2025-09-25,1,1,0,0,0,1,0,1,0,0,1,1,1
LAND OR,2025-09-26,1,1,0,0,0,0,0,0,0,0,1,1,1
LAND OR,2025-10-01,1,1,0,1,1,0,0,0,0,0,1,1,1
LAND OR,2025-10-02,0,1,0,1,1,1,0,0,0,0,1,1,1
LAND OR,2025-10-03,1,1,0,1,1,0,0,0,0,0,1,1,1
LAND OR,2025-10-08,0,1,0,1,1,0,0,0,0,0,1,1,1
LAND OR,2025-10-10,1,1,0,1,1,0,0,0,0,0,1,1,1
LAND OR,2025-10-16,1,1,0,1,0,1,0,1,1,0,1,1,1
LAND OR,2025-10-17,1,1,0,1,1,0,0,0,0,0,1,1,1
LAND OR,2025-10-22,1,1,0,1,1,0,0,0,0,0,1,1,1
LAND OR,2025-10-23,1,1,0,1,1,0,0,0,0,0,1,1,1
LAND OR,2025-10-24,1,1,0,1,1,0,0,0,0,0,1,1,1
LAND OR,2025-10-29,1,1,0,1,1,0,0,0,0,0,1,1,1
LAND OR,2025-10-30,1,1,0,1,0,0,0,0,0,1,1,1,1
LAND OR,2025-10-31,1,1,0,1,1,0,0,0,0,1,1,1,1
LAND OR,2025-11-05,1,1,0,1,1,0,0,0,0,0,1,1,1
LAND OR,2025-11-06,1,1,0,1,1,0,0,0,0,0,1,1,1
LAND OR,2025-11-07,1,1,0,1,1,0,0,0,0,0,1,1,1
LAND OR,2025-11-12,1,1,0,1,1,0,0,0,0,0,1,1,1
LAND OR,2025-11-13,1,1,0,1,1,0,0,0,0,0,1,1,0
LAND OR,2025-11-19,1,1,0,1,1,0,0,0,0,0,1,1,0
LAND OR,2025-11-20,1,1,0,1,1,0,0,0,0,0,1,1,0
LAND OR,2025-11-21,0,1,0,1,1,0,0,0,0,0,1,1,0
LAND OR,2025-11-26,0,1,0,1,1,1,0,0,0,0,1,1,0
LAND OR,2025-11-27,0,1,0,1,1,0,0,0,0,0,1,1,0
LAND OR,2025-11-28,0,1,0,1,1,0,0,0,0,0,1,1,0
LAND OR,2025-12-03,1,1,0,1,1,0,0,0,0,0,1,1,0
LAND OR,2025-12-04,1,1,0,1,1,0,0,0,0,0,1,1,0
MPBS,2025-01-22,0,1,0,0,0,0,0,0,0,0,1,1,1
MPBS,2025-01-23,0,1,0,0,0,0,0,0,0,0,1,1,1
MPBS,2025-01-24,0,1,0,0,0,0,0,0,0,0,1,1,1
MPBS,2025-01-29,0,1,0,0,0,0,0,0,0,0,1,1,1
MPBS,2025-01-30,0,1,0,0,0,0,0,0,0,0,1,1,1
MPBS,2025-02-05,1,1,0,0,0,0,0,0,0,0,1,1,1
MPBS,2025-02-06,1,1,0,0,0,0,0,0,0,0,1,1,1
MPBS,2025-02-07,1,1,0,0,0,0,0,0,0,0,1,1,1
MPBS,2025-02-12,1,1,0,0,0,0,0,0,0,0,1,1,1
MPBS,2025-02-13,1,1,0,0,0,0,0,0,0,1,1,1,1
MPBS,2025-02-14,0,1,0,0,1,0,0,0,0,0,1,1,1
MPBS,2025-02-19,0,1,0,1,1,0,0,0,0,0,1,1,0
MPBS,2025-02-20,0,1,0,1,1,0,0,0,0,0,1,1,1
MPBS,2025-02-21,0,1,0,1,1,0,0,0,0,0,1,1,1
MPBS,2025-02-26,0,1,0,1,0,0,0,0,0,0,1,1,0
MPBS,2025-02-27,0,1,0,1,0,0,0,0,0,0,1,1,1
MPBS,2025-02-28,1,1,0,0,0,0,0,0,0,0,1,1,0
MPBS,2025-03-05,1,1,0,0,0,0,0,0,0,0,1,1,1
MPBS,2025-03-06,1,1,0,0,0,0,0,0,0,0,1,1,1
MPBS,2025-03-07,1,1,0,0,0,0,0,0,0,0,1,1,1
MPBS,2025-03-12,0,1,0,0,1,0,0,0,0,0,1,1,1
MPBS,2025-03-13,0,1,0,0,1,0,0,0,0,0,1,1,1
MPBS,2025-03-19,1,1,0,1,1,0,0,0,0,0,1,1,1
MPBS,2025-03-21,0,1,0,1,1,0,0,0,0,0,1,1,1
MPBS,2025-03-27,0,1,0,1,1,0,0,0,0,0,1,1,1
MPBS,2025-03-28,1,1,0,1,1,0,0,0,0,0,1,1,1
MPBS,2025-04-02,1,1,0,1,1,0,0,0,0,0,1,1,1
MPBS,2025-04-04,1,1,0,0,0,0,0,0,0,0,1,1,1
MPBS,2025-04-10,1,1,0,0,0,0,0,0,0,0,1,1,1
MPBS,2025-04-11,1,1,0,0,1,0,0,0,0,0,1,1,1
MPBS,2025-04-16,1,1,0,1,1,0,0,0,0,0,1,1,1
MPBS,2025-04-17,1,1,0,1,0,0,0,0,0,0,1,1,1
MPBS,2025-04-18,1,1,0,1,0,0,0,0,0,0,1,1,1
MPBS,2025-04-23,1,1,0,1,1,0,0,0,0,0,1,1,1
MPBS,2025-04-24,1,1,0,1,1,0,0,0,0,0,1,1,1
MPBS,2025-05-02,1,1,0,1,1,0,0,0,0,0,1,1,1
MPBS,2025-05-07,0,1,0,1,1,0,0,0,0,0,1,1,1
MPBS,2025-05-08,0,1,0,1,1,0,0,0,0,0,1,1,1
MPBS,2025-05-14,0,1,0,1,1,0,0,0,0,0,1,1,1
MPBS,2025-05-15,0,1,0,1,1,0,0,0,0,0,1,1,1
MPBS,2025-05-16,0,1,0,1,1,0,1,0,0,0,1,1,0
MPBS,2025-05-21,1,1,0,1,0,0,0,0,0,0,1,1,0
MPBS,2025-05-22,0,1,0,1,1,0,0,0,0,0,1,1,0
MPBS,2025-05-23,0,1,0,0,0,0,0,0,0,0,1,1,0
MPBS,2025-05-28,1,1,0,0,0,0,0,0,0,0,1,1,0
MPBS,2025-05-29,0,1,0,0,1,0,0,0,0,0,1,1,0
MPBS,2025-05-30,0,1,0,0,1,0,0,0,0,0,1,1,0
MPBS,2025-06-04,1,1,0,0,0,0,1,0,0,0,1,1,1
MPBS,2025-06-05,1,1,0,0,1,0,1,0,0,0,1,1,1
MPBS,2025-06-11,0,1,0,1,1,0,0,0,0,0,1,1,1
MPBS,2025-06-12,0,1,0,1,1,0,0,0,0,0,1,1,1
MPBS,2025-06-13,0,1,0,1,1,0,0,0,0,0,1,1,1
MPBS,2025-06-18,0,1,0,1,1,0,0,0,0,0,1,1,1
MPBS,2025-06-19,0,1,0,1,1,0,0,0,0,0,1,1,1
MPBS,2025-06-25,0,1,0,1,0,0,0,0,0,0,1,1,1
MPBS,2025-06-27,1,1,0,1,0,0,0,0,0,0,1,1,1
MPBS,2025-07-02,1,1,0,0,0,1,0,0,0,0,1,1,1
MPBS,2025-07-03,1,1,0,0,0,0,0,0,0,0,1,1,1
MPBS,2025-07-04,0,1,0,0,0,1,0,0,0,0,1,1,1
MPBS,2025-07-09,0,1,0,0,1,0,0,0,0,0,1,1,1
MPBS,2025-07-10,0,1,0,0,1,0,0,0,0,0,1,1,1
MPBS,2025-07-11,0,1,0,1,1,0,0,0,0,0,1,1,1
MPBS,2025-07-16,1,1,0,0,0,0,0,0,0,1,1,1,1
MPBS,2025-07-17,0,1,0,0,0,0,0,0,0,1,1,1,1
MPBS,2025-07-18,0,1,0,0,0,0,0,0,0,1,1,1,1
MPBS,2025-07-23,0,1,0,0,0,1,0,0,0,1,1,1,1
MPBS,2025-07-24,0,1,0,0,0,1,0,0,0,1,1,1,1
MPBS,2025-07-30,1,1,0,0,0,0,0,0,0,1,1,1,0
MPBS,2025-07-31,1,1,0,0,0,0,0,0,0,1,1,1,0
MPBS,2025-08-01,1,1,0,0,0,0,0,0,0,1,1,1,0
MPBS,2025-08-06,1,1,0,0,0,1,1,0,0,1,1,1,0
MPBS,2025-08-08,0,1,0,0,0,0,0,0,0,1,1,1,0
MPBS,2025-08-14,0,1,0,1,1,0,0,0,0,0,1,1,0
MPBS,2025-08-15,1,1,0,1,0,0,0,0,0,0,1,1,0
MPBS,2025-08-20,1,1,0,1,1,0,0,0,0,0,1,1,0
MPBS,2025-08-21,0,1,0,1,1,0,0,0,0,0,1,1,0
MPBS,2025-08-22,0,1,0,1,1,0,1,0,0,0,1,1,0
MPBS,2025-08-27,1,1,0,1,1,0,0,0,0,0,1,1,0
MPBS,2025-08-28,0,1,0,1,1,0,0,0,0,0,1,1,0
MPBS,2025-09-03,1,1,0,0,1,1,0,0,0,0,1,1,1
MPBS,2025-09-05,1,1,0,0,1,0,0,0,0,0,1,1,1
MPBS,2025-09-10,0,1,0,1,1,0,0,0,0,0,1,1,1
MPBS,2025-09-11,0,1,0,1,1,0,0,0,0,0,1,1,1
MPBS,2025-09-17,0,1,0,1,1,0,0,0,0,0,1,1,1
MPBS,2025-09-18,0,1,0,1,1,0,1,0,0,0,1,1,1
MPBS,2025-09-19,0,1,0,1,1,0,0,0,0,0,1,1,1
MPBS,2025-09-24,0,1,0,1,0,0,1,0,0,0,1,1,1
MPBS,2025-09-25,0,1,0,0,0,0,1,0,0,0,1,1,1
MPBS,2025-09-26,0,1,0,0,0,0,1,0,0,0,1,1,1
MPBS,2025-10-01,0,1,0,0,0,0,0,0,0,0,1,1,1
MPBS,2025-10-02,0,1,0,0,0,0,0,0,0,0,1,1,1
MPBS,2025-10-03,0,1,0,0,0,0,0,0,0,0,1,1,1
MPBS,2025-10-08,0,1,0,0,0,0,0,0,0,0,1,1,1
MPBS,2025-10-10,0,1,0,0,0,0,0,0,0,0,1,1,1
MPBS,2025-10-16,0,1,0,0,0,1,0,0,0,0,1,1,1
MPBS,2025-10-17,0,1,0,0,0,0,0,0,0,0,1,1,1
MPBS,2025-10-22,0,1,0,0,0,0,0,0,0,0,1,1,1
MPBS,2025-10-23,1,1,0,0,0,0,0,0,0,0,1,1,1
MPBS,2025-10-24,0,1,0,0,0,0,1,0,0,0,1,1,1
MPBS,2025-10-29,1,1,0,0,0,1,0,0,0,0,1,1,1
MPBS,2025-10-30,0,1,0,0,0,0,0,0,0,0,1,1,1
MPBS,2025-10-31,1,1,0,0,0,0,0,0,0,0,1,1,1
MPBS,2025-11-05,1,1,0,0,0,0,0,0,0,0,1,1,1
MPBS,2025-11-06,1,1,0,0,0,0,0,0,0,0,1,1,1
MPBS,2025-11-07,1,1,0,0,0,0,0,0,0,0,1,1,1
MPBS,2025-11-12,0,1,0,0,0,0,0,0,0,0,1,1,1
MPBS,2025-11-13,0,1,0,0,0,0,0,0,0,0,1,1,1
MPBS,2025-11-19,0,1,0,1,1,0,0,0,0,0,1,1,1
MPBS,2025-11-20,0,1,0,1,1,0,0,0,0,0,1,1,1
MPBS,2025-11-21,1,1,0,1,0,0,0,0,0,0,1,1,1
MPBS,2025-11-26,1,1,0,0,0,0,0,0,0,0,1,1,1
MPBS,2025-11-27,1,1,0,0,0,0,0,0,0,0,1,1,1
MPBS,2025-11-28,1,1,0,0,0,0,0,0,0,0,1,1,1
MPBS,2025-12-03,1,1,0,1,1,0,0,0,0,0,1,1,1
MPBS,2025-12-04,1,1,0,1,1,0,0,0,0,0,1,1,1
NEW BODY LINE,2025-01-22,0,1,0,0,0,0,0,0,0,0,0,1,1
NEW BODY LINE,2025-01-23,0,1,0,0,0,0,0,0,0,0,0,1,1
NEW BODY LINE,2025-01-24,0,1,0,0,0,1,0,1,0,0,0,1,1
NEW BODY LINE,2025-01-29,1,1,0,0,0,1,0,1,1,0,0,1,0
NEW BODY LINE,2025-01-30,0,1,0,0,0,1,0,1,1,0,0,1,0
NEW BODY LINE,2025-02-05,0,1,0,0,0,1,0,0,0,0,0,1,0
NEW BODY LINE,2025-02-06,0,1,0,0,0,1,0,0,0,0,0,1,1
NEW BODY LINE,2025-02-07,0,1,0,0,0,1,0,0,0,0,0,1,1
NEW BODY LINE,2025-02-12,0,1,0,0,0,1,1,1,1,0,0,1,1
NEW BODY LINE,2025-02-13,1,1,0,0,0,1,0,1,1,0,0,1,1
NEW BODY LINE,2025-02-14,1,1,0,0,0,1,1,1,1,1,0,1,1
NEW BODY LINE,2025-02-19,0,1,0,0,0,0,0,0,0,0,0,1,0
NEW BODY LINE,2025-02-20,0,1,0,0,0,0,0,0,0,0,0,1,0
NEW BODY LINE,2025-02-21,0,1,0,0,0,0,0,1,0,0,0,1,0
NEW BODY LINE,2025-02-26,0,1,0,0,0,1,0,1,0,0,0,1,0
NEW BODY LINE,2025-02-27,0,1,0,0,0,1,0,0,0,0,0,1,0
NEW BODY LINE,2025-02-28,0,1,0,0,0,1,0,0,0,0,0,1,0
NEW BODY LINE,2025-03-05,1,1,0,0,0,1,0,0,0,0,0,1,1
NEW BODY LINE,2025-03-06,1,1,0,0,0,1,0,0,0,0,0,1,1
NEW BODY LINE,2025-03-07,1,1,0,0,0,0,0,0,0,0,0,1,1
NEW BODY LINE,2025-03-12,1,1,0,0,1,0,0,0,0,0,0,1,0
NEW BODY LINE,2025-03-13,1,1,0,0,1,0,0,0,0,0,0,1,0
NEW BODY LINE,2025-03-19,1,1,0,1,1,0,0,0,1,1,0,1,1
NEW BODY LINE,2025-03-21,1,1,0,1,1,0,0,0,1,0,0,1,1
NEW BODY LINE,2025-03-27,0,1,0,1,1,0,0,0,0,0,0,1,1
NEW BODY LINE,2025-03-28,0,1,0,1,1,0,0,1,0,0,0,1,1
NEW BODY LINE,2025-04-02,0,1,0,1,1,0,0,0,0,0,0,1,1
NEW BODY LINE,2025-04-04,1,1,0,1,1,0,0,0,0,0,0,1,1
NEW BODY LINE,2025-04-10,1,1,0,1,1,0,0,0,0,0,0,1,1
NEW BODY LINE,2025-04-11,1,1,0,1,1,0,0,0,0,0,0,1,1
NEW BODY LINE,2025-04-16,0,1,0,1,1,0,0,1,0,0,0,1,1
NEW BODY LINE,2025-04-17,0,1,0,1,1,0,0,0,0,0,0,1,1
NEW BODY LINE,2025-04-18,0,1,0,1,1,0,0,0,0,0,0,1,1
NEW BODY LINE,2025-04-23,0,1,0,1,1,0,0,0,0,0,0,1,1
NEW BODY LINE,2025-04-24,0,1,0,1,0,0,0,1,1,1,0,1,1
NEW BODY LINE,2025-05-02,0,1,0,0,0,1,0,1,1,0,0,1,1
NEW BODY LINE,2025-05-07,0,1,0,0,0,0,0,1,0,0,0,1,1
NEW BODY LINE,2025-05-08,1,1,0,0,0,1,1,1,1,1,0,1,1
NEW BODY LINE,2025-05-14,1,1,0,0,0,1,0,1,0,0,0,1,0
NEW BODY LINE,2025-05-15,1,1,0,0,0,1,0,1,1,1,0,1,0
NEW BODY LINE,2025-05-16,1,1,0,0,0,1,0,1,1,1,0,1,0
NEW BODY LINE,2025-05-21,0,1,0,0,1,1,0,1,1,1,0,1,0
NEW BODY LINE,2025-05-22,0,1,0,0,1,1,0,0,0,0,0,1,0
NEW BODY LINE,2025-05-23,0,1,0,1,1,0,0,1,0,0,0,1,0
NEW BODY LINE,2025-05-28,0,1,0,1,1,1,0,1,1,0,0,1,0
NEW BODY LINE,2025-05-29,0,1,0,1,1,1,0,1,0,0,0,1,0
NEW BODY LINE,2025-05-30,0,1,0,1,0,1,0,1,1,0,0,1,0
NEW BODY LINE,2025-06-04,0,1,0,0,0,1,0,0,0,0,0,1,0
NEW BODY LINE,2025-06-05,0,1,0,0,0,1,0,0,0,0,0,1,0
NEW BODY LINE,2025-06-11,1,1,0,0,0,1,1,1,1,1,0,1,0
NEW BODY LINE,2025-06-12,1,1,0,0,0,1,1,1,1,1,0,1,0
NEW BODY LINE,2025-06-13,1,1,0,0,0,1,0,1,1,1,0,1,0
NEW BODY LINE,2025-06-18,1,1,0,0,0,1,0,1,1,1,0,1,0
NEW BODY LINE,2025-06-19,1,1,0,0,0,1,0,1,1,0,0,1,0
NEW BODY LINE,2025-06-25,1,1,0,0,1,0,0,1,0,0,0,1,0
NEW BODY LINE,2025-06-27,1,1,0,1,1,0,0,1,0,0,0,1,0
NEW BODY LINE,2025-07-02,1,1,0,1,1,0,0,0,0,0,0,1,0
NEW BODY LINE,2025-07-03,1,1,0,1,1,0,0,0,0,0,0,1,0
NEW BODY LINE,2025-07-04,1,1,0,1,1,0,0,0,0,0,0,1,0
NEW BODY LINE,2025-07-09,0,1,0,1,1,0,0,0,0,0,0,1,0
NEW BODY LINE,2025-07-10,0,1,0,1,1,1,0,0,0,0,0,1,0
NEW BODY LINE,2025-07-11,0,1,0,1,1,1,0,0,0,0,0,1,0
NEW BODY LINE,2025-07-16,1,1,0,1,1,1,0,0,0,0,0,1,0
NEW BODY LINE,2025-07-17,0,1,0,1,1,1,0,0,0,0,0,1,0
NEW BODY LINE,2025-07-18,0,1,0,1,1,1,0,0,0,0,0,1,0
NEW BODY LINE,2025-07-23,0,1,0,1,1,1,0,0,0,0,0,1,0
NEW BODY LINE,2025-07-24,0,1,0,0,1,0,0,0,0,0,0,1,0
NEW BODY LINE,2025-07-30,1,1,0,1,0,0,0,0,0,0,0,1,0
NEW BODY LINE,2025-07-31,0,1,0,1,1,0,0,0,0,0,0,1,0
NEW BODY LINE,2025-08-01,0,1,0,1,1,0,0,0,0,0,0,1,0
NEW BODY LINE,2025-08-06,0,1,0,0,1,0,0,0,0,0,0,1,1
NEW BODY LINE,2025-08-08,0,1,0,0,1,0,0,0,0,0,0,1,1
NEW BODY LINE,2025-08-14,0,1,0,1,0,0,0,0,0,0,0,1,1
NEW BODY LINE,2025-08-15,0,1,0,1,0,0,0,0,0,0,0,1,1
NEW BODY LINE,2025-08-20,0,1,0,1,1,0,0,0,0,0,0,1,1
NEW BODY LINE,2025-08-21,1,1,0,0,0,0,0,1,1,1,0,1,1
NEW BODY LINE,2025-08-22,0,1,0,0,1,1,0,0,0,0,0,1,1
NEW BODY LINE,2025-08-27,1,1,0,0,0,1,0,1,0,0,0,1,1
NEW BODY LINE,2025-08-28,1,1,0,0,0,1,0,1,1,0,0,1,1
NEW BODY LINE,2025-09-03,1,1,0,0,0,0,0,0,0,0,0,1,1
NEW BODY LINE,2025-09-05,0,1,0,0,1,1,0,1,1,1,0,1,1
NEW BODY LINE,2025-09-10,0,1,0,1,1,0,0,1,1,0,0,1,1
NEW BODY LINE,2025-09-11,1,1,0,0,0,1,0,1,1,1,0,1,1
NEW BODY LINE,2025-09-17,1,1,0,0,0,0,0,1,1,0,0,1,0
NEW BODY LINE,2025-09-18,1,1,0,0,0,0,0,1,1,0,0,1,0
NEW BODY LINE,2025-09-19,0,1,0,0,1,1,0,0,0,0,0,1,0
NEW BODY LINE,2025-09-24,0,1,0,1,1,1,0,0,0,0,0,1,0
NEW BODY LINE,2025-09-25,0,1,0,1,1,0,0,0,0,0,0,1,0
NEW BODY LINE,2025-09-26,0,1,0,1,1,0,0,0,0,0,0,1,1
NEW BODY LINE,2025-10-01,0,1,0,1,0,1,0,1,1,0,0,1,1
NEW BODY LINE,2025-10-02,0,1,0,0,0,0,0,1,1,0,0,1,1
NEW BODY LINE,2025-10-03,0,1,0,0,1,0,0,1,0,0,0,1,1
NEW BODY LINE,2025-10-08,0,1,0,0,1,0,0,0,0,0,0,1,1
NEW BODY LINE,2025-10-10,1,1,0,0,0,1,0,1,1,1,0,1,1
NEW BODY LINE,2025-10-16,0,1,0,0,0,1,0,0,0,0,0,1,1
NEW BODY LINE,2025-10-17,0,1,0,0,0,1,0,0,0,0,0,1,1
NEW BODY LINE,2025-10-22,0,1,0,0,0,1,0,1,0,0,0,1,1
NEW BODY LINE,2025-10-23,0,1,0,0,0,1,1,1,1,1,0,1,1
NEW BODY LINE,2025-10-24,0,1,0,0,0,1,0,1,1,0,0,1,1
NEW BODY LINE,2025-10-29,0,1,0,0,0,0,0,1,1,1,0,1,0
NEW BODY LINE,2025-10-30,0,1,0,0,0,1,1,1,1,1,0,1,0
NEW BODY LINE,2025-10-31,0,1,0,0,0,0,0,1,1,1,0,1,0
NEW BODY LINE,2025-11-05,0,1,0,0,0,1,0,1,1,0,0,1,0
NEW BODY LINE,2025-11-06,0,1,0,0,0,1,0,1,1,0,0,1,0
NEW BODY LINE,2025-11-07,0,1,0,0,0,0,0,1,1,0,0,1,0
NEW BODY LINE,2025-11-12,0,1,0,0,0,1,0,1,1,0,0,1,0
NEW BODY LINE,2025-11-13,0,1,0,0,0,1,0,1,1,1,0,1,0
NEW BODY LINE,2025-11-19,1,1,0,0,0,1,0,1,1,0,0,1,0
NEW BODY LINE,2025-11-20,1,1,0,0,0,1,0,1,1,0,0,1,0
NEW BODY LINE,2025-11-21,1,1,0,0,0,1,0,0,1,0,0,1,0
NEW BODY LINE,2025-11-26,1,1,0,0,0,1,0,0,1,0,0,1,0
NEW BODY LINE,2025-11-27,1,1,0,0,0,1,0,0,0,0,0,1,0
NEW BODY LINE,2025-11-28,1,1,0,0,1,1,0,0,0,0,0,1,0
NEW BODY LINE,2025-12-03,1,1,0,1,1,0,0,0,0,0,0,1,0
NEW BODY LINE,2025-12-04,1,1,0,1,1,0,0,0,0,0,0,1,0
ONE TECH HOLDING,2025-01-22,1,1,0,0,0,0,1,1,1,1,1,1,1
ONE TECH HOLDING,2025-01-23,0,1,0,0,0,1,1,1,1,1,1,1,1
ONE TECH HOLDING,2025-01-24,0,1,0,0,0,1,1,1,1,1,1,1,1
ONE TECH HOLDING,2025-01-29,1,1,0,0,0,1,1,1,0,0,1,1,1
ONE TECH HOLDING,2025-01-30,1,1,0,1,1,1,1,1,0,0,1,1,1
ONE TECH HOLDING,2025-02-05,1,1,0,0,1,0,1,1,0,0,1,1,1
ONE TECH HOLDING,2025-02-06,1,1,0,0,0,1,1,1,0,1,1,1,1
ONE TECH HOLDING,2025-02-07,0,1,0,0,1,1,1,1,0,1,1,1,1
ONE TECH HOLDING,2025-02-12,0,1,0,1,1,1,1,1,1,1,1,1,1
ONE TECH HOLDING,2025-02-13,0,1,0,1,1,1,1,1,1,0,1,1,1
ONE TECH HOLDING,2025-02-14,0,1,0,1,1,1,1,1,1,1,1,1,1
ONE TECH HOLDING,2025-02-19,0,1,0,1,0,1,1,1,1,1,1,1,1
ONE TECH HOLDING,2025-02-20,1,1,0,0,0,1,1,1,1,1,1,1,1
ONE TECH HOLDING,2025-02-21,0,1,0,0,0,0,1,1,1,1,1,1,1
ONE TECH HOLDING,2025-02-26,0,1,0,0,0,1,1,1,1,0,1,1,1
ONE TECH HOLDING,2025-02-27,0,1,0,0,0,1,1,1,1,0,1,1,1
ONE TECH HOLDING,2025-02-28,0,1,0,0,0,0,1,1,1,1,1,1,1
ONE TECH HOLDING,2025-03-05,0,1,0,0,0,1,1,1,1,1,1,1,1
ONE TECH HOLDING,2025-03-06,0,1,0,0,0,1,1,1,1,0,1,1,1
ONE TECH HOLDING,2025-03-07,1,1,0,0,0,1,1,1,1,1,1,1,1
ONE TECH HOLDING,2025-03-12,0,1,0,0,0,0,1,1,0,0,1,1,1
ONE TECH HOLDING,2025-03-13,1,1,0,0,0,0,1,1,1,1,1,1,1
ONE TECH HOLDING,2025-03-19,0,1,0,0,1,1,1,1,1,1,1,1,1
ONE TECH HOLDING,2025-03-21,0,1,0,0,0,1,1,1,1,1,1,1,1
ONE TECH HOLDING,2025-03-27,0,1,0,0,0,0,1,1,1,1,1,1,1
ONE TECH HOLDING,2025-03-28,0,1,0,0,0,1,1,1,1,1,1,1,1
ONE TECH HOLDING,2025-04-02,0,1,0,0,0,1,1,1,1,1,1,1,1
ONE TECH HOLDING,2025-04-04,0,1,0,0,0,1,1,1,1,1,1,1,1
ONE TECH HOLDING,2025-04-10,1,1,0,0,0,1,1,1,1,1,1,1,1
ONE TECH HOLDING,2025-04-11,1,1,0,0,0,1,1,1,1,1,1,1,1
ONE TECH HOLDING,2025-04-16,1,1,0,0,0,0,1,1,0,1,1,1,1
ONE TECH HOLDING,2025-04-17,1,1,0,0,0,1,1,1,1,1,1,1,1
ONE TECH HOLDING,2025-04-18,1,1,0,0,0,0,1,1,0,0,1,1,1
ONE TECH HOLDING,2025-04-23,0,1,0,1,1,1,1,1,0,0,1,1,1
ONE TECH HOLDING,2025-04-24,0,1,0,1,1,1,1,1,0,0,1,1,1
ONE TECH HOLDING,2025-05-02,1,1,0,1,1,1,1,1,1,1,1,1,1
ONE TECH HOLDING,2025-05-07,0,1,0,1,1,1,1,1,1,1,1,1,1
ONE TECH HOLDING,2025-05-08,0,1,0,1,1,1,1,1,1,1,1,1,1
ONE TECH HOLDING,2025-05-14,1,1,0,1,1,1,0,1,1,1,1,1,1
ONE TECH HOLDING,2025-05-15,1,1,0,1,1,1,1,1,1,1,1,1,1
ONE TECH HOLDING,2025-05-16,1,1,0,1,1,1,1,1,1,1,1,1,1
ONE TECH HOLDING,2025-05-21,1,1,0,0,0,1,1,1,1,1,1,1,1
ONE TECH HOLDING,2025-05-22,1,1,0,0,1,1,0,1,1,0,1,1,1
ONE TECH HOLDING,2025-05-23,1,1,0,1,1,1,0,1,1,0,1,1,1
ONE TECH HOLDING,2025-05-28,1,1,0,1,1,1,0,1,1,0,1,1,1
ONE TECH HOLDING,2025-05-29,1,1,0,1,1,1,0,1,1,1,1,1,1
ONE TECH HOLDING,2025-05-30,1,1,0,1,1,1,0,1,1,1,1,1,1
ONE TECH HOLDING,2025-06-04,0,1,0,1,1,1,1,1,1,1,1,1,1
ONE TECH HOLDING,2025-06-05,0,1,0,1,1,1,1,1,1,1,1,1,1
ONE TECH HOLDING,2025-06-11,0,1,0,1,1,1,1,1,1,1,1,1,1
ONE TECH HOLDING,2025-06-12,0,1,0,1,1,1,0,1,1,1,1,1,1
ONE TECH HOLDING,2025-06-13,0,1,0,1,0,1,1,1,1,1,1,1,1
ONE TECH HOLDING,2025-06-18,1,1,0,0,0,1,1,1,1,1,1,1,1
ONE TECH HOLDING,2025-06-19,1,1,0,0,0,0,1,1,1,1,1,1,1
ONE TECH HOLDING,2025-06-25,1,1,0,0,0,0,0,1,1,1,1,1,1
ONE TECH HOLDING,2025-06-27,0,1,0,0,1,0,1,1,1,0,1,1,1
ONE TECH HOLDING,2025-07-02,1,1,0,0,0,1,0,1,1,1,1,1,1
ONE TECH HOLDING,2025-07-03,1,1,0,0,0,0,0,1,1,0,1,1,1
ONE TECH HOLDING,2025-07-04,1,1,0,0,0,0,1,1,1,1,1,1,1
ONE TECH HOLDING,2025-07-09,0,1,0,0,0,0,0,1,1,1,1,1,1
ONE TECH HOLDING,2025-07-10,0,1,0,0,0,0,0,1,1,1,1,1,1
ONE TECH HOLDING,2025-07-11,0,1,0,1,1,0,0,1,1,0,1,1,1
ONE TECH HOLDING,2025-07-16,0,1,0,1,1,1,0,1,1,0,1,1,1
ONE TECH HOLDING,2025-07-17,0,1,0,1,0,1,0,1,1,0,1,1,1
ONE TECH HOLDING,2025-07-18,1,1,0,0,0,1,0,1,1,1,1,1,1
ONE TECH HOLDING,2025-07-23,0,1,0,0,0,1,1,1,1,1,1,1,1
ONE TECH HOLDING,2025-07-24,0,1,0,0,0,1,0,0,0,0,1,1,1
ONE TECH HOLDING,2025-07-30,0,1,0,0,0,1,0,0,0,0,1,1,1
ONE TECH HOLDING,2025-07-31,1,1,0,0,0,1,0,1,1,1,1,1,1
ONE TECH HOLDING,2025-08-01,1,1,0,0,0,1,0,1,1,1,1,1,1
ONE TECH HOLDING,2025-08-06,1,1,0,0,0,0,0,1,0,0,1,1,1
ONE TECH HOLDING,2025-08-08,1,1,0,0,0,0,1,1,0,0,1,1,1
ONE TECH HOLDING,2025-08-14,0,1,0,0,0,0,1,1,0,0,1,1,1
ONE TECH HOLDING,2025-08-15,0,1,0,0,0,1,1,1,0,0,1,1,1
ONE TECH HOLDING,2025-08-20,0,1,0,0,0,1,0,1,0,0,1,1,1
ONE TECH HOLDING,2025-08-21,0,1,0,0,0,0,0,1,0,0,1,1,1
ONE TECH HOLDING,2025-08-22,0,1,0,0,0,1,0,1,0,0,1,1,1
ONE TECH HOLDING,2025-08-27,1,1,0,0,0,1,1,1,0,1,1,1,1
ONE TECH HOLDING,2025-08-28,1,1,0,0,0,1,1,1,1,1,1,1,1
ONE TECH HOLDING,2025-09-03,0,1,0,0,1,1,1,0,0,0,1,1,1
ONE TECH HOLDING,2025-09-05,0,1,0,0,1,1,0,0,0,0,1,1,1
ONE TECH HOLDING,2025-09-10,0,1,0,0,0,1,1,1,0,0,1,1,1
ONE TECH HOLDING,2025-09-11,0,1,0,0,1,0,0,0,0,0,1,1,1
ONE TECH HOLDING,2025-09-17,1,1,0,0,0,1,1,1,1,1,1,1,1
ONE TECH HOLDING,2025-09-18,1,1,0,0,0,1,1,1,1,1,1,1,1
ONE TECH HOLDING,2025-09-19,1,1,0,0,0,1,1,1,1,0,1,1,1
ONE TECH HOLDING,2025-09-24,0,1,0,0,0,1,1,1,1,0,1,1,1
ONE TECH HOLDING,2025-09-25,1,1,0,0,0,1,1,1,0,0,1,1,1
ONE TECH HOLDING,2025-09-26,1,1,0,0,0,1,1,1,0,0,1,1,1
ONE TECH HOLDING,2025-10-01,1,1,0,0,0,1,1,1,1,0,1,1,1
ONE TECH HOLDING,2025-10-02,1,1,0,0,0,1,1,1,1,0,1,1,1
ONE TECH HOLDING,2025-10-03,1,1,0,0,0,1,1,1,1,1,1,1,1
ONE TECH HOLDING,2025-10-08,0,1,0,0,1,1,1,1,1,0,1,1,1
ONE TECH HOLDING,2025-10-10,0,1,0,1,1,1,1,1,1,0,1,1,1
ONE TECH HOLDING,2025-10-16,0,1,0,1,0,1,1,1,1,0,1,1,1
ONE TECH HOLDING,2025-10-17,0,1,0,1,1,1,1,1,0,0,1,1,1
ONE TECH HOLDING,2025-10-22,1,1,0,0,0,1,1,1,1,0,1,1,1
ONE TECH HOLDING,2025-10-23,1,1,0,0,0,1,0,1,1,0,1,1,1
ONE TECH HOLDING,2025-10-24,1,1,0,0,0,0,1,1,1,0,1,1,1
ONE TECH HOLDING,2025-10-29,0,1,0,0,1,1,1,0,0,0,1,1,1
ONE TECH HOLDING,2025-10-30,0,1,0,0,1,1,0,0,0,0,1,1,1
ONE TECH HOLDING,2025-10-31,0,1,0,0,1,1,1,1,1,1,1,1,1
ONE TECH HOLDING,2025-11-05,0,1,0,1,0,1,0,1,1,0,1,1,1
ONE TECH HOLDING,2025-11-06,0,1,0,1,0,1,0,1,1,0,1,1,1
ONE TECH HOLDING,2025-11-07,0,1,0,0,1,1,1,1,1,0,1,1,1
ONE TECH HOLDING,2025-11-12,0,1,0,0,0,1,1,1,1,1,1,1,1
ONE TECH HOLDING,2025-11-13,1,1,0,0,0,1,1,1,1,0,1,1,1
ONE TECH HOLDING,2025-11-19,1,1,0,0,0,1,1,1,1,1,1,1,1
ONE TECH HOLDING,2025-11-20,1,1,0,0,0,1,1,1,1,0,1,1,1
ONE TECH HOLDING,2025-11-21,1,1,0,0,0,1,1,0,0,0,1,1,1
ONE TECH HOLDING,2025-11-26,1,1,0,0,0,1,0,0,1,0,1,1,1
ONE TECH HOLDING,2025-11-27,1,1,0,0,0,1,0,1,1,0,1,1,1
ONE TECH HOLDING,2025-11-28,1,1,0,1,0,1,0,1,1,1,1,1,1
ONE TECH HOLDING,2025-12-03,1,1,0,1,1,1,0,1,0,0,1,1,1
ONE TECH HOLDING,2025-12-04,0,1,0,1,1,1,0,1,1,0,1,1,1
POULINA GP HOLDING,2025-01-22,0,1,0,1,0,1,0,1,1,0,1,1,1
POULINA GP HOLDING,2025-01-23,0,1,0,1,0,1,0,1,1,0,1,1,1
POULINA GP HOLDING,2025-01-24,0,1,0,0,0,1,0,1,1,0,1,1,1
POULINA GP HOLDING,2025-01-29,0,1,0,0,0,0,0,0,0,0,1,1,1
POULINA GP HOLDING,2025-01-30,0,1,0,0,0,1,0,1,0,0,1,1,1
POULINA GP HOLDING,2025-02-05,0,1,0,0,0,0,0,0,0,0,1,1,1
POULINA GP HOLDING,2025-02-06,0,1,0,0,0,1,0,1,0,0,1,1,1
POULINA GP HOLDING,2025-02-07,0,1,0,0,0,0,0,0,0,0,1,1,1
POULINA GP HOLDING,2025-02-12,0,1,0,0,0,0,0,0,0,0,1,1,1
POULINA GP HOLDING,2025-02-13,0,1,0,0,0,0,0,0,0,0,1,1,1
POULINA GP HOLDING,2025-02-14,0,1,0,0,0,1,0,0,0,0,1,1,1
POULINA GP HOLDING,2025-02-19,1,1,0,0,0,0,0,0,0,0,1,1,1
POULINA GP HOLDING,2025-02-20,1,1,0,0,0,0,0,1,0,0,1,1,1
POULINA GP HOLDING,2025-02-21,1,1,0,0,0,1,0,1,0,0,1,1,1
POULINA GP HOLDING,2025-02-26,1,1,0,0,0,1,0,1,1,0,1,1,1
POULINA GP HOLDING,2025-02-27,1,1,0,1,1,1,0,1,1,1,1,1,1
POULINA GP HOLDING,2025-02-28,1,1,0,1,1,1,0,1,0,0,1,1,1
POULINA GP HOLDING,2025-03-05,1,1,0,1,1,0,0,1,1,0,1,1,1
POULINA GP HOLDING,2025-03-06,1,1,0,1,1,1,0,1,1,0,1,1,1
POULINA GP HOLDING,2025-03-07,1,1,0,1,1,1,1,1,1,0,1,1,1
POULINA GP HOLDING,2025-03-12,1,1,0,1,1,1,1,1,1,1,1,1,1
POULINA GP HOLDING,2025-03-13,1,1,0,1,1,1,1,1,1,0,1,1,1
POULINA GP HOLDING,2025-03-19,1,1,0,1,1,1,1,1,1,1,1,1,1
POULINA GP HOLDING,2025-03-21,1,1,0,1,1,0,1,1,1,1,1,1,1
POULINA GP HOLDING,2025-03-27,1,1,0,1,1,1,1,1,1,1,1,1,0
POULINA GP HOLDING,2025-03-28,1,1,0,1,1,1,1,1,1,1,1,1,0
POULINA GP HOLDING,2025-04-02,1,1,0,1,1,1,1,1,1,0,1,1,0
POULINA GP HOLDING,2025-04-04,1,1,0,1,1,0,1,1,1,0,1,1,0
POULINA GP HOLDING,2025-04-10,1,1,0,1,1,1,0,1,1,1,1,1,0
POULINA GP HOLDING,2025-04-11,1,1,0,1,1,0,0,1,1,1,1,1,0
POULINA GP HOLDING,2025-04-16,1,1,0,1,1,0,0,1,1,0,1,1,0
POULINA GP HOLDING,2025-04-17,1,1,0,1,1,1,0,0,1,1,1,1,0
POULINA GP HOLDING,2025-04-18,0,1,0,1,1,0,0,0,1,1,1,1,0
POULINA GP HOLDING,2025-04-23,1,1,0,1,1,0,0,0,1,1,1,1,0
POULINA GP HOLDING,2025-04-24,1,1,0,1,1,0,0,0,1,0,1,1,0
POULINA GP HOLDING,2025-05-02,1,1,0,1,1,1,0,0,1,1,1,1,0
POULINA GP HOLDING,2025-05-07,1,1,0,1,1,0,0,0,0,1,1,1,0
POULINA GP HOLDING,2025-05-08,0,1,0,1,1,1,0,0,0,1,1,1,0
POULINA GP HOLDING,2025-05-14,0,1,0,1,1,0,0,0,1,1,1,1,0
POULINA GP HOLDING,2025-05-15,1,1,0,1,1,0,0,0,1,1,1,1,0
POULINA GP HOLDING,2025-05-16,1,1,0,1,1,0,0,0,1,1,1,1,1
POULINA GP HOLDING,2025-05-21,1,1,0,1,1,1,0,1,1,1,1,1,1
POULINA GP HOLDING,2025-05-22,1,1,0,1,1,1,0,0,0,1,1,1,1
POULINA GP HOLDING,2025-05-23,1,1,0,1,1,1,0,1,0,1,1,1,1
POULINA GP HOLDING,2025-05-28,1,1,0,1,1,1,0,0,0,1,1,1,1
POULINA GP HOLDING,2025-05-29,1,1,0,1,1,1,0,0,0,1,1,1,1
POULINA GP HOLDING,2025-05-30,1,1,0,1,1,1,0,0,0,1,1,1,1
POULINA GP HOLDING,2025-06-04,0,1,0,1,1,1,0,0,0,1,1,1,1
POULINA GP HOLDING,2025-06-05,0,1,0,1,1,1,0,0,0,1,1,1,1
POULINA GP HOLDING,2025-06-11,0,1,0,1,1,1,0,0,0,1,1,1,1
POULINA GP HOLDING,2025-06-12,0,1,0,1,1,1,0,0,0,1,1,1,1
POULINA GP HOLDING,2025-06-13,0,1,0,1,1,1,0,0,0,1,1,1,1
POULINA GP HOLDING,2025-06-18,1,1,0,1,0,1,0,0,0,1,1,1,1
POULINA GP HOLDING,2025-06-19,1,1,0,0,0,1,0,1,0,1,1,1,1
POULINA GP HOLDING,2025-06-25,1,1,0,0,0,1,0,0,0,1,1,1,1
POULINA GP HOLDING,2025-06-27,1,1,0,0,0,0,0,0,0,1,1,1,1
POULINA GP HOLDING,2025-07-02,1,1,0,0,1,1,0,0,0,1,1,1,1
POULINA GP HOLDING,2025-07-03,0,1,0,1,1,1,0,0,0,0,1,1,1
POULINA GP HOLDING,2025-07-04,0,1,0,1,1,0,0,1,0,0,1,1,1
POULINA GP HOLDING,2025-07-09,0,1,0,1,1,0,0,1,0,0,1,1,1
POULINA GP HOLDING,2025-07-10,0,1,0,1,1,1,0,0,0,1,1,1,1
POULINA GP HOLDING,2025-07-11,0,1,0,1,1,1,0,1,0,1,1,1,1
POULINA GP HOLDING,2025-07-16,0,1,0,1,0,0,0,1,0,1,1,1,1
POULINA GP HOLDING,2025-07-17,0,1,0,0,0,0,0,0,0,1,1,1,1
POULINA GP HOLDING,2025-07-18,1,1,0,0,0,1,0,0,0,1,1,1,1
POULINA GP HOLDING,2025-07-23,0,1,0,0,0,1,0,0,0,0,1,1,1
POULINA GP HOLDING,2025-07-24,0,1,0,0,0,1,0,0,0,0,1,1,1
POULINA GP HOLDING,2025-07-30,0,1,0,0,0,0,0,0,0,0,1,1,1
POULINA GP HOLDING,2025-07-31,0,1,0,0,0,0,0,0,0,0,1,1,1
POULINA GP HOLDING,2025-08-01,0,1,0,0,0,0,0,0,0,0,1,1,1
POULINA GP HOLDING,2025-08-06,0,1,0,0,0,1,0,0,0,0,1,1,1
POULINA GP HOLDING,2025-08-08,1,1,0,0,0,1,0,0,0,0,1,1,1
POULINA GP HOLDING,2025-08-14,0,1,0,0,0,0,0,0,0,0,1,1,1
POULINA GP HOLDING,2025-08-15,1,1,0,0,0,0,0,0,0,0,1,1,1
POULINA GP HOLDING,2025-08-20,1,1,0,0,0,0,0,0,0,0,1,1,1
POULINA GP HOLDING,2025-08-21,1,1,0,0,0,0,0,0,0,1,1,1,1
POULINA GP HOLDING,2025-08-22,1,1,0,0,0,0,0,0,0,0,1,1,1
POULINA GP HOLDING,2025-08-27,0,1,0,0,1,0,0,0,0,0,1,1,1
POULINA GP HOLDING,2025-08-28,0,1,0,0,1,0,0,0,0,0,1,1,1
POULINA GP HOLDING,2025-09-03,0,1,0,1,0,0,0,0,0,0,1,1,1
POULINA GP HOLDING,2025-09-05,0,1,0,0,0,0,0,0,0,0,1,1,1
POULINA GP HOLDING,2025-09-10,0,1,0,0,0,0,0,0,0,0,1,1,1
POULINA GP HOLDING,2025-09-11,0,1,0,0,0,0,0,0,0,0,1,1,1
POULINA GP HOLDING,2025-09-17,0,1,0,0,0,0,0,0,0,0,1,1,1
POULINA GP HOLDING,2025-09-18,0,1,0,0,0,0,0,0,0,0,1,1,1
POULINA GP HOLDING,2025-09-19,0,1,0,0,0,0,0,0,0,0,1,1,1
POULINA GP HOLDING,2025-09-24,0,1,0,0,0,0,0,0,0,0,1,1,1
POULINA GP HOLDING,2025-09-25,0,1,0,0,0,0,0,0,0,0,1,1,1
POULINA GP HOLDING,2025-09-26,0,1,0,0,0,0,0,0,0,0,1,1,1
POULINA GP HOLDING,2025-10-01,0,1,0,0,0,0,0,0,0,0,1,1,1
POULINA GP HOLDING,2025-10-02,0,1,0,0,0,0,0,0,0,0,1,1,1
POULINA GP HOLDING,2025-10-03,0,1,0,0,0,0,0,0,0,0,1,1,1
POULINA GP HOLDING,2025-10-08,1,1,0,0,0,0,0,0,0,0,1,1,1
POULINA GP HOLDING,2025-10-10,1,1,0,0,0,0,0,0,0,0,1,1,1
POULINA GP HOLDING,2025-10-16,1,1,0,0,0,0,0,0,0,0,1,1,1
POULINA GP HOLDING,2025-10-17,1,1,0,0,1,0,0,0,0,0,1,1,1
POULINA GP HOLDING,2025-10-22,1,1,0,1,1,1,0,0,0,0,1,1,1
POULINA GP HOLDING,2025-10-23,1,1,0,1,1,0,0,0,0,0,1,1,1
POULINA GP HOLDING,2025-10-24,1,1,0,1,1,0,0,0,0,0,1,1,1
POULINA GP HOLDING,2025-10-29,1,1,0,1,1,0,0,0,0,0,1,1,1
POULINA GP HOLDING,2025-10-30,0,1,0,1,1,0,0,0,0,0,1,1,1
POULINA GP HOLDING,2025-10-31,0,1,0,1,1,0,0,0,0,0,1,1,1
POULINA GP HOLDING,2025-11-05,1,1,0,1,1,0,0,1,0,0,1,1,1
POULINA GP HOLDING,2025-11-06,1,1,0,1,1,0,0,0,0,0,1,1,1
POULINA GP HOLDING,2025-11-07,1,1,0,1,1,0,0,1,0,0,1,1,1
POULINA GP HOLDING,2025-11-12,1,1,0,1,1,0,0,0,0,0,1,1,1
POULINA GP HOLDING,2025-11-13,1,1,0,1,1,0,0,0,0,0,1,1,1
POULINA GP HOLDING,2025-11-19,1,1,0,1,1,0,0,0,0,0,1,1,1
POULINA GP HOLDING,2025-11-20,1,1,0,1,1,0,0,0,0,0,1,1,1
POULINA GP HOLDING,2025-11-21,1,1,0,1,1,0,0,0,0,0,1,1,1
POULINA GP HOLDING,2025-11-26,1,1,0,1,1,0,0,0,0,0,1,1,1
POULINA GP HOLDING,2025-11-27,0,1,0,1,1,0,0,0,0,0,1,1,1
POULINA GP HOLDING,2025-11-28,1,1,0,1,1,0,0,0,0,0,1,1,1
POULINA GP HOLDING,2025-12-03,0,1,0,1,1,0,0,0,0,0,1,1,1
POULINA GP HOLDING,2025-12-04,0,1,0,1,1,0,0,0,0,0,1,1,1
SAH,2025-01-22,0,1,0,0,0,0,0,1,0,0,0,1,1
SAH,2025-01-23,0,1,0,0,0,1,0,1,0,0,0,1,1
SAH,2025-01-24,0,1,0,0,0,0,0,1,0,0,0,1,1
SAH,2025-01-29,0,1,0,0,0,0,0,1,0,0,0,1,1
SAH,2025-01-30,1,1,0,0,0,0,0,0,0,0,0,1,1
SAH,2025-02-05,1,1,0,0,0,0,0,0,0,0,0,1,1
SAH,2025-02-06,1,1,0,0,0,1,0,0,0,0,0,1,1
SAH,2025-02-07,1,1,0,0,0,1,0,0,0,0,0,1,1
SAH,2025-02-12,1,1,0,0,0,1,0,0,0,0,0,1,1
SAH,2025-02-13,1,1,0,0,0,0,0,0,0,0,0,1,1
SAH,2025-02-14,1,1,0,0,0,1,0,1,0,0,0,1,1
SAH,2025-02-19,1,1,0,1,1,1,0,1,0,1,0,1,1
SAH,2025-02-20,1,1,0,1,1,1,0,1,0,0,0,1,1
SAH,2025-02-21,1,1,0,1,1,1,0,0,0,0,0,1,1
SAH,2025-02-26,0,1,0,1,1,1,0,0,0,0,0,1,1
SAH,2025-02-27,1,1,0,1,1,1,0,0,0,1,0,1,1
SAH,2025-02-28,1,1,0,1,1,1,0,1,0,0,0,1,1
SAH,2025-03-05,1,1,0,1,1,1,0,0,0,0,0,1,1
SAH,2025-03-06,1,1,0,1,1,1,0,1,0,1,0,1,1
SAH,2025-03-07,1,1,0,1,1,1,0,0,0,0,0,1,1
SAH,2025-03-12,1,1,0,1,1,1,1,1,0,1,0,1,1
SAH,2025-03-13,1,1,0,1,1,1,1,1,0,1,0,1,1
SAH,2025-03-19,1,1,0,1,1,1,1,1,0,1,0,1,1
SAH,2025-03-21,0,1,0,1,1,0,1,1,1,1,0,1,1
SAH,2025-03-27,0,1,0,1,1,0,0,1,0,0,0,1,1
SAH,2025-03-28,0,1,0,1,1,0,1,1,0,0,0,1,1
SAH,2025-04-02,0,1,0,1,1,0,0,1,0,0,0,1,1
SAH,2025-04-04,0,1,0,1,1,1,1,1,0,0,0,1,1
SAH,2025-04-10,1,1,0,1,1,1,1,1,0,0,0,1,1
SAH,2025-04-11,1,1,0,1,1,1,0,1,0,0,0,1,1
SAH,2025-04-16,1,1,0,0,1,0,0,1,0,0,0,1,1
SAH,2025-04-17,1,1,0,1,1,0,1,1,0,0,0,1,1
SAH,2025-04-18,1,1,0,1,1,1,1,1,1,1,0,1,1
SAH,2025-04-23,0,1,0,1,1,0,1,1,1,1,0,1,1
SAH,2025-04-24,1,1,0,1,1,1,1,1,1,1,0,1,1
SAH,2025-05-02,1,1,0,1,1,1,1,1,1,1,0,1,1
SAH,2025-05-07,0,1,0,1,1,1,0,1,1,1,0,1,1
SAH,2025-05-08,0,1,0,1,1,1,1,1,1,1,0,1,1
SAH,2025-05-14,1,1,0,1,1,1,1,1,1,1,0,1,1
SAH,2025-05-15,1,1,0,1,0,1,1,1,1,1,0,1,1
SAH,2025-05-16,1,1,0,1,1,0,0,1,1,0,0,1,1
SAH,2025-05-21,0,1,0,1,1,0,0,1,1,0,0,1,1
SAH,2025-05-22,0,1,0,1,1,1,0,0,1,1,0,1,1
SAH,2025-05-23,1,1,0,1,1,0,1,1,1,1,0,1,1
SAH,2025-05-28,1,1,0,1,1,1,0,1,1,1,0,1,1
SAH,2025-05-29,1,1,0,1,0,1,0,1,1,1,0,1,1
SAH,2025-05-30,1,1,0,0,0,1,0,1,1,1,0,1,1
SAH,2025-06-04,0,1,0,1,1,0,0,0,1,1,0,1,1
SAH,2025-06-05,0,1,0,1,1,0,1,0,1,0,0,1,1
SAH,2025-06-11,1,1,0,1,1,0,0,1,1,1,0,1,1
SAH,2025-06-12,0,1,0,1,1,0,0,1,1,1,0,1,1
SAH,2025-06-13,0,1,0,1,1,0,0,1,1,1,0,1,1
SAH,2025-06-18,1,1,0,1,0,0,0,0,1,1,0,1,1
SAH,2025-06-19,1,1,0,0,0,0,0,1,1,1,0,1,1
SAH,2025-06-25,1,1,0,1,1,1,0,1,1,0,0,1,1
SAH,2025-06-27,1,1,0,1,1,0,0,1,1,0,0,1,1
SAH,2025-07-02,1,1,0,0,0,0,1,1,1,0,0,1,1
SAH,2025-07-03,1,1,0,0,0,0,0,1,1,0,0,1,1
SAH,2025-07-04,1,1,0,0,0,0,1,1,1,1,0,1,1
SAH,2025-07-09,0,1,0,1,1,0,1,1,1,0,0,1,1
SAH,2025-07-10,0,1,0,1,0,0,1,1,1,1,0,1,1
SAH,2025-07-11,0,1,0,1,1,0,0,1,1,0,0,1,1
SAH,2025-07-16,0,1,0,1,1,0,1,1,1,0,0,1,1
SAH,2025-07-17,0,1,0,1,0,1,1,1,1,1,0,1,1
SAH,2025-07-18,0,1,0,0,0,0,1,1,1,0,0,1,1
SAH,2025-07-23,0,1,0,0,0,0,1,1,1,0,0,1,1
SAH,2025-07-24,0,1,0,0,0,0,1,1,1,0,0,1,1
SAH,2025-07-30,1,1,0,0,0,0,1,1,1,0,0,1,1
SAH,2025-07-31,0,1,0,0,0,0,1,1,1,1,0,1,1
SAH,2025-08-01,0,1,0,0,0,0,1,1,1,0,0,1,1
SAH,2025-08-06,1,1,0,0,0,0,1,1,1,1,0,1,1
SAH,2025-08-08,1,1,0,0,0,0,0,0,1,0,0,1,1
SAH,2025-08-14,1,1,0,0,0,0,0,1,0,0,0,1,1
SAH,2025-08-15,1,1,0,0,1,0,0,1,0,0,0,1,1
SAH,2025-08-20,1,1,0,1,1,0,0,1,1,0,0,1,1
SAH,2025-08-21,1,1,0,1,1,0,0,1,1,0,0,1,1
SAH,2025-08-22,0,1,0,1,1,1,0,1,1,1,0,1,1
SAH,2025-08-27,1,1,0,1,1,1,0,1,1,1,0,1,1
SAH,2025-08-28,0,1,0,1,1,1,0,1,1,0,0,1,1
SAH,2025-09-03,1,1,0,1,1,1,0,1,1,0,0,1,1
SAH,2025-09-05,1,1,0,1,1,1,0,1,1,0,0,1,1
SAH,2025-09-10,1,1,0,0,0,0,0,1,1,0,0,1,1
SAH,2025-09-11,1,1,0,0,0,0,0,1,1,1,0,1,1
SAH,2025-09-17,0,1,0,1,1,0,0,0,1,1,0,1,1
SAH,2025-09-18,0,1,0,1,1,0,0,0,1,0,0,1,1
SAH,2025-09-19,0,1,0,1,1,0,0,1,1,1,0,1,1
SAH,2025-09-24,0,1,0,1,1,0,0,1,1,1,0,1,1
SAH,2025-09-25,0,1,0,1,1,0,0,1,1,0,0,1,1
SAH,2025-09-26,0,1,0,1,1,0,0,0,1,0,0,1,1
SAH,2025-10-01,0,1,0,1,0,0,0,1,1,0,0,1,1
SAH,2025-10-02,0,1,0,0,0,1,0,1,1,1,0,1,1
SAH,2025-10-03,0,1,0,0,0,1,1,1,1,1,0,1,1
SAH,2025-10-08,0,1,0,0,0,0,0,1,1,0,0,1,1
SAH,2025-10-10,1,1,0,0,0,0,0,1,1,0,0,1,1
SAH,2025-10-16,1,1,0,0,0,0,0,0,1,0,0,1,1
SAH,2025-10-17,1,1,0,0,0,0,0,0,1,0,0,1,1
SAH,2025-10-22,1,1,0,0,1,0,0,0,1,0,0,1,1
SAH,2025-10-23,1,1,0,0,1,0,0,0,1,0,0,1,1
SAH,2025-10-24,1,1,0,1,1,1,0,1,1,1,0,1,1
SAH,2025-10-29,1,1,0,1,1,0,0,1,1,1,0,1,1
SAH,2025-10-30,1,1,0,1,1,0,0,1,1,0,0,1,1
SAH,2025-10-31,1,1,0,1,1,1,0,1,1,1,0,1,1
SAH,2025-11-05,1,1,0,1,1,0,0,0,1,1,0,1,1
SAH,2025-11-06,1,1,0,1,1,0,0,0,1,0,0,1,1
SAH,2025-11-07,1,1,0,1,1,1,0,0,1,1,0,1,1
SAH,2025-11-12,1,1,0,1,1,1,0,0,1,1,0,1,1
SAH,2025-11-13,1,1,0,1,1,1,0,1,1,1,0,1,1
SAH,2025-11-19,1,1,0,1,1,1,0,1,1,0,0,1,1
SAH,2025-11-20,1,1,0,1,1,1,1,1,1,1,0,1,1
SAH,2025-11-21,1,1,0,1,1,1,1,1,1,1,0,1,1
SAH,2025-11-26,1,1,0,1,1,1,1,1,1,1,0,1,1
SAH,2025-11-27,1,1,0,1,1,0,1,1,1,0,0,1,1
SAH,2025-11-28,1,1,0,1,1,0,1,1,1,1,0,1,1
SAH,2025-12-03,1,1,0,1,1,0,1,1,1,1,0,1,1
SAH,2025-12-04,1,1,0,1,1,0,0,1,1,0,0,1,1
SFBT,2025-01-22,1,1,0,1,1,1,1,1,1,0,0,0,1
SFBT,2025-01-23,1,1,0,1,1,1,1,1,1,0,0,0,1
SFBT,2025-01-24,1,1,0,1,1,1,1,1,1,1,0,0,1
SFBT,2025-01-29,0,1,0,1,1,0,1,1,1,0,0,0,1
SFBT,2025-01-30,0,1,0,1,1,1,1,1,1,0,0,0,1
SFBT,2025-02-05,0,1,0,1,1,1,1,1,1,0,0,0,1
SFBT,2025-02-06,1,1,0,1,0,1,1,1,1,1,0,0,1
SFBT,2025-02-07,1,1,0,1,0,1,1,1,1,0,0,0,1
SFBT,2025-02-12,1,1,0,0,0,1,1,1,1,0,0,0,1
SFBT,2025-02-13,0,1,0,0,1,1,1,1,1,1,0,0,1
SFBT,2025-02-14,1,1,0,0,0,1,1,1,1,0,0,0,1
SFBT,2025-02-19,1,1,0,1,0,1,1,1,1,0,0,0,1
SFBT,2025-02-20,0,1,0,0,1,1,1,1,1,1,0,0,1
SFBT,2025-02-21,0,1,0,1,0,1,1,1,1,0,0,0,1
SFBT,2025-02-26,0,1,0,1,1,1,1,1,1,0,0,0,1
SFBT,2025-02-27,0,1,0,1,1,1,1,1,1,1,0,0,1
SFBT,2025-02-28,0,1,0,1,1,1,1,1,1,0,0,0,1
SFBT,2025-03-05,0,1,0,1,1,1,1,1,1,0,0,0,1
SFBT,2025-03-06,0,1,0,1,1,1,1,1,1,0,0,0,1
SFBT,2025-03-07,0,1,0,1,0,1,1,1,1,0,0,0,1
SFBT,2025-03-12,0,1,0,1,1,1,1,1,1,0,0,0,1
SFBT,2025-03-13,0,1,0,1,0,1,1,1,1,1,0,0,1
SFBT,2025-03-19,1,1,0,0,0,1,1,1,1,1,0,0,1
SFBT,2025-03-21,1,1,0,0,0,1,1,1,1,0,0,0,1
SFBT,2025-03-27,1,1,0,0,1,1,1,1,1,1,0,0,1
SFBT,2025-03-28,0,1,0,0,1,1,1,1,1,1,0,0,1
SFBT,2025-04-02,0,1,0,1,1,1,1,1,1,0,0,0,1
SFBT,2025-04-04,0,1,0,1,1,1,1,1,1,0,0,0,1
SFBT,2025-04-10,0,1,0,1,1,1,1,1,1,0,0,0,1
SFBT,2025-04-11,0,1,0,1,1,1,1,1,1,0,0,0,1
SFBT,2025-04-16,0,1,0,1,0,1,1,1,1,1,0,0,1
SFBT,2025-04-17,1,1,0,0,0,1,1,1,1,1,0,0,1
SFBT,2025-04-18,1,1,0,0,0,1,1,1,1,0,0,0,1
SFBT,2025-04-23,1,1,0,0,1,1,1,1,1,0,0,0,1
SFBT,2025-04-24,1,1,0,0,0,1,1,1,1,1,0,0,1
SFBT,2025-05-02,0,1,0,0,0,1,1,1,1,0,0,0,1
SFBT,2025-05-07,1,1,0,1,0,1,1,1,1,0,0,0,1
SFBT,2025-05-08,1,1,0,1,0,1,1,1,1,0,0,0,1
SFBT,2025-05-14,1,1,0,0,1,1,1,1,1,0,0,0,1
SFBT,2025-05-15,1,1,0,1,1,1,1,1,1,1,0,0,1
SFBT,2025-05-16,1,1,0,1,1,1,1,1,1,0,0,0,1
SFBT,2025-05-21,0,1,0,1,1,1,1,1,1,1,0,0,1
SFBT,2025-05-22,0,1,0,1,1,1,1,1,1,1,0,0,1
SFBT,2025-05-23,0,1,0,1,1,1,1,1,1,1,0,0,1
SFBT,2025-05-28,0,1,0,1,1,1,1,1,1,0,0,0,1
SFBT,2025-05-29,0,1,0,1,1,1,1,1,1,1,0,0,1
SFBT,2025-05-30,1,1,0,1,0,1,1,1,1,1,0,0,1
SFBT,2025-06-04,1,1,0,0,0,1,1,1,1,1,0,0,1
SFBT,2025-06-05,0,1,0,0,1,1,1,1,1,1,0,0,1
SFBT,2025-06-11,1,1,0,0,0,1,1,1,1,0,0,0,1
SFBT,2025-06-12,1,1,0,0,0,1,1,1,1,1,0,0,1
SFBT,2025-06-13,1,1,0,0,0,1,1,1,1,1,0,0,1
SFBT,2025-06-18,1,1,0,0,0,1,1,1,1,1,0,0,1
SFBT,2025-06-19,1,1,0,0,0,1,1,1,1,1,0,0,1
SFBT,2025-06-25,1,1,0,1,1,1,1,1,1,1,0,0,1
SFBT,2025-06-27,1,1,0,1,1,1,1,1,1,1,0,0,1
SFBT,2025-07-02,1,1,0,1,1,1,1,1,1,1,0,0,1
SFBT,2025-07-03,1,1,0,1,1,1,1,1,1,1,0,0,1
SFBT,2025-07-04,1,1,0,1,1,1,1,1,1,1,0,0,1
SFBT,2025-07-09,0,1,0,1,1,1,1,1,1,1,0,0,1
SFBT,2025-07-10,0,1,0,1,1,1,1,1,1,1,0,0,1
SFBT,2025-07-11,0,1,0,1,1,1,1,1,1,1,0,0,1
SFBT,2025-07-16,1,1,0,1,1,1,1,1,1,0,0,0,1
SFBT,2025-07-17,0,1,0,1,1,1,1,1,1,1,0,0,1
SFBT,2025-07-18,0,1,0,1,1,1,1,1,1,1,0,0,1
SFBT,2025-07-23,0,1,0,1,1,1,1,1,1,0,0,0,1
SFBT,2025-07-24,0,1,0,1,1,1,1,1,1,1,0,0,1
SFBT,2025-07-30,0,1,0,1,0,1,1,1,1,0,0,0,1
SFBT,2025-07-31,0,1,0,1,0,1,1,1,1,0,0,0,1
SFBT,2025-08-01,0,1,0,0,0,1,1,1,1,0,0,0,1
SFBT,2025-08-06,1,1,0,0,0,1,1,1,1,1,0,0,1
SFBT,2025-08-08,0,1,0,0,0,1,1,1,1,1,0,0,1
SFBT,2025-08-14,1,1,0,0,0,0,1,1,0,0,0,0,1
SFBT,2025-08-15,1,1,0,0,0,1,1,1,1,1,0,0,1
SFBT,2025-08-20,1,1,0,0,0,1,1,1,1,1,0,0,1
SFBT,2025-08-21,1,1,0,0,0,1,1,1,1,1,0,0,1
SFBT,2025-08-22,1,1,0,0,0,1,1,1,1,0,0,0,1
SFBT,2025-08-27,1,1,0,1,1,1,1,1,1,1,0,0,1
SFBT,2025-08-28,1,1,0,1,1,1,1,1,1,1,0,0,1
SFBT,2025-09-03,1,1,0,1,1,1,1,1,1,0,0,0,1
SFBT,2025-09-05,1,1,0,1,1,1,1,1,1,1,0,0,1
SFBT,2025-09-10,1,1,0,1,1,1,1,1,1,0,0,0,1
SFBT,2025-09-11,1,1,0,1,1,1,1,1,1,0,0,0,1
SFBT,2025-09-17,0,1,0,1,1,1,1,1,1,1,0,0,1
SFBT,2025-09-18,1,1,0,1,1,1,1,1,1,0,0,0,1
SFBT,2025-09-19,0,1,0,1,1,1,1,1,1,1,0,0,1
SFBT,2025-09-24,0,1,0,1,1,1,1,1,1,1,0,0,1
SFBT,2025-09-25,0,1,0,1,1,1,1,1,1,1,0,0,1
SFBT,2025-09-26,0,1,0,1,0,1,1,1,1,1,0,0,1
SFBT,2025-10-01,1,1,0,0,0,1,1,1,1,1,0,0,1
SFBT,2025-10-02,0,1,0,0,0,1,1,1,1,0,0,0,1
SFBT,2025-10-03,0,1,0,0,0,1,1,1,1,1,0,0,1
SFBT,2025-10-08,0,1,0,0,0,1,1,1,1,1,0,0,1
SFBT,2025-10-10,0,1,0,0,0,1,1,1,1,1,0,0,1
SFBT,2025-10-16,0,1,0,0,0,1,1,1,1,1,0,0,1
SFBT,2025-10-17,0,1,0,0,0,1,1,1,1,1,0,0,1
SFBT,2025-10-22,0,1,0,0,0,1,1,1,1,1,0,0,1
SFBT,2025-10-23,0,1,0,0,0,1,1,1,1,1,0,0,1
SFBT,2025-10-24,0,1,0,0,0,1,1,1,1,0,0,0,1
SFBT,2025-10-29,0,1,0,0,0,1,1,1,1,1,0,0,1
SFBT,2025-10-30,0,1,0,0,0,1,1,1,1,0,0,0,1
SFBT,2025-10-31,0,1,0,0,0,1,1,1,1,0,0,0,1
SFBT,2025-11-05,0,1,0,0,0,1,1,1,0,0,0,0,1
SFBT,2025-11-06,0,1,0,0,0,1,1,1,0,0,0,0,1
SFBT,2025-11-07,0,1,0,0,0,1,1,1,1,1,0,0,1
SFBT,2025-11-12,0,1,0,0,0,1,1,1,0,0,0,0,1
SFBT,2025-11-13,0,1,0,0,0,1,1,1,0,0,0,0,1
SFBT,2025-11-19,0,1,0,0,0,1,1,1,1,0,0,0,1
SFBT,2025-11-20,0,1,0,0,0,1,1,1,1,1,0,0,1
SFBT,2025-11-21,0,1,0,0,0,1,1,1,1,0,0,0,1
SFBT,2025-11-26,1,1,0,0,0,1,1,1,1,1,0,0,1
SFBT,2025-11-27,1,1,0,0,0,1,1,1,1,0,0,0,1
SFBT,2025-11-28,1,1,0,0,0,1,1,1,1,0,0,0,1
SFBT,2025-12-03,1,1,0,0,0,1,1,1,1,0,0,0,1
SFBT,2025-12-04,1,1,0,0,0,1,1,1,1,0,0,0,1
SIAME,2025-01-22,0,1,0,0,0,1,0,1,1,1,0,1,1
SIAME,2025-01-23,0,1,0,0,0,1,0,1,1,1,0,1,1
SIAME,2025-01-24,0,1,0,0,0,0,0,1,1,1,0,1,1
SIAME,2025-01-29,0,1,0,0,0,0,0,1,0,1,0,1,1
SIAME,2025-01-30,0,1,0,0,0,0,0,1,0,1,0,1,1
SIAME,2025-02-05,0,1,0,0,0,1,0,1,0,1,0,1,1
SIAME,2025-02-06,0,1,0,0,0,0,0,0,0,0,0,1,1
SIAME,2025-02-07,0,1,0,0,0,1,0,1,0,1,0,1,1
SIAME,2025-02-12,0,1,0,0,0,0,0,1,1,1,0,1,1
SIAME,2025-02-13,0,1,0,0,0,0,0,1,0,1,0,1,1
SIAME,2025-02-14,0,1,0,0,0,0,0,1,0,1,0,1,1
SIAME,2025-02-19,1,1,0,0,0,0,0,0,0,0,0,1,1
SIAME,2025-02-20,1,1,0,0,0,0,0,0,0,0,0,1,1
SIAME,2025-02-21,1,1,0,0,0,0,0,0,0,0,0,1,1
SIAME,2025-02-26,1,1,0,0,0,0,0,0,0,0,0,1,1
SIAME,2025-02-27,1,1,0,0,0,1,0,1,0,0,0,1,1
SIAME,2025-02-28,0,1,0,0,1,0,0,0,0,0,0,1,1
SIAME,2025-03-05,0,1,0,1,1,0,0,0,0,0,0,1,1
SIAME,2025-03-06,0,1,0,1,1,1,0,0,0,1,0,1,1
SIAME,2025-03-07,1,1,0,1,1,1,0,0,1,1,0,1,1
SIAME,2025-03-12,1,1,0,0,0,1,0,1,1,1,0,1,1
SIAME,2025-03-13,1,1,0,0,0,0,0,1,1,1,0,1,1
SIAME,2025-03-19,1,1,0,0,1,0,0,0,0,0,0,1,1
SIAME,2025-03-21,1,1,0,1,1,0,0,0,0,0,0,1,1
SIAME,2025-03-27,0,1,0,1,1,0,0,1,0,0,0,1,1
SIAME,2025-03-28,0,1,0,1,1,0,1,1,1,1,0,1,1
SIAME,2025-04-02,0,1,0,1,1,0,0,1,0,0,0,1,1
SIAME,2025-04-04,0,1,0,1,1,1,0,1,1,1,0,1,1
SIAME,2025-04-10,0,1,0,1,1,0,1,1,1,1,0,1,1
SIAME,2025-04-11,0,1,0,1,0,0,1,1,1,1,0,1,1
SIAME,2025-04-16,0,1,0,0,0,1,0,1,1,1,0,1,1
SIAME,2025-04-17,0,1,0,0,0,1,0,1,1,1,0,1,1
SIAME,2025-04-18,0,1,0,0,0,1,0,1,1,0,0,1,1
SIAME,2025-04-23,0,1,0,0,0,1,0,1,1,0,0,1,1
SIAME,2025-04-24,0,1,0,0,0,0,0,1,0,0,0,1,1
SIAME,2025-05-02,1,1,0,0,0,1,1,1,1,1,0,1,1
SIAME,2025-05-07,1,1,0,0,0,1,0,1,1,0,0,1,0
SIAME,2025-05-08,1,1,0,0,0,0,0,1,0,0,0,1,0
SIAME,2025-05-14,1,1,0,0,0,1,0,1,0,0,0,1,0
SIAME,2025-05-15,1,1,0,0,1,0,0,0,0,0,0,1,0
SIAME,2025-05-16,0,1,0,1,1,0,0,0,0,0,0,1,0
SIAME,2025-05-21,1,1,0,1,1,0,0,0,0,0,0,1,0
SIAME,2025-05-22,0,1,0,1,1,0,0,0,0,0,0,1,0
SIAME,2025-05-23,0,1,0,1,1,0,0,0,0,0,0,1,0
SIAME,2025-05-28,0,1,0,1,0,0,0,1,0,0,0,1,0
SIAME,2025-05-29,0,1,0,1,1,0,0,0,0,0,0,1,0
SIAME,2025-05-30,0,1,0,1,1,0,0,0,0,0,0,1,0
SIAME,2025-06-04,0,1,0,1,1,0,0,0,0,0,0,1,0
SIAME,2025-06-05,0,1,0,0,0,0,0,1,0,1,0,1,0
SIAME,2025-06-11,0,1,0,0,0,1,0,1,1,1,0,1,0
SIAME,2025-06-12,0,1,0,0,0,0,0,1,0,0,0,1,0
SIAME,2025-06-13,0,1,0,0,0,1,1,1,1,1,0,1,0
SIAME,2025-06-18,0,1,0,0,0,1,0,1,1,1,0,1,0
SIAME,2025-06-19,1,1,0,0,0,1,1,1,1,1,0,1,0
SIAME,2025-06-25,0,1,0,0,0,1,0,1,0,0,0,1,0
SIAME,2025-06-27,0,1,0,0,0,0,0,1,0,0,0,1,0
SIAME,2025-07-02,0,1,0,0,0,1,0,1,0,0,0,1,0
SIAME,2025-07-03,0,1,0,0,1,1,0,0,0,0,0,1,0
SIAME,2025-07-04,0,1,0,0,1,1,0,0,0,0,0,1,0
SIAME,2025-07-09,0,1,0,0,0,0,0,1,0,0,0,1,0
SIAME,2025-07-10,0,1,0,0,0,1,0,1,1,1,0,1,0
SIAME,2025-07-11,0,1,0,0,0,1,0,1,1,1,0,1,0
SIAME,2025-07-16,1,1,0,0,0,1,0,1,1,1,0,1,0
SIAME,2025-07-17,1,1,0,0,0,1,1,1,1,1,0,1,0
SIAME,2025-07-18,1,1,0,0,0,1,0,0,1,0,0,1,0
SIAME,2025-07-23,0,1,0,0,0,0,0,0,0,0,0,1,0
SIAME,2025-07-24,0,1,0,0,1,0,0,0,0,0,0,1,0
SIAME,2025-07-30,0,1,0,1,1,0,0,1,0,0,0,1,0
SIAME,2025-07-31,0,1,0,1,1,0,0,0,0,0,0,1,0
SIAME,2025-08-01,1,1,0,1,0,0,0,0,0,0,0,1,0
SIAME,2025-08-06,0,1,0,1,1,1,0,0,0,0,0,1,0
SIAME,2025-08-08,0,1,0,1,1,0,0,0,0,0,0,1,0
SIAME,2025-08-14,0,1,0,1,0,0,0,1,0,0,0,1,0
SIAME,2025-08-15,0,1,0,0,0,0,0,0,1,0,0,1,0
SIAME,2025-08-20,0,1,0,0,0,0,0,1,1,1,0,1,0
SIAME,2025-08-21,1,1,0,0,0,1,0,1,1,1,0,1,0
SIAME,2025-08-22,0,1,0,0,0,1,0,1,1,0,0,1,0
SIAME,2025-08-27,1,1,0,0,0,0,0,1,1,0,0,1,0
SIAME,2025-08-28,1,1,0,0,0,0,0,1,1,0,0,1,0
SIAME,2025-09-03,0,1,0,0,0,1,0,0,1,0,0,1,0
SIAME,2025-09-05,0,1,0,0,1,0,0,1,0,0,0,1,0
SIAME,2025-09-10,0,1,0,1,1,1,0,0,0,0,0,1,0
SIAME,2025-09-11,0,1,0,1,0,0,0,0,1,0,0,1,0
SIAME,2025-09-17,0,1,0,0,0,1,0,1,1,0,0,1,0
SIAME,2025-09-18,0,1,0,0,0,0,0,1,1,0,0,1,0
SIAME,2025-09-19,0,1,0,0,0,0,0,1,1,0,0,1,0
SIAME,2025-09-24,1,1,0,0,0,1,1,0,1,0,0,1,0
SIAME,2025-09-25,0,1,0,0,0,1,0,1,0,0,0,1,0
SIAME,2025-09-26,0,1,0,0,0,1,0,0,0,0,0,1,0
SIAME,2025-10-01,0,1,0,0,0,0,1,1,0,0,0,1,0
SIAME,2025-10-02,0,1,0,0,0,0,0,0,0,0,0,1,0
SIAME,2025-10-03,1,1,0,0,0,0,0,1,0,0,0,1,0
SIAME,2025-10-08,1,1,0,0,0,0,0,1,1,0,0,1,0
SIAME,2025-10-10,1,1,0,0,0,0,0,0,0,0,0,1,0
SIAME,2025-10-16,1,1,0,0,1,0,0,0,0,0,0,1,0
SIAME,2025-10-17,1,1,0,1,1,0,0,0,0,0,0,1,0
SIAME,2025-10-22,1,1,0,1,1,1,0,1,1,0,0,1,0
SIAME,2025-10-23,1,1,0,1,1,1,0,1,1,0,0,1,0
SIAME,2025-10-24,1,1,0,1,1,1,0,0,0,0,0,1,0
SIAME,2025-10-29,1,1,0,1,1,0,0,0,0,0,0,1,0
SIAME,2025-10-30,1,1,0,1,1,0,0,1,0,0,0,1,0
SIAME,2025-10-31,1,1,0,1,1,0,0,1,0,0,0,1,0
SIAME,2025-11-05,1,1,0,1,1,0,0,1,0,0,0,1,0
SIAME,2025-11-06,1,1,0,1,1,0,0,0,0,0,0,1,0
SIAME,2025-11-07,1,1,0,1,1,0,0,0,0,0,0,1,0
SIAME,2025-11-12,0,1,0,1,1,0,0,0,0,1,0,1,0
SIAME,2025-11-13,0,1,0,1,1,0,0,0,0,0,0,1,0
SIAME,2025-11-19,0,1,0,1,1,0,0,0,0,0,0,1,0
SIAME,2025-11-20,1,1,0,1,1,0,0,0,0,0,0,1,0
SIAME,2025-11-21,1,1,0,1,0,0,0,0,0,1,0,1,0
SIAME,2025-11-26,1,1,0,0,1,1,0,0,0,0,0,1,0
SIAME,2025-11-27,1,1,0,0,0,0,1,0,0,0,0,1,0
SIAME,2025-11-28,1,1,0,0,0,0,0,0,0,0,0,1,0
SIAME,2025-12-03,0,1,0,1,1,0,0,0,0,0,0,1,0
SIAME,2025-12-04,0,1,0,1,1,0,0,0,0,0,0,1,0
SMART TUNISIE,2025-01-22,0,1,0,0,1,1,0,1,1,1,0,0,1
SMART TUNISIE,2025-01-23,0,1,0,1,1,0,0,1,1,0,0,0,1
SMART TUNISIE,2025-01-24,0,1,0,1,1,1,0,1,1,0,0,0,1
SMART TUNISIE,2025-01-29,0,1,0,1,1,0,0,1,1,0,0,0,1
SMART TUNISIE,2025-01-30,0,1,0,1,1,0,1,1,1,0,0,0,1
SMART TUNISIE,2025-02-05,0,1,0,1,1,0,1,1,1,0,0,0,1
SMART TUNISIE,2025-02-06,1,1,0,1,0,0,1,1,1,0,0,0,1
SMART TUNISIE,2025-02-07,0,1,0,0,1,0,1,1,1,0,0,0,1
SMART TUNISIE,2025-02-12,0,1,0,0,0,0,1,1,1,0,0,0,1
SMART TUNISIE,2025-02-13,0,1,0,0,0,1,1,1,1,1,0,0,1
SMART TUNISIE,2025-02-14,1,1,0,0,0,1,1,1,1,0,0,0,1
SMART TUNISIE,2025-02-19,0,1,0,0,0,1,1,1,1,0,0,0,1
SMART TUNISIE,2025-02-20,0,1,0,0,0,1,1,1,1,0,0,0,1
SMART TUNISIE,2025-02-21,0,1,0,0,0,1,1,1,1,0,0,0,1
SMART TUNISIE,2025-02-26,1,1,0,0,0,1,1,1,1,0,0,0,1
SMART TUNISIE,2025-02-27,1,1,0,0,0,1,1,1,1,0,0,0,1
SMART TUNISIE,2025-02-28,1,1,0,0,0,1,1,1,1,1,0,0,1
SMART TUNISIE,2025-03-05,1,1,0,0,1,0,1,1,1,0,0,0,1
SMART TUNISIE,2025-03-06,1,1,0,0,1,0,1,1,1,1,0,0,1
SMART TUNISIE,2025-03-07,1,1,0,0,0,1,1,1,1,0,0,0,1
SMART TUNISIE,2025-03-12,1,1,0,1,0,0,1,1,1,0,0,0,1
SMART TUNISIE,2025-03-13,0,1,0,1,1,0,1,1,1,1,0,0,1
SMART TUNISIE,2025-03-19,0,1,0,1,1,0,1,1,1,0,0,0,1
SMART TUNISIE,2025-03-21,0,1,0,1,0,1,1,1,1,1,0,0,1
SMART TUNISIE,2025-03-27,0,1,0,1,1,1,1,1,1,0,0,0,1
SMART TUNISIE,2025-03-28,0,1,0,1,1,0,1,1,1,0,0,0,1
SMART TUNISIE,2025-04-02,0,1,0,1,1,0,1,1,1,0,0,0,1
SMART TUNISIE,2025-04-04,1,1,0,0,0,1,1,1,1,0,0,0,1
SMART TUNISIE,2025-04-10,0,1,0,0,0,1,1,1,1,0,0,0,1
SMART TUNISIE,2025-04-11,0,1,0,0,0,0,1,1,1,0,0,0,1
SMART TUNISIE,2025-04-16,0,1,0,0,0,0,1,1,1,0,0,0,1
SMART TUNISIE,2025-04-17,0,1,0,0,0,0,1,1,1,1,0,0,1
SMART TUNISIE,2025-04-18,0,1,0,0,0,1,1,1,1,0,0,0,1
SMART TUNISIE,2025-04-23,1,1,0,0,0,1,1,1,1,1,0,0,1
SMART TUNISIE,2025-04-24,1,1,0,0,0,0,1,1,1,0,0,0,1
SMART TUNISIE,2025-05-02,0,1,0,1,1,0,1,1,1,0,0,0,1
SMART TUNISIE,2025-05-07,0,1,0,1,1,1,1,1,1,0,0,0,1
SMART TUNISIE,2025-05-08,0,1,0,1,1,0,1,1,1,0,0,0,1
SMART TUNISIE,2025-05-14,1,1,0,1,1,0,1,1,1,0,0,0,1
SMART TUNISIE,2025-05-15,1,1,0,1,0,1,1,1,1,1,0,0,1
SMART TUNISIE,2025-05-16,1,1,0,0,0,1,1,1,1,1,0,0,1
SMART TUNISIE,2025-05-21,0,1,0,0,0,1,1,1,1,0,0,0,1
SMART TUNISIE,2025-05-22,1,1,0,0,0,1,1,1,1,1,0,0,1
SMART TUNISIE,2025-05-23,0,1,0,0,1,0,1,1,1,0,0,0,1
SMART TUNISIE,2025-05-28,1,1,0,1,1,0,1,1,1,0,0,0,1
SMART TUNISIE,2025-05-29,1,1,0,1,1,1,1,1,1,0,0,0,1
SMART TUNISIE,2025-05-30,1,1,0,1,0,1,1,1,1,1,0,0,1
SMART TUNISIE,2025-06-04,1,1,0,0,0,0,1,1,1,0,0,0,1
SMART TUNISIE,2025-06-05,0,1,0,1,1,0,1,1,1,1,0,0,1
SMART TUNISIE,2025-06-11,0,1,0,1,1,1,1,1,1,1,0,0,1
SMART TUNISIE,2025-06-12,0,1,0,1,1,0,1,1,1,0,0,0,1
SMART TUNISIE,2025-06-13,0,1,0,1,1,0,1,1,1,0,0,0,1
SMART TUNISIE,2025-06-18,0,1,0,1,1,0,1,1,1,0,0,0,1
SMART TUNISIE,2025-06-19,1,1,0,0,0,1,1,1,1,1,0,0,1
SMART TUNISIE,2025-06-25,1,1,0,0,0,0,1,1,1,1,0,0,1
SMART TUNISIE,2025-06-27,1,1,0,0,0,1,1,1,1,1,0,0,1
SMART TUNISIE,2025-07-02,1,1,0,0,0,1,1,1,1,1,0,0,1
SMART TUNISIE,2025-07-03,1,1,0,0,1,0,1,1,1,1,0,0,1
SMART TUNISIE,2025-07-04,1,1,0,0,1,1,1,1,1,1,0,0,1
SMART TUNISIE,2025-07-09,1,1,0,1,1,0,1,1,1,1,0,0,1
SMART TUNISIE,2025-07-10,1,1,0,1,1,0,1,1,1,1,0,0,1
SMART TUNISIE,2025-07-11,1,1,0,1,1,0,1,1,1,1,0,0,1
SMART TUNISIE,2025-07-16,1,1,0,1,1,1,1,1,1,1,0,0,1
SMART TUNISIE,2025-07-17,1,1,0,1,1,1,1,1,1,1,0,0,1
SMART TUNISIE,2025-07-18,1,1,0,1,1,1,1,1,1,1,0,0,1
SMART TUNISIE,2025-07-23,1,1,0,1,1,1,1,1,1,1,0,0,1
SMART TUNISIE,2025-07-24,1,1,0,1,1,1,1,1,1,1,0,0,1
SMART TUNISIE,2025-07-30,0,1,0,1,1,1,1,1,1,1,0,0,1
SMART TUNISIE,2025-07-31,0,1,0,1,1,1,1,1,1,1,0,0,0
SMART TUNISIE,2025-08-01,0,1,0,1,1,1,1,1,1,1,0,0,1
SMART TUNISIE,2025-08-06,1,1,0,1,1,1,1,1,1,1,0,0,1
SMART TUNISIE,2025-08-08,0,1,0,1,1,1,1,1,1,1,0,0,1
SMART TUNISIE,2025-08-14,0,1,0,1,1,0,1,1,1,0,0,0,1
SMART TUNISIE,2025-08-15,0,1,0,1,1,0,1,1,1,0,0,0,1
SMART TUNISIE,2025-08-20,0,1,0,1,1,1,1,1,1,0,0,0,1
SMART TUNISIE,2025-08-21,1,1,0,1,1,1,1,1,1,0,0,0,1
SMART TUNISIE,2025-08-22,1,1,0,1,0,1,1,1,1,0,0,0,1
SMART TUNISIE,2025-08-27,1,1,0,0,0,0,1,1,1,0,0,0,1
SMART TUNISIE,2025-08-28,1,1,0,0,0,0,1,1,1,0,0,0,1
SMART TUNISIE,2025-09-03,0,1,0,1,1,0,1,1,1,0,0,0,1
SMART TUNISIE,2025-09-05,0,1,0,1,1,0,1,1,1,0,0,0,1
SMART TUNISIE,2025-09-10,0,1,0,1,1,1,1,1,1,0,0,0,1
SMART TUNISIE,2025-09-11,0,1,0,1,1,0,1,1,1,0,0,0,1
SMART TUNISIE,2025-09-17,1,1,0,1,1,0,1,1,1,0,0,0,1
SMART TUNISIE,2025-09-18,1,1,0,1,0,1,1,1,1,1,0,0,1
SMART TUNISIE,2025-09-19,1,1,0,1,1,1,1,1,1,1,0,0,1
SMART TUNISIE,2025-09-24,1,1,0,1,1,1,1,1,1,1,0,0,1
SMART TUNISIE,2025-09-25,0,1,0,1,1,1,1,1,1,1,0,0,1
SMART TUNISIE,2025-09-26,0,1,0,1,1,1,1,1,1,1,0,0,1
SMART TUNISIE,2025-10-01,0,1,0,1,1,1,1,1,1,0,0,0,1
SMART TUNISIE,2025-10-02,0,1,0,1,1,1,1,1,1,0,0,0,1
SMART TUNISIE,2025-10-03,0,1,0,1,1,1,1,1,1,0,0,0,1
SMART TUNISIE,2025-10-08,0,1,0,1,1,1,1,1,1,0,0,0,1
SMART TUNISIE,2025-10-10,1,1,0,1,0,1,0,1,1,0,0,0,1
SMART TUNISIE,2025-10-16,1,1,0,1,1,0,0,1,1,0,0,0,1
SMART TUNISIE,2025-10-17,1,1,0,0,1,0,1,1,1,0,0,0,1
SMART TUNISIE,2025-10-22,1,1,0,0,0,0,1,1,1,0,0,0,1
SMART TUNISIE,2025-10-23,1,1,0,0,1,0,1,1,1,0,0,0,1
SMART TUNISIE,2025-10-24,1,1,0,1,1,1,1,1,1,1,0,0,1
SMART TUNISIE,2025-10-29,1,1,0,1,1,1,1,1,1,1,0,0,1
SMART TUNISIE,2025-10-30,1,1,0,1,1,1,1,1,1,1,0,0,1
SMART TUNISIE,2025-10-31,0,1,0,1,1,1,1,1,1,1,0,0,1
SMART TUNISIE,2025-11-05,0,1,0,1,1,0,1,1,1,0,0,0,1
SMART TUNISIE,2025-11-06,0,1,0,1,1,1,1,1,1,1,0,0,1
SMART TUNISIE,2025-11-07,0,1,0,1,1,1,1,1,1,1,0,0,1
SMART TUNISIE,2025-11-12,0,1,0,1,1,1,1,1,1,1,0,0,1
SMART TUNISIE,2025-11-13,0,1,0,1,1,1,1,1,1,1,0,0,1
SMART TUNISIE,2025-11-19,0,1,0,1,1,1,0,1,1,1,0,0,1
SMART TUNISIE,2025-11-20,0,1,0,1,1,1,0,1,1,1,0,0,1
SMART TUNISIE,2025-11-21,0,1,0,1,1,1,1,0,1,1,0,0,1
SMART TUNISIE,2025-11-26,1,1,0,1,0,1,1,1,1,0,0,0,1
SMART TUNISIE,2025-11-27,1,1,0,0,0,1,1,1,1,0,0,0,1
SMART TUNISIE,2025-11-28,1,1,0,0,0,1,0,1,1,0,0,0,1
SMART TUNISIE,2025-12-03,1,1,0,0,0,1,1,1,1,0,0,0,1
SMART TUNISIE,2025-12-04,1,1,0,0,0,1,1,1,1,0,0,0,1
SOTETEL,2025-01-22,0,1,0,1,1,0,0,0,0,0,0,1,0
SOTETEL,2025-01-23,0,1,0,1,1,0,0,0,0,0,0,1,0
SOTETEL,2025-01-24,0,1,0,1,1,0,0,0,0,0,0,1,0
SOTETEL,2025-01-29,0,1,0,0,0,1,0,0,0,1,0,1,1
SOTETEL,2025-01-30,0,1,0,0,0,0,0,0,0,0,0,1,1
SOTETEL,2025-02-05,0,1,0,0,0,0,0,0,0,0,0,1,1
SOTETEL,2025-02-06,1,1,0,0,0,1,0,0,0,0,0,1,1
SOTETEL,2025-02-07,1,1,0,0,0,1,0,0,0,0,0,1,1
SOTETEL,2025-02-12,0,1,0,0,0,0,0,0,0,0,0,1,0
SOTETEL,2025-02-13,0,1,0,0,0,0,0,0,0,0,0,1,0
SOTETEL,2025-02-14,1,1,0,0,0,1,0,0,0,0,0,1,0
SOTETEL,2025-02-19,0,1,0,0,1,0,0,0,0,0,0,1,0
SOTETEL,2025-02-20,0,1,0,0,1,0,0,0,0,0,0,1,0
SOTETEL,2025-02-21,1,1,0,0,0,1,0,0,0,0,0,1,0
SOTETEL,2025-02-26,1,1,0,0,0,0,0,0,0,1,0,1,0
SOTETEL,2025-02-27,1,1,0,0,1,0,0,0,0,0,0,1,0
SOTETEL,2025-02-28,0,1,0,0,1,0,0,0,0,0,0,1,0
SOTETEL,2025-03-05,1,1,0,1,1,0,0,0,0,0,0,1,1
SOTETEL,2025-03-06,0,1,0,1,1,0,0,0,0,0,0,1,1
SOTETEL,2025-03-07,0,1,0,1,1,0,0,0,0,0,0,1,1
SOTETEL,2025-03-12,0,1,0,1,1,0,0,0,0,0,0,1,1
SOTETEL,2025-03-13,0,1,0,1,1,0,0,0,0,0,0,1,1
SOTETEL,2025-03-19,0,1,0,1,0,1,0,0,0,0,0,1,1
SOTETEL,2025-03-21,0,1,0,0,0,0,0,0,0,0,0,1,1
SOTETEL,2025-03-27,0,1,0,0,0,0,0,0,0,0,0,1,1
SOTETEL,2025-03-28,0,1,0,0,0,0,0,0,0,0,0,1,1
SOTETEL,2025-04-02,0,1,0,0,0,0,0,0,0,0,0,1,1
SOTETEL,2025-04-04,0,1,0,0,0,0,0,0,0,0,0,1,1
SOTETEL,2025-04-10,0,1,0,0,0,1,0,0,1,1,0,1,1
SOTETEL,2025-04-11,1,1,0,0,0,1,0,0,1,1,0,1,1
SOTETEL,2025-04-16,1,1,0,0,0,0,0,0,0,0,0,1,0
SOTETEL,2025-04-17,1,1,0,0,0,0,0,0,0,0,0,1,0
SOTETEL,2025-04-18,1,1,0,0,0,0,0,0,0,0,0,1,0
SOTETEL,2025-04-23,0,1,0,0,0,0,0,0,0,0,0,1,0
SOTETEL,2025-04-24,0,1,0,0,0,0,0,0,0,0,0,1,0
SOTETEL,2025-05-02,0,1,0,1,1,0,0,0,0,0,0,1,0
SOTETEL,2025-05-07,1,1,0,1,1,0,0,0,0,0,0,1,0
SOTETEL,2025-05-08,1,1,0,1,1,0,0,0,0,0,0,1,0
SOTETEL,2025-05-14,0,1,0,1,1,0,0,0,0,0,0,1,0
SOTETEL,2025-05-15,1,1,0,1,1,0,0,0,0,0,0,1,1
SOTETEL,2025-05-16,0,1,0,1,1,0,0,0,0,0,0,1,1
SOTETEL,2025-05-21,0,1,0,1,1,0,0,0,0,0,0,1,1
SOTETEL,2025-05-22,1,1,0,0,0,0,0,0,0,0,0,1,1
SOTETEL,2025-05-23,0,1,0,0,1,0,0,0,0,0,0,1,1
SOTETEL,2025-05-28,1,1,0,0,0,0,0,0,0,0,0,1,1
SOTETEL,2025-05-29,1,1,0,1,0,0,0,0,0,0,0,1,1
SOTETEL,2025-05-30,1,1,0,1,1,0,0,0,0,0,0,1,1
SOTETEL,2025-06-04,0,1,0,0,0,0,0,0,0,0,0,1,1
SOTETEL,2025-06-05,0,1,0,1,1,0,0,0,0,0,0,1,1
SOTETEL,2025-06-11,0,1,0,1,1,0,0,0,0,0,0,1,1
SOTETEL,2025-06-12,0,1,0,1,1,0,0,0,0,0,0,1,1
SOTETEL,2025-06-13,1,1,0,0,0,0,0,0,0,0,0,1,1
SOTETEL,2025-06-18,1,1,0,0,0,0,0,0,0,0,0,1,1
SOTETEL,2025-06-19,1,1,0,0,0,0,0,0,0,0,0,1,1
SOTETEL,2025-06-25,0,1,0,0,1,0,0,0,0,0,0,1,1
SOTETEL,2025-06-27,1,1,0,0,0,1,0,0,0,0,0,1,1
SOTETEL,2025-07-02,0,1,0,1,1,0,0,0,0,0,0,1,1
SOTETEL,2025-07-03,0,1,0,0,1,0,0,0,0,0,0,1,1
SOTETEL,2025-07-04,1,1,0,1,0,0,0,0,0,0,0,1,1
SOTETEL,2025-07-09,1,1,0,1,1,0,0,0,0,0,0,1,1
SOTETEL,2025-07-10,1,1,0,1,1,0,0,0,0,0,0,1,1
SOTETEL,2025-07-11,1,1,0,1,1,0,0,0,0,0,0,1,1
SOTETEL,2025-07-16,0,1,0,1,1,0,0,0,0,0,0,1,1
SOTETEL,2025-07-17,0,1,0,1,1,0,0,0,0,0,0,1,1
SOTETEL,2025-07-18,0,1,0,1,1,0,0,0,0,0,0,1,1
SOTETEL,2025-07-23,0,1,0,1,1,0,0,0,0,0,0,1,1
SOTETEL,2025-07-24,0,1,0,1,1,1,0,0,0,0,0,1,1
SOTETEL,2025-07-30,1,1,0,0,0,1,0,0,1,1,0,1,1
SOTETEL,2025-07-31,0,1,0,0,0,0,0,0,0,1,0,1,1
SOTETEL,2025-08-01,0,1,0,0,0,0,0,0,0,0,0,1,1
SOTETEL,2025-08-06,0,1,0,0,0,0,0,0,0,0,0,1,1
SOTETEL,2025-08-08,0,1,0,0,0,0,0,0,0,0,0,1,1
SOTETEL,2025-08-14,1,1,0,0,0,1,0,0,1,1,0,1,0
SOTETEL,2025-08-15,1,1,0,0,0,1,0,0,0,1,0,1,0
SOTETEL,2025-08-20,1,1,0,0,0,0,0,0,0,0,0,1,0
SOTETEL,2025-08-21,1,1,0,0,0,0,0,0,0,0,0,1,0
SOTETEL,2025-08-22,1,1,0,0,0,0,0,0,0,0,0,1,0
SOTETEL,2025-08-27,0,1,0,0,1,0,0,0,0,0,0,1,0
SOTETEL,2025-08-28,0,1,0,0,1,0,0,0,0,0,0,1,0
SOTETEL,2025-09-03,0,1,0,1,0,0,0,0,1,1,0,1,0
SOTETEL,2025-09-05,0,1,0,1,0,0,0,0,0,0,0,1,0
SOTETEL,2025-09-10,0,1,0,0,0,1,0,0,0,0,0,1,0
SOTETEL,2025-09-11,0,1,0,0,0,1,0,0,0,0,0,1,0
SOTETEL,2025-09-17,0,1,0,0,0,1,0,1,1,1,0,1,0
SOTETEL,2025-09-18,0,1,0,0,0,0,0,0,0,1,0,1,0
SOTETEL,2025-09-19,0,1,0,0,0,0,0,0,0,0,0,1,0
SOTETEL,2025-09-24,0,1,0,0,0,1,0,0,1,1,0,1,0
SOTETEL,2025-09-25,0,1,0,0,0,0,0,0,0,0,0,1,0
SOTETEL,2025-09-26,0,1,0,0,0,0,0,0,0,0,0,1,0
SOTETEL,2025-10-01,0,1,0,0,0,0,0,0,0,0,0,1,0
SOTETEL,2025-10-02,0,1,0,0,0,0,0,0,0,0,0,1,0
SOTETEL,2025-10-03,0,1,0,0,0,0,0,0,0,0,0,1,0
SOTETEL,2025-10-08,0,1,0,0,0,0,0,0,0,0,0,1,0
SOTETEL,2025-10-10,0,1,0,0,0,0,0,0,0,0,0,1,0
SOTETEL,2025-10-16,1,1,0,0,0,0,0,0,0,0,0,1,0
SOTETEL,2025-10-17,1,1,0,0,0,0,0,0,0,0,0,1,0
SOTETEL,2025-10-22,1,1,0,0,0,0,0,0,0,0,0,1,0
SOTETEL,2025-10-23,1,1,0,0,0,0,0,0,0,0,0,1,0
SOTETEL,2025-10-24,0,1,0,0,1,0,0,0,0,0,0,1,0
SOTETEL,2025-10-29,0,1,0,1,1,0,0,0,0,0,0,1,0
SOTETEL,2025-10-30,1,1,0,1,1,0,0,0,0,0,0,1,0
SOTETEL,2025-10-31,1,1,0,1,0,0,0,0,0,0,0,1,1
SOTETEL,2025-11-05,1,1,0,1,1,0,0,0,0,0,0,1,1
SOTETEL,2025-11-06,1,1,0,1,1,0,0,0,0,0,0,1,1
SOTETEL,2025-11-07,1,1,0,1,1,0,0,0,0,0,0,1,1
SOTETEL,2025-11-12,0,1,0,1,1,0,0,0,0,0,0,1,1
SOTETEL,2025-11-13,0,1,0,1,1,0,0,0,0,0,0,1,1
SOTETEL,2025-11-19,0,1,0,1,1,0,0,0,0,0,0,1,1
SOTETEL,2025-11-20,0,1,0,1,0,0,0,1,0,0,0,1,1
SOTETEL,2025-11-21,0,1,0,1,1,0,0,0,0,0,0,1,1
SOTETEL,2025-11-26,0,1,0,1,1,0,0,0,0,0,0,1,1
SOTETEL,2025-11-27,1,1,0,1,1,0,0,0,0,0,0,1,1
SOTETEL,2025-11-28,0,1,0,1,1,0,0,0,0,0,0,1,1
SOTETEL,2025-12-03,1,1,0,0,0,0,0,0,0,0,0,1,1
SOTETEL,2025-12-04,1,1,0,0,0,0,0,0,0,0,0,1,1
ASSU MAGHREBIA VIE,2025-01-22,0,1,0,1,0,0,0,1,1,0,0,1,1
ASSU MAGHREBIA VIE,2025-01-23,0,1,0,0,0,0,0,1,1,0,0,1,1
ASSU MAGHREBIA VIE,2025-01-24,1,1,0,0,0,0,0,1,1,0,0,1,1
ASSU MAGHREBIA VIE,2025-01-29,1,1,0,0,0,1,1,0,1,0,0,1,1
ASSU MAGHREBIA VIE,2025-01-30,0,1,0,0,0,1,0,0,1,0,0,1,1
ASSU MAGHREBIA VIE,2025-02-05,0,1,0,0,1,1,0,0,1,0,0,1,1
ASSU MAGHREBIA VIE,2025-02-06,0,1,0,1,1,0,0,1,1,0,0,1,1
ASSU MAGHREBIA VIE,2025-02-07,0,1,0,1,1,1,0,0,1,0,0,1,1
ASSU MAGHREBIA VIE,2025-02-12,0,1,0,0,0,0,0,0,1,0,0,1,1
ASSU MAGHREBIA VIE,2025-02-13,0,1,0,0,0,0,0,0,1,0,0,1,1
ASSU MAGHREBIA VIE,2025-02-14,0,1,0,0,0,1,0,1,1,0,0,1,1
ASSU MAGHREBIA VIE,2025-02-19,0,1,0,0,0,1,0,0,0,0,0,1,1
ASSU MAGHREBIA VIE,2025-02-20,0,1,0,0,0,0,0,0,0,0,0,1,1
ASSU MAGHREBIA VIE,2025-02-21,0,1,0,0,0,0,0,0,0,0,0,1,1
ASSU MAGHREBIA VIE,2025-02-26,0,1,0,0,0,0,0,0,1,1,0,1,1
ASSU MAGHREBIA VIE,2025-02-27,0,1,0,0,0,0,1,0,1,0,0,1,1
ASSU MAGHREBIA VIE,2025-02-28,1,1,0,0,0,1,0,1,1,1,0,1,1
ASSU MAGHREBIA VIE,2025-03-05,0,1,0,0,0,1,1,1,1,1,0,1,1
ASSU MAGHREBIA VIE,2025-03-06,0,1,0,0,0,1,1,1,0,1,0,1,1
ASSU MAGHREBIA VIE,2025-03-07,0,1,0,0,0,1,0,1,0,0,0,1,1
ASSU MAGHREBIA VIE,2025-03-12,0,1,0,0,0,0,1,1,1,1,0,1,1
ASSU MAGHREBIA VIE,2025-03-13,0,1,0,0,0,0,0,1,1,1,0,1,1
ASSU MAGHREBIA VIE,2025-03-19,0,1,0,0,0,1,1,1,1,1,0,1,1
ASSU MAGHREBIA VIE,2025-03-21,0,1,0,0,0,1,0,1,1,1,0,1,1
ASSU MAGHREBIA VIE,2025-03-27,1,1,0,0,0,1,0,1,1,1,0,1,0
ASSU MAGHREBIA VIE,2025-03-28,0,1,0,0,1,1,0,1,1,1,0,1,0
ASSU MAGHREBIA VIE,2025-04-02,0,1,0,0,0,1,0,0,1,1,0,1,0
ASSU MAGHREBIA VIE,2025-04-04,0,1,0,0,0,1,0,1,1,1,0,1,0
ASSU MAGHREBIA VIE,2025-04-10,0,1,0,0,1,1,0,0,1,1,0,1,1
ASSU MAGHREBIA VIE,2025-04-11,1,1,0,0,0,1,1,0,1,1,0,1,1
ASSU MAGHREBIA VIE,2025-04-16,1,1,0,0,0,1,0,1,1,1,0,1,1
ASSU MAGHREBIA VIE,2025-04-17,1,1,0,0,0,1,0,1,1,1,0,1,1
ASSU MAGHREBIA VIE,2025-04-18,0,1,0,0,1,1,0,0,1,1,0,1,1
ASSU MAGHREBIA VIE,2025-04-23,0,1,0,1,1,0,0,0,1,1,0,1,1
ASSU MAGHREBIA VIE,2025-04-24,1,1,0,1,0,1,0,1,1,1,0,1,1
ASSU MAGHREBIA VIE,2025-05-02,0,1,0,1,1,1,0,1,1,1,0,1,1
ASSU MAGHREBIA VIE,2025-05-07,0,1,0,1,1,1,0,1,1,1,0,1,1
ASSU MAGHREBIA VIE,2025-05-08,0,1,0,1,1,1,0,1,1,1,0,1,1
ASSU MAGHREBIA VIE,2025-05-14,0,1,0,1,1,1,0,0,1,1,0,1,1
ASSU MAGHREBIA VIE,2025-05-15,0,1,0,1,1,0,0,0,1,1,0,1,1
ASSU MAGHREBIA VIE,2025-05-16,1,1,0,1,0,1,0,1,1,1,0,1,1
ASSU MAGHREBIA VIE,2025-05-21,1,1,0,0,1,1,0,0,1,1,0,1,1
ASSU MAGHREBIA VIE,2025-05-22,1,1,0,0,1,1,0,0,1,1,0,1,1
ASSU MAGHREBIA VIE,2025-05-23,1,1,0,0,0,1,0,1,1,1,0,1,1
ASSU MAGHREBIA VIE,2025-05-28,0,1,0,1,1,1,0,0,1,1,0,1,1
ASSU MAGHREBIA VIE,2025-05-29,0,1,0,1,1,1,0,0,1,1,0,1,1
ASSU MAGHREBIA VIE,2025-05-30,0,1,0,1,1,1,0,1,1,0,0,1,1
ASSU MAGHREBIA VIE,2025-06-04,0,1,0,1,1,0,0,0,1,0,0,1,1
ASSU MAGHREBIA VIE,2025-06-05,1,1,0,1,0,1,0,1,1,1,0,1,1
ASSU MAGHREBIA VIE,2025-06-11,0,1,0,0,1,1,0,1,1,1,0,1,1
ASSU MAGHREBIA VIE,2025-06-12,0,1,0,0,1,1,0,1,1,0,0,1,1
ASSU MAGHREBIA VIE,2025-06-13,0,1,0,1,1,0,0,1,1,0,0,1,1
ASSU MAGHREBIA VIE,2025-06-18,0,1,0,0,0,1,0,1,1,0,0,1,1
ASSU MAGHREBIA VIE,2025-06-19,0,1,0,0,1,1,0,1,1,0,0,1,1
ASSU MAGHREBIA VIE,2025-06-25,0,1,0,0,1,1,0,1,1,1,0,1,1
ASSU MAGHREBIA VIE,2025-06-27,0,1,0,0,1,1,0,1,1,0,0,1,1
ASSU MAGHREBIA VIE,2025-07-02,0,1,0,0,0,1,0,1,1,1,0,1,1
ASSU MAGHREBIA VIE,2025-07-03,0,1,0,0,0,1,0,1,1,1,0,1,1
ASSU MAGHREBIA VIE,2025-07-04,0,1,0,0,1,0,0,1,1,1,0,1,1
ASSU MAGHREBIA VIE,2025-07-09,0,1,0,0,0,1,0,1,1,1,0,1,1
ASSU MAGHREBIA VIE,2025-07-10,0,1,0,0,0,1,0,1,1,1,0,1,1
ASSU MAGHREBIA VIE,2025-07-11,0,1,0,0,0,1,0,1,1,1,0,1,1
ASSU MAGHREBIA VIE,2025-07-16,0,1,0,0,0,1,0,1,1,1,0,1,1
ASSU MAGHREBIA VIE,2025-07-17,1,1,0,0,0,0,0,1,1,1,0,1,1
ASSU MAGHREBIA VIE,2025-07-18,0,1,0,0,0,1,0,1,1,1,0,1,1
ASSU MAGHREBIA VIE,2025-07-23,0,1,0,0,0,0,0,1,1,1,1,1,1
ASSU MAGHREBIA VIE,2025-07-24,1,1,0,0,0,0,0,1,1,1,1,1,1
ASSU MAGHREBIA VIE,2025-07-30,0,1,0,0,0,1,0,1,1,1,1,1,1
ASSU MAGHREBIA VIE,2025-07-31,0,1,0,0,0,1,0,1,1,1,1,1,1
ASSU MAGHREBIA VIE,2025-08-01,0,1,0,0,0,1,0,1,1,1,1,1,1
ASSU MAGHREBIA VIE,2025-08-06,0,1,0,0,0,1,0,1,1,1,1,1,1
ASSU MAGHREBIA VIE,2025-08-08,1,1,0,0,0,1,0,1,1,1,1,1,1
ASSU MAGHREBIA VIE,2025-08-14,1,1,0,0,0,0,0,1,1,1,1,1,1
ASSU MAGHREBIA VIE,2025-08-15,1,1,0,0,0,1,0,1,1,1,1,1,1
ASSU MAGHREBIA VIE,2025-08-20,0,1,0,0,1,1,0,1,1,1,1,1,1
ASSU MAGHREBIA VIE,2025-08-21,0,1,0,0,1,1,0,1,1,1,1,1,1
ASSU MAGHREBIA VIE,2025-08-22,1,1,0,0,1,0,0,1,1,0,1,1,1
ASSU MAGHREBIA VIE,2025-08-27,1,1,0,1,1,1,0,1,1,1,1,1,1
ASSU MAGHREBIA VIE,2025-08-28,1,1,0,1,1,0,0,1,1,1,1,1,1
ASSU MAGHREBIA VIE,2025-09-03,1,1,0,1,1,0,0,1,1,1,1,1,1
ASSU MAGHREBIA VIE,2025-09-05,1,1,0,1,1,0,0,1,1,0,1,1,1
ASSU MAGHREBIA VIE,2025-09-10,1,1,0,1,1,1,0,1,1,1,1,1,1
ASSU MAGHREBIA VIE,2025-09-11,1,1,0,1,1,0,0,1,1,1,1,1,1
ASSU MAGHREBIA VIE,2025-09-17,1,1,0,1,1,1,0,1,1,1,1,1,1
ASSU MAGHREBIA VIE,2025-09-18,1,1,0,1,1,1,0,1,1,1,1,1,1
ASSU MAGHREBIA VIE,2025-09-19,1,1,0,1,1,1,0,0,1,0,1,1,1
ASSU MAGHREBIA VIE,2025-09-24,0,1,0,1,1,0,0,0,1,0,1,1,1
ASSU MAGHREBIA VIE,2025-09-25,0,1,0,1,1,0,0,0,1,0,1,1,1
ASSU MAGHREBIA VIE,2025-09-26,0,1,0,1,1,0,0,1,1,0,1,1,1
ASSU MAGHREBIA VIE,2025-10-01,0,1,0,1,1,0,0,1,0,0,1,1,1
ASSU MAGHREBIA VIE,2025-10-02,0,1,0,1,1,1,0,1,0,0,1,1,1
ASSU MAGHREBIA VIE,2025-10-03,0,1,0,1,1,1,0,0,0,0,1,1,1
ASSU MAGHREBIA VIE,2025-10-08,0,1,0,1,1,0,0,0,0,0,1,1,1
ASSU MAGHREBIA VIE,2025-10-10,1,1,0,0,0,0,0,1,0,0,1,1,1
ASSU MAGHREBIA VIE,2025-10-16,0,1,0,0,0,0,0,0,0,0,1,1,1
ASSU MAGHREBIA VIE,2025-10-17,1,1,0,0,0,0,0,1,0,1,1,1,1
ASSU MAGHREBIA VIE,2025-10-22,0,1,0,0,0,0,0,0,0,0,1,1,1
ASSU MAGHREBIA VIE,2025-10-23,0,1,0,0,1,0,0,0,0,0,1,1,1
ASSU MAGHREBIA VIE,2025-10-24,0,1,0,1,1,0,0,0,0,0,1,1,1
ASSU MAGHREBIA VIE,2025-10-29,0,1,0,0,0,0,0,1,1,1,1,1,1
ASSU MAGHREBIA VIE,2025-10-30,0,1,0,0,0,0,0,1,1,1,1,1,1
ASSU MAGHREBIA VIE,2025-10-31,0,1,0,0,0,1,0,1,1,0,1,1,1
ASSU MAGHREBIA VIE,2025-11-05,0,1,0,0,0,1,0,1,1,0,1,1,1
ASSU MAGHREBIA VIE,2025-11-06,1,1,0,0,0,1,0,1,1,1,1,1,1
ASSU MAGHREBIA VIE,2025-11-07,1,1,0,0,0,1,0,1,1,1,1,1,1
ASSU MAGHREBIA VIE,2025-11-12,1,1,0,0,1,0,0,1,0,0,1,1,1
ASSU MAGHREBIA VIE,2025-11-13,1,1,0,0,0,1,0,1,1,1,1,1,1
ASSU MAGHREBIA VIE,2025-11-19,0,1,0,0,1,1,0,1,1,0,1,1,1
ASSU MAGHREBIA VIE,2025-11-20,0,1,0,1,1,1,0,0,0,0,1,1,1
ASSU MAGHREBIA VIE,2025-11-21,1,1,0,1,1,0,0,1,1,0,1,1,1
ASSU MAGHREBIA VIE,2025-11-26,1,1,0,1,1,0,0,1,1,0,1,1,1
ASSU MAGHREBIA VIE,2025-11-27,1,1,0,1,1,0,0,1,1,0,1,1,1
ASSU MAGHREBIA VIE,2025-11-28,1,1,0,1,1,0,0,1,0,0,1,1,1
ASSU MAGHREBIA VIE,2025-12-03,1,1,0,1,1,0,0,1,1,1,1,1,1
ASSU MAGHREBIA VIE,2025-12-04,1,1,0,1,1,1,0,1,1,0,1,1,1
SOTIPAPIER,2025-01-22,0,1,0,0,0,0,0,1,0,0,0,0,0
SOTIPAPIER,2025-01-23,0,1,0,0,0,1,1,1,0,0,0,0,0
SOTIPAPIER,2025-01-24,0,1,0,0,0,1,1,1,1,0,0,0,0
SOTIPAPIER,2025-01-29,1,1,0,0,0,1,0,1,0,0,0,0,0
SOTIPAPIER,2025-01-30,0,1,0,0,0,0,0,1,0,0,0,0,0
SOTIPAPIER,2025-02-05,0,1,0,0,0,0,0,1,0,0,0,0,0
SOTIPAPIER,2025-02-06,0,1,0,0,1,0,0,0,0,0,0,0,0
SOTIPAPIER,2025-02-07,0,1,0,0,0,0,0,0,0,0,0,0,0
SOTIPAPIER,2025-02-12,0,1,0,0,0,1,0,1,1,1,0,0,0
SOTIPAPIER,2025-02-13,0,1,0,0,0,0,0,0,1,0,0,0,0
SOTIPAPIER,2025-02-14,0,1,0,0,0,0,0,0,1,0,0,0,0
SOTIPAPIER,2025-02-19,0,1,0,0,0,1,0,1,1,0,0,0,0
SOTIPAPIER,2025-02-20,0,1,0,0,0,0,0,1,1,0,0,0,0
SOTIPAPIER,2025-02-21,0,1,0,0,0,1,0,1,1,0,0,0,0
SOTIPAPIER,2025-02-26,1,1,0,0,0,0,1,1,1,0,0,0,0
SOTIPAPIER,2025-02-27,1,1,0,0,0,0,0,1,0,0,0,0,0
SOTIPAPIER,2025-02-28,0,1,0,0,0,0,0,1,0,0,0,0,0
SOTIPAPIER,2025-03-05,0,1,0,0,0,0,0,0,0,0,0,0,0
SOTIPAPIER,2025-03-06,0,1,0,0,0,0,0,0,0,0,0,0,0
SOTIPAPIER,2025-03-07,0,1,0,0,0,0,0,1,0,0,0,0,0
SOTIPAPIER,2025-03-12,0,1,0,0,0,0,0,1,1,0,0,0,0
SOTIPAPIER,2025-03-13,0,1,0,0,0,1,0,1,1,0,0,0,0
SOTIPAPIER,2025-03-19,1,1,0,0,0,1,1,1,1,0,0,0,0
SOTIPAPIER,2025-03-21,1,1,0,0,0,0,0,1,0,0,0,0,0
SOTIPAPIER,2025-03-27,1,1,0,0,0,1,0,1,0,0,0,0,0
SOTIPAPIER,2025-03-28,1,1,0,0,1,0,0,0,0,0,0,0,0
SOTIPAPIER,2025-04-02,1,1,0,0,1,0,0,0,0,0,0,0,0
SOTIPAPIER,2025-04-04,0,1,0,1,1,0,0,1,0,0,0,0,0
SOTIPAPIER,2025-04-10,0,1,0,1,1,1,0,1,1,0,0,0,0
SOTIPAPIER,2025-04-11,0,1,0,1,1,0,0,0,1,0,0,0,0
SOTIPAPIER,2025-04-16,0,1,0,1,1,1,0,1,1,0,0,0,0
SOTIPAPIER,2025-04-17,0,1,0,1,1,0,0,1,1,0,0,0,1
SOTIPAPIER,2025-04-18,0,1,0,1,0,0,0,0,1,0,0,0,1
SOTIPAPIER,2025-04-23,0,1,0,0,0,1,0,1,1,1,0,0,1
SOTIPAPIER,2025-04-24,0,1,0,0,0,1,1,1,1,1,0,0,1
SOTIPAPIER,2025-05-02,0,1,0,0,0,1,1,1,1,1,0,0,1
SOTIPAPIER,2025-05-07,1,1,0,0,0,1,1,1,1,0,0,0,0
SOTIPAPIER,2025-05-08,1,1,0,0,0,1,0,1,1,0,0,0,0
SOTIPAPIER,2025-05-14,1,1,0,0,0,1,1,1,0,0,0,0,0
SOTIPAPIER,2025-05-15,1,1,0,0,0,1,0,0,0,0,0,0,0
SOTIPAPIER,2025-05-16,1,1,0,0,0,0,0,0,0,0,0,0,0
SOTIPAPIER,2025-05-21,0,1,0,0,0,0,0,0,0,0,0,0,0
SOTIPAPIER,2025-05-22,0,1,0,0,0,0,0,0,0,0,0,0,0
SOTIPAPIER,2025-05-23,0,1,0,1,1,0,0,0,0,0,0,0,0
SOTIPAPIER,2025-05-28,1,1,0,1,1,0,1,1,0,0,0,0,0
SOTIPAPIER,2025-05-29,0,1,0,1,1,1,0,1,0,0,0,0,0
SOTIPAPIER,2025-05-30,1,1,0,1,1,1,1,1,1,0,0,0,0
SOTIPAPIER,2025-06-04,0,1,0,1,1,0,0,0,0,0,0,0,0
SOTIPAPIER,2025-06-05,0,1,0,1,1,0,0,0,0,0,0,0,0
SOTIPAPIER,2025-06-11,0,1,0,1,1,0,0,1,0,0,0,0,1
SOTIPAPIER,2025-06-12,0,1,0,1,1,0,0,1,1,0,0,0,1
SOTIPAPIER,2025-06-13,0,1,0,1,1,0,0,0,0,0,0,0,1
SOTIPAPIER,2025-06-18,0,1,0,1,1,0,0,0,0,0,0,0,1
SOTIPAPIER,2025-06-19,0,1,0,1,0,0,1,1,1,0,0,0,1
SOTIPAPIER,2025-06-25,0,1,0,0,0,1,0,1,1,1,0,0,1
SOTIPAPIER,2025-06-27,1,1,0,0,0,1,0,1,1,0,0,0,1
SOTIPAPIER,2025-07-02,1,1,0,0,0,1,0,1,1,1,0,0,1
SOTIPAPIER,2025-07-03,0,1,0,0,0,1,0,0,0,0,0,0,0
SOTIPAPIER,2025-07-04,0,1,0,0,0,0,0,1,0,0,0,0,0
SOTIPAPIER,2025-07-09,0,1,0,0,0,0,1,1,0,0,0,0,0
SOTIPAPIER,2025-07-10,0,1,0,0,0,0,1,0,0,0,0,0,0
SOTIPAPIER,2025-07-11,0,1,0,0,0,1,0,1,1,1,0,0,0
SOTIPAPIER,2025-07-16,0,1,0,0,0,0,0,1,1,0,0,0,0
SOTIPAPIER,2025-07-17,0,1,0,0,0,1,0,1,1,1,0,0,0
SOTIPAPIER,2025-07-18,0,1,0,0,0,1,0,1,1,0,0,0,0
SOTIPAPIER,2025-07-23,1,1,0,0,0,1,0,0,1,1,0,0,0
SOTIPAPIER,2025-07-24,1,1,0,0,0,1,0,1,1,1,0,0,0
SOTIPAPIER,2025-07-30,1,1,0,0,0,0,0,0,0,0,0,0,0
SOTIPAPIER,2025-07-31,0,1,0,0,0,0,0,1,0,0,0,0,0
SOTIPAPIER,2025-08-01,0,1,0,0,0,1,0,0,0,0,0,0,0
SOTIPAPIER,2025-08-06,0,1,0,0,0,0,0,0,0,0,0,0,0
SOTIPAPIER,2025-08-08,0,1,0,0,1,0,0,0,0,0,0,0,0
SOTIPAPIER,2025-08-14,0,1,0,1,0,0,0,0,1,0,0,0,0
SOTIPAPIER,2025-08-15,0,1,0,1,0,0,0,0,1,0,0,0,0
SOTIPAPIER,2025-08-20,0,1,0,0,0,0,0,0,0,0,0,0,0
SOTIPAPIER,2025-08-21,1,1,0,0,0,1,0,1,1,0,0,0,0
SOTIPAPIER,2025-08-22,1,1,0,0,0,0,0,0,0,0,0,0,0
SOTIPAPIER,2025-08-27,0,1,0,0,0,0,0,1,1,0,0,0,1
SOTIPAPIER,2025-08-28,1,1,0,0,0,0,0,0,0,0,0,0,1
SOTIPAPIER,2025-09-03,0,1,0,0,1,0,0,0,1,0,0,0,0
SOTIPAPIER,2025-09-05,0,1,0,0,0,1,0,1,1,0,0,0,0
SOTIPAPIER,2025-09-10,0,1,0,0,0,1,0,1,1,0,0,0,0
SOTIPAPIER,2025-09-11,0,1,0,0,0,1,0,1,1,1,0,0,0
SOTIPAPIER,2025-09-17,1,1,0,0,0,1,1,1,1,1,0,0,0
SOTIPAPIER,2025-09-18,1,1,0,0,0,1,1,1,1,1,0,0,0
SOTIPAPIER,2025-09-19,1,1,0,0,0,1,1,1,1,1,0,0,0
SOTIPAPIER,2025-09-24,1,1,0,0,0,1,1,1,0,0,0,0,0
SOTIPAPIER,2025-09-25,1,1,0,0,1,1,1,0,0,0,0,0,0
SOTIPAPIER,2025-09-26,1,1,0,0,1,0,0,0,0,0,0,0,0
SOTIPAPIER,2025-10-01,1,1,0,1,1,1,0,1,0,0,0,0,0
SOTIPAPIER,2025-10-02,0,1,0,1,1,1,0,1,0,0,0,0,0
SOTIPAPIER,2025-10-03,1,1,0,1,1,1,0,0,0,0,0,0,0
SOTIPAPIER,2025-10-08,1,1,0,1,1,0,0,0,0,0,0,0,0
SOTIPAPIER,2025-10-10,0,1,0,1,1,0,0,0,0,0,0,0,0
SOTIPAPIER,2025-10-16,0,1,0,1,1,1,0,0,0,0,0,0,0
SOTIPAPIER,2025-10-17,0,1,0,1,1,1,0,0,0,0,0,0,0
SOTIPAPIER,2025-10-22,0,1,0,1,1,1,0,1,1,0,0,0,0
SOTIPAPIER,2025-10-23,0,1,0,1,0,1,0,1,1,0,0,0,0
SOTIPAPIER,2025-10-24,0,1,0,0,0,1,0,0,1,0,0,0,0
SOTIPAPIER,2025-10-29,0,1,0,0,0,1,0,1,1,1,0,0,0
SOTIPAPIER,2025-10-30,0,1,0,0,0,1,0,1,1,0,0,0,0
SOTIPAPIER,2025-10-31,0,1,0,0,0,1,0,1,1,0,0,0,0
SOTIPAPIER,2025-11-05,1,1,0,0,0,1,0,1,1,1,0,0,0
SOTIPAPIER,2025-11-06,0,1,0,0,0,1,0,1,1,0,0,0,0
SOTIPAPIER,2025-11-07,0,1,0,0,0,0,0,1,1,0,0,0,0
SOTIPAPIER,2025-11-12,0,1,0,0,0,0,1,1,0,0,0,0,0
SOTIPAPIER,2025-11-13,0,1,0,0,0,0,1,0,0,0,0,0,0
SOTIPAPIER,2025-11-19,0,1,0,0,0,1,1,1,1,0,0,0,0
SOTIPAPIER,2025-11-20,0,1,0,0,0,1,1,1,1,1,0,0,0
SOTIPAPIER,2025-11-21,0,1,0,0,0,1,1,1,1,0,0,0,0
SOTIPAPIER,2025-11-26,0,1,0,0,0,1,1,1,1,0,0,0,0
SOTIPAPIER,2025-11-27,1,1,0,0,0,1,1,1,1,0,0,0,0
SOTIPAPIER,2025-11-28,1,1,0,0,0,1,1,1,1,0,0,0,0
SOTIPAPIER,2025-12-03,1,1,0,0,0,1,1,1,1,0,0,0,0
SOTIPAPIER,2025-12-04,1,1,0,0,0,1,1,1,1,0,0,0,0
SOTRAPIL,2025-01-22,0,1,0,1,1,0,0,0,1,0,1,1,1
SOTRAPIL,2025-01-23,1,1,0,1,1,0,0,0,1,0,1,1,1
SOTRAPIL,2025-01-24,0,1,0,1,1,0,0,0,1,0,1,1,1
SOTRAPIL,2025-01-29,1,1,0,1,1,1,0,0,1,0,1,1,1
SOTRAPIL,2025-01-30,1,1,0,1,1,0,0,0,1,0,1,1,1
SOTRAPIL,2025-02-05,1,1,0,1,1,0,0,0,1,1,1,1,1
SOTRAPIL,2025-02-06,0,1,0,1,1,0,0,1,1,1,1,1,1
SOTRAPIL,2025-02-07,1,1,0,1,1,1,0,1,1,0,1,1,1
SOTRAPIL,2025-02-12,0,1,0,1,1,0,0,0,0,0,1,1,1
SOTRAPIL,2025-02-13,0,1,0,1,1,0,0,0,1,0,1,1,1
SOTRAPIL,2025-02-14,0,1,0,1,1,0,0,0,1,0,1,1,1
SOTRAPIL,2025-02-19,1,1,0,1,1,1,0,0,1,1,1,1,1
SOTRAPIL,2025-02-20,1,1,0,1,1,0,0,0,0,0,1,1,1
SOTRAPIL,2025-02-21,1,1,0,1,1,0,0,0,0,0,1,1,1
SOTRAPIL,2025-02-26,1,1,0,1,1,1,0,0,0,0,1,1,1
SOTRAPIL,2025-02-27,1,1,0,1,1,0,0,0,0,0,1,1,1
SOTRAPIL,2025-02-28,1,1,0,1,1,1,0,0,1,0,1,1,1
SOTRAPIL,2025-03-05,0,1,0,1,1,0,0,0,0,0,1,1,1
SOTRAPIL,2025-03-06,1,1,0,1,1,0,0,0,0,0,1,1,1
SOTRAPIL,2025-03-07,0,1,0,1,1,0,0,0,0,0,1,1,1
SOTRAPIL,2025-03-12,1,1,0,1,1,0,0,0,0,0,1,1,1
SOTRAPIL,2025-03-13,1,1,0,1,1,0,0,0,0,0,1,1,1
SOTRAPIL,2025-03-19,1,1,0,1,1,0,0,0,0,0,1,1,1
SOTRAPIL,2025-03-21,1,1,0,1,1,1,0,0,0,0,1,1,1
SOTRAPIL,2025-03-27,1,1,0,1,1,0,0,0,0,0,1,1,1
SOTRAPIL,2025-03-28,1,1,0,1,1,0,0,1,0,0,1,1,1
SOTRAPIL,2025-04-02,1,1,0,1,1,0,0,0,0,0,1,1,1
SOTRAPIL,2025-04-04,1,1,0,1,0,1,0,1,1,1,1,1,1
SOTRAPIL,2025-04-10,1,1,0,1,1,1,0,0,0,0,1,1,1
SOTRAPIL,2025-04-11,1,1,0,1,1,1,0,0,0,0,1,1,1
SOTRAPIL,2025-04-16,1,1,0,1,1,1,0,0,0,0,1,1,1
SOTRAPIL,2025-04-17,1,1,0,1,1,1,0,0,0,1,1,1,1
SOTRAPIL,2025-04-18,1,1,0,1,1,1,0,0,0,0,1,1,1
SOTRAPIL,2025-04-23,1,1,0,1,1,0,0,0,0,0,1,1,1
SOTRAPIL,2025-04-24,1,1,0,1,1,1,0,0,0,0,1,1,1
SOTRAPIL,2025-05-02,1,1,0,1,1,0,0,0,0,0,1,1,1
SOTRAPIL,2025-05-07,1,1,0,1,1,0,0,0,0,0,1,1,1
SOTRAPIL,2025-05-08,1,1,0,1,1,0,0,0,0,0,1,1,1
SOTRAPIL,2025-05-14,1,1,0,1,1,0,0,0,0,0,1,1,1
SOTRAPIL,2025-05-15,0,1,0,1,1,0,0,0,0,0,1,1,1
SOTRAPIL,2025-05-16,0,1,0,1,1,0,0,0,0,0,1,1,1
SOTRAPIL,2025-05-21,0,1,0,1,1,0,0,0,0,0,1,1,1
SOTRAPIL,2025-05-22,0,1,0,1,1,0,0,0,0,0,1,1,1
SOTRAPIL,2025-05-23,0,1,0,1,1,0,0,0,0,0,1,1,1
SOTRAPIL,2025-05-28,0,1,0,1,1,0,0,0,0,0,1,1,1
SOTRAPIL,2025-05-29,0,1,0,1,1,0,0,0,0,0,1,1,1
SOTRAPIL,2025-05-30,0,1,0,1,1,0,0,0,0,0,1,1,1
SOTRAPIL,2025-06-04,1,1,0,0,0,1,0,0,0,0,1,1,1
SOTRAPIL,2025-06-05,1,1,0,0,0,1,0,0,0,0,1,1,1
SOTRAPIL,2025-06-11,1,1,0,0,0,1,0,0,0,0,1,1,1
SOTRAPIL,2025-06-12,0,1,0,0,0,1,0,0,0,0,1,1,1
SOTRAPIL,2025-06-13,1,1,0,0,0,0,0,0,0,0,1,1,1
SOTRAPIL,2025-06-18,0,1,0,0,0,0,0,0,0,0,1,1,1
SOTRAPIL,2025-06-19,1,1,0,0,0,0,0,0,0,0,1,1,1
SOTRAPIL,2025-06-25,1,1,0,0,0,1,0,0,0,0,1,1,1
SOTRAPIL,2025-06-27,1,1,0,0,1,0,0,0,0,0,1,1,1
SOTRAPIL,2025-07-02,1,1,0,1,1,1,0,0,0,0,1,1,1
SOTRAPIL,2025-07-03,1,1,0,1,1,0,0,0,0,0,1,1,1
SOTRAPIL,2025-07-04,1,1,0,1,1,0,0,0,0,0,1,1,1
SOTRAPIL,2025-07-09,0,1,0,1,1,0,0,0,0,0,1,1,1
SOTRAPIL,2025-07-10,1,1,0,1,1,0,0,0,0,0,1,1,1
SOTRAPIL,2025-07-11,1,1,0,1,1,0,0,0,0,0,1,1,1
SOTRAPIL,2025-07-16,1,1,0,1,1,0,0,0,0,0,1,1,1
SOTRAPIL,2025-07-17,1,1,0,1,1,0,0,0,0,0,1,1,1
SOTRAPIL,2025-07-18,1,1,0,1,1,0,0,0,0,0,1,1,1
SOTRAPIL,2025-07-23,0,1,0,1,1,0,0,0,0,0,1,1,1
SOTRAPIL,2025-07-24,0,1,0,1,1,0,0,0,0,0,1,1,1
SOTRAPIL,2025-07-30,0,1,0,1,1,0,0,0,0,0,1,1,1
SOTRAPIL,2025-07-31,0,1,0,1,0,1,0,0,0,0,1,1,0
SOTRAPIL,2025-08-01,0,1,0,1,0,0,0,0,0,0,1,1,0
SOTRAPIL,2025-08-06,0,1,0,0,0,0,0,0,0,0,1,1,1
SOTRAPIL,2025-08-08,0,1,0,0,0,0,0,0,0,0,1,1,1
SOTRAPIL,2025-08-14,1,1,0,0,0,0,0,0,0,0,1,1,1
SOTRAPIL,2025-08-15,0,1,0,0,0,0,0,0,0,0,1,1,1
SOTRAPIL,2025-08-20,1,1,0,0,0,0,0,0,0,0,1,1,0
SOTRAPIL,2025-08-21,1,1,0,0,0,0,0,0,0,0,1,1,0
SOTRAPIL,2025-08-22,1,1,0,0,0,0,0,0,0,0,1,1,0
SOTRAPIL,2025-08-27,1,1,0,0,1,0,0,0,0,0,1,1,0
SOTRAPIL,2025-08-28,1,1,0,0,0,0,0,0,0,0,1,1,1
SOTRAPIL,2025-09-03,1,1,0,1,1,0,0,0,0,0,1,1,0
SOTRAPIL,2025-09-05,0,1,0,1,1,0,0,0,0,0,1,1,0
SOTRAPIL,2025-09-10,0,1,0,1,1,1,0,0,0,0,1,1,0
SOTRAPIL,2025-09-11,0,1,0,1,1,1,0,0,0,0,1,1,0
SOTRAPIL,2025-09-17,0,1,0,1,1,0,0,0,0,0,1,1,0
SOTRAPIL,2025-09-18,0,1,0,1,1,0,0,0,0,0,1,1,1
SOTRAPIL,2025-09-19,0,1,0,1,1,0,0,0,0,0,1,1,1
SOTRAPIL,2025-09-24,0,1,0,0,1,0,0,0,0,0,1,1,1
SOTRAPIL,2025-09-25,0,1,0,0,1,0,0,0,0,0,1,1,1
SOTRAPIL,2025-09-26,1,1,0,0,0,0,1,0,0,0,1,1,1
SOTRAPIL,2025-10-01,0,1,0,0,0,0,0,0,0,0,1,1,1
SOTRAPIL,2025-10-02,0,1,0,0,1,0,0,0,0,0,1,1,1
SOTRAPIL,2025-10-03,0,1,0,0,0,0,0,0,0,0,1,1,1
SOTRAPIL,2025-10-08,0,1,0,0,0,0,0,0,0,0,1,1,1
SOTRAPIL,2025-10-10,0,1,0,0,0,0,0,0,0,0,1,1,1
SOTRAPIL,2025-10-16,0,1,0,0,0,0,0,0,0,0,1,1,1
SOTRAPIL,2025-10-17,0,1,0,0,0,0,0,0,0,0,1,1,1
SOTRAPIL,2025-10-22,1,1,0,0,0,0,0,0,0,0,1,1,1
SOTRAPIL,2025-10-23,1,1,0,0,0,0,0,0,0,0,1,1,1
SOTRAPIL,2025-10-24,0,1,0,0,0,0,0,0,0,0,1,1,1
SOTRAPIL,2025-10-29,1,1,0,0,0,0,0,0,0,0,1,1,1
SOTRAPIL,2025-10-30,1,1,0,0,0,0,0,0,0,0,1,1,1
SOTRAPIL,2025-10-31,1,1,0,0,0,0,0,0,0,0,1,1,1
SOTRAPIL,2025-11-05,1,1,0,1,1,0,0,0,0,0,1,1,1
SOTRAPIL,2025-11-06,1,1,0,1,1,0,0,0,0,0,1,1,1
SOTRAPIL,2025-11-07,1,1,0,1,1,0,0,0,0,0,1,1,1
SOTRAPIL,2025-11-12,1,1,0,1,1,0,0,0,0,0,1,1,1
SOTRAPIL,2025-11-13,0,1,0,1,1,0,0,0,0,0,1,1,1
SOTRAPIL,2025-11-19,0,1,0,1,1,0,0,0,0,0,1,1,1
SOTRAPIL,2025-11-20,1,1,0,1,0,1,0,0,0,0,1,1,1
SOTRAPIL,2025-11-21,1,1,0,1,1,0,0,0,0,0,1,1,1
SOTRAPIL,2025-11-26,1,1,0,0,0,0,0,0,0,0,1,1,1
SOTRAPIL,2025-11-27,1,1,0,0,0,0,0,0,0,0,1,1,1
SOTRAPIL,2025-11-28,1,1,0,0,0,0,0,0,0,0,1,1,1
SOTRAPIL,2025-12-03,0,1,0,0,1,0,0,0,0,0,1,1,1
SOTRAPIL,2025-12-04,0,1,0,0,1,0,0,0,0,0,1,1,1
SOTUMAG,2025-01-22,1,1,0,0,0,1,0,0,0,0,1,1,1
SOTUMAG,2025-01-23,1,1,0,0,0,1,0,0,0,0,1,1,1
SOTUMAG,2025-01-24,1,1,0,0,0,1,0,0,0,0,1,1,1
SOTUMAG,2025-01-29,1,1,0,0,0,1,0,0,0,0,1,1,1
SOTUMAG,2025-01-30,1,1,0,0,0,1,0,0,0,0,1,1,1
SOTUMAG,2025-02-05,1,1,0,1,1,0,1,0,0,0,1,1,1
SOTUMAG,2025-02-06,0,1,0,1,1,0,0,0,0,0,1,1,1
SOTUMAG,2025-02-07,0,1,0,1,1,0,0,0,0,0,1,1,1
SOTUMAG,2025-02-12,0,1,0,1,1,0,0,1,0,0,1,1,1
SOTUMAG,2025-02-13,0,1,0,1,1,0,0,0,0,0,1,1,1
SOTUMAG,2025-02-14,0,1,0,1,1,0,0,1,0,0,1,1,1
SOTUMAG,2025-02-19,0,1,0,1,1,0,0,0,0,0,1,1,1
SOTUMAG,2025-02-20,1,1,0,1,0,0,0,0,0,0,1,1,1
SOTUMAG,2025-02-21,0,1,0,0,0,0,0,0,0,0,1,1,1
SOTUMAG,2025-02-26,1,1,0,0,0,0,0,0,0,0,1,1,1
SOTUMAG,2025-02-27,0,1,0,0,0,0,0,0,0,0,1,1,1
SOTUMAG,2025-02-28,0,1,0,0,0,0,0,0,0,0,1,1,1
SOTUMAG,2025-03-05,0,1,0,0,0,0,0,0,0,0,1,1,1
SOTUMAG,2025-03-06,0,1,0,0,0,0,0,0,0,0,1,1,1
SOTUMAG,2025-03-07,0,1,0,0,0,0,0,0,0,0,1,1,1
SOTUMAG,2025-03-12,0,1,0,0,0,0,0,0,0,0,1,1,1
SOTUMAG,2025-03-13,0,1,0,0,0,0,0,0,0,0,1,1,1
SOTUMAG,2025-03-19,1,1,0,0,0,0,0,0,0,0,1,1,1
SOTUMAG,2025-03-21,0,1,0,0,0,0,0,0,0,0,1,1,1
SOTUMAG,2025-03-27,1,1,0,0,0,0,0,0,0,0,1,1,1
SOTUMAG,2025-03-28,1,1,0,0,1,0,0,0,0,0,1,1,1
SOTUMAG,2025-04-02,1,1,0,0,0,0,0,0,0,0,1,1,1
SOTUMAG,2025-04-04,1,1,0,0,1,0,0,0,0,0,1,1,1
SOTUMAG,2025-04-10,1,1,0,0,1,0,0,0,0,0,1,1,1
SOTUMAG,2025-04-11,1,1,0,1,1,0,0,0,0,0,1,1,1
SOTUMAG,2025-04-16,1,1,0,1,1,0,0,0,0,0,1,1,1
SOTUMAG,2025-04-17,1,1,0,1,1,0,0,0,0,0,1,1,1
SOTUMAG,2025-04-18,1,1,0,1,1,0,0,0,0,0,1,1,1
SOTUMAG,2025-04-23,0,1,0,1,1,0,0,0,0,0,1,1,1
SOTUMAG,2025-04-24,0,1,0,1,1,0,0,0,0,0,1,1,1
SOTUMAG,2025-05-02,1,1,0,1,1,0,0,0,0,0,1,1,0
SOTUMAG,2025-05-07,1,1,0,1,1,0,0,0,0,0,1,1,1
SOTUMAG,2025-05-08,1,1,0,1,1,0,0,0,0,0,1,1,1
SOTUMAG,2025-05-14,1,1,0,1,1,0,0,0,0,0,1,1,1
SOTUMAG,2025-05-15,0,1,0,1,1,0,0,0,0,0,1,1,1
SOTUMAG,2025-05-16,0,1,0,1,1,0,0,0,0,0,1,1,1
SOTUMAG,2025-05-21,1,1,0,1,1,0,0,0,0,0,1,1,1
SOTUMAG,2025-05-22,1,1,0,1,1,0,0,0,0,0,1,1,1
SOTUMAG,2025-05-23,0,1,0,1,1,0,0,0,0,0,1,1,1
SOTUMAG,2025-05-28,0,1,0,1,1,0,0,0,0,0,1,1,1
SOTUMAG,2025-05-29,0,1,0,1,1,0,0,0,0,0,1,1,1
SOTUMAG,2025-05-30,0,1,0,1,1,0,0,0,0,0,1,1,1
SOTUMAG,2025-06-04,1,1,0,1,0,1,0,0,0,0,1,1,1
SOTUMAG,2025-06-05,1,1,0,0,0,1,0,0,0,0,1,1,1
SOTUMAG,2025-06-11,0,1,0,0,1,0,0,0,0,0,1,1,1
SOTUMAG,2025-06-12,0,1,0,0,1,0,0,0,0,0,1,1,1
SOTUMAG,2025-06-13,1,1,0,1,1,0,0,0,0,0,1,1,1
SOTUMAG,2025-06-18,1,1,0,1,1,0,0,0,0,0,1,1,1
SOTUMAG,2025-06-19,1,1,0,1,1,0,0,0,0,0,1,1,1
SOTUMAG,2025-06-25,1,1,0,1,1,0,0,0,0,0,1,1,1
SOTUMAG,2025-06-27,1,1,0,1,1,0,0,0,0,0,1,1,1
SOTUMAG,2025-07-02,1,1,0,1,1,0,0,0,0,0,1,1,1
SOTUMAG,2025-07-03,1,1,0,1,1,0,0,0,0,0,1,1,1
SOTUMAG,2025-07-04,1,1,0,1,1,0,0,0,0,0,1,1,1
SOTUMAG,2025-07-09,1,1,0,1,1,0,0,0,0,0,1,1,1
SOTUMAG,2025-07-10,1,1,0,1,1,0,0,0,0,0,1,1,1
SOTUMAG,2025-07-11,1,1,0,1,1,0,0,0,0,0,1,1,1
SOTUMAG,2025-07-16,0,1,0,1,1,0,0,0,0,0,1,1,1
SOTUMAG,2025-07-17,0,1,0,1,1,0,0,0,0,0,1,1,1
SOTUMAG,2025-07-18,0,1,0,1,1,0,0,0,0,0,1,1,1
SOTUMAG,2025-07-23,0,1,0,1,1,0,0,0,0,0,1,1,1
SOTUMAG,2025-07-24,0,1,0,1,1,0,1,0,0,0,1,1,1
SOTUMAG,2025-07-30,1,1,0,1,0,0,1,0,0,0,1,1,1
SOTUMAG,2025-07-31,1,1,0,0,0,0,0,1,0,0,1,1,1
SOTUMAG,2025-08-01,1,1,0,0,0,0,1,0,0,0,1,1,1
SOTUMAG,2025-08-06,1,1,0,0,1,0,0,0,0,0,1,1,1
SOTUMAG,2025-08-08,1,1,0,1,1,0,0,0,0,0,1,1,1
SOTUMAG,2025-08-14,1,1,0,1,1,0,0,0,0,0,1,1,0
SOTUMAG,2025-08-15,1,1,0,1,1,0,1,0,0,0,1,1,0
SOTUMAG,2025-08-20,1,1,0,1,1,1,0,0,0,0,1,1,0
SOTUMAG,2025-08-21,0,1,0,1,1,1,1,0,0,0,1,1,0
SOTUMAG,2025-08-22,1,1,0,1,1,0,0,0,0,0,1,1,0
SOTUMAG,2025-08-27,0,1,0,1,1,0,0,0,0,0,1,1,0
SOTUMAG,2025-08-28,0,1,0,1,1,0,1,0,0,0,1,1,0
SOTUMAG,2025-09-03,0,1,0,1,1,0,0,0,0,0,1,1,0
SOTUMAG,2025-09-05,0,1,0,1,1,0,0,0,0,0,1,1,0
SOTUMAG,2025-09-10,1,1,0,1,1,0,0,0,0,0,1,1,0
SOTUMAG,2025-09-11,1,1,0,1,1,0,0,0,0,0,1,1,0
SOTUMAG,2025-09-17,1,1,0,0,0,0,0,0,0,0,1,1,0
SOTUMAG,2025-09-18,1,1,0,0,0,0,0,0,0,0,1,1,0
SOTUMAG,2025-09-19,1,1,0,0,0,0,1,0,0,0,1,1,0
SOTUMAG,2025-09-24,1,1,0,0,0,0,1,0,0,0,1,1,1
SOTUMAG,2025-09-25,0,1,0,0,1,0,0,0,0,0,1,1,1
SOTUMAG,2025-09-26,0,1,0,1,1,0,0,0,0,0,1,1,1
SOTUMAG,2025-10-01,0,1,0,1,1,0,0,0,0,0,1,1,1
SOTUMAG,2025-10-02,1,1,0,1,1,0,0,0,0,0,1,1,1
SOTUMAG,2025-10-03,0,1,0,1,1,0,0,0,0,0,1,1,1
SOTUMAG,2025-10-08,0,1,0,1,1,0,1,0,0,0,1,1,1
SOTUMAG,2025-10-10,0,1,0,0,0,0,0,0,0,0,1,1,1
SOTUMAG,2025-10-16,1,1,0,1,0,0,0,0,0,0,1,1,1
SOTUMAG,2025-10-17,1,1,0,0,0,0,0,0,0,0,1,1,1
SOTUMAG,2025-10-22,1,1,0,0,0,0,0,0,0,0,1,1,1
SOTUMAG,2025-10-23,0,1,0,0,1,0,1,0,0,0,1,1,1
SOTUMAG,2025-10-24,1,1,0,0,1,0,1,0,0,0,1,1,1
SOTUMAG,2025-10-29,1,1,0,1,1,0,0,0,0,0,1,1,1
SOTUMAG,2025-10-30,0,1,0,1,1,0,1,0,0,0,1,1,1
SOTUMAG,2025-10-31,1,1,0,1,1,0,0,0,0,0,1,1,1
SOTUMAG,2025-11-05,0,1,0,1,1,0,0,0,0,0,1,1,1
SOTUMAG,2025-11-06,1,1,0,1,1,0,0,0,0,0,1,1,1
SOTUMAG,2025-11-07,1,1,0,1,1,0,1,0,0,0,1,1,1
SOTUMAG,2025-11-12,1,1,0,1,1,0,0,0,0,0,1,1,1
SOTUMAG,2025-11-13,1,1,0,1,1,0,0,0,0,0,1,1,1
SOTUMAG,2025-11-19,0,1,0,1,1,0,0,0,0,0,1,1,1
SOTUMAG,2025-11-20,0,1,0,1,1,0,0,0,0,0,1,1,1
SOTUMAG,2025-11-21,0,1,0,1,1,0,1,1,0,0,1,1,1
SOTUMAG,2025-11-26,1,1,0,1,0,1,1,0,0,0,1,1,1
SOTUMAG,2025-11-27,0,1,0,1,1,0,1,0,0,0,1,1,1
SOTUMAG,2025-11-28,0,1,0,1,0,0,1,0,0,0,1,1,1
SOTUMAG,2025-12-03,0,1,0,1,0,0,0,0,0,0,1,1,1
SOTUMAG,2025-12-04,0,1,0,0,0,0,1,0,0,0,1,1,1
SOTUVER,2025-01-22,1,1,0,1,0,1,0,0,0,1,1,1,1
SOTUVER,2025-01-23,1,1,0,1,1,0,0,0,0,0,1,1,1
SOTUVER,2025-01-24,1,1,0,1,1,0,0,0,0,0,1,1,1
SOTUVER,2025-01-29,1,1,0,1,1,0,0,0,0,0,1,1,1
SOTUVER,2025-01-30,1,1,0,1,1,1,0,0,0,0,1,1,1
SOTUVER,2025-02-05,1,1,0,1,1,0,0,0,0,0,1,1,1
SOTUVER,2025-02-06,1,1,0,1,1,0,0,0,0,0,1,1,1
SOTUVER,2025-02-07,1,1,0,1,1,0,0,0,0,0,1,1,1
SOTUVER,2025-02-12,1,1,0,1,1,0,0,0,0,0,1,1,1
SOTUVER,2025-02-13,1,1,0,1,1,0,0,0,0,0,1,1,1
SOTUVER,2025-02-14,1,1,0,1,1,0,0,0,0,0,1,1,1
SOTUVER,2025-02-19,1,1,0,1,1,0,0,0,0,0,1,1,1
SOTUVER,2025-02-20,0,1,0,1,1,0,0,0,0,0,1,1,1
SOTUVER,2025-02-21,0,1,0,1,1,0,0,0,0,0,1,1,1
SOTUVER,2025-02-26,1,1,0,1,1,1,0,1,0,0,1,1,1
SOTUVER,2025-02-27,1,1,0,1,1,1,0,0,0,1,1,1,1
SOTUVER,2025-02-28,1,1,0,1,1,1,0,0,0,0,1,1,1
SOTUVER,2025-03-05,1,1,0,1,1,0,0,0,0,0,1,1,1
SOTUVER,2025-03-06,0,1,0,1,1,1,0,1,0,0,1,1,1
SOTUVER,2025-03-07,1,1,0,1,1,1,0,0,0,0,1,1,1
SOTUVER,2025-03-12,0,1,0,1,1,1,0,0,0,0,1,1,1
SOTUVER,2025-03-13,0,1,0,1,1,0,0,0,0,0,1,1,1
SOTUVER,2025-03-19,0,1,0,1,0,1,0,0,0,0,1,1,1
SOTUVER,2025-03-21,1,1,0,1,0,1,0,0,0,0,1,1,1
SOTUVER,2025-03-27,0,1,0,0,1,0,0,0,0,0,1,1,1
SOTUVER,2025-03-28,0,1,0,1,1,0,0,0,0,0,1,1,1
SOTUVER,2025-04-02,0,1,0,1,0,0,0,0,0,0,1,1,1
SOTUVER,2025-04-04,0,1,0,0,0,0,0,0,0,0,1,1,1
SOTUVER,2025-04-10,1,1,0,0,0,0,0,0,0,0,1,1,1
SOTUVER,2025-04-11,1,1,0,0,0,0,0,0,0,0,1,1,1
SOTUVER,2025-04-16,0,1,0,0,1,0,0,0,0,0,1,1,1
SOTUVER,2025-04-17,0,1,0,0,0,1,0,0,0,0,1,1,1
SOTUVER,2025-04-18,0,1,0,0,0,0,0,0,0,0,1,1,1
SOTUVER,2025-04-23,0,1,0,0,0,0,0,0,0,0,1,1,1
SOTUVER,2025-04-24,0,1,0,0,0,0,0,0,0,0,1,1,1
SOTUVER,2025-05-02,0,1,0,0,0,1,0,0,0,0,1,1,1
SOTUVER,2025-05-07,0,1,0,1,1,0,0,0,0,0,1,1,1
SOTUVER,2025-05-08,0,1,0,1,1,0,0,0,0,0,1,1,1
SOTUVER,2025-05-14,0,1,0,0,0,0,0,0,0,0,1,1,1
SOTUVER,2025-05-15,0,1,0,0,0,0,0,0,0,0,1,1,1
SOTUVER,2025-05-16,1,1,0,0,0,0,0,0,0,0,1,1,1
SOTUVER,2025-05-21,1,1,0,0,0,0,0,0,0,0,1,1,1
SOTUVER,2025-05-22,0,1,0,0,0,0,0,0,0,0,1,1,1
SOTUVER,2025-05-23,1,1,0,0,0,0,0,0,0,0,1,1,1
SOTUVER,2025-05-28,0,1,0,0,0,0,0,0,0,0,1,1,1
SOTUVER,2025-05-29,0,1,0,0,0,0,0,0,0,0,1,1,1
SOTUVER,2025-05-30,0,1,0,0,0,0,0,0,0,0,1,1,1
SOTUVER,2025-06-04,0,1,0,0,0,0,0,0,0,0,1,1,1
SOTUVER,2025-06-05,0,1,0,0,0,0,0,0,0,0,1,1,1
SOTUVER,2025-06-11,0,1,0,0,0,0,0,0,0,0,1,1,1
SOTUVER,2025-06-12,0,1,0,0,0,0,0,0,0,0,1,1,1
SOTUVER,2025-06-13,0,1,0,0,0,0,0,0,0,0,1,1,1
SOTUVER,2025-06-18,0,1,0,0,0,0,0,0,0,0,1,1,1
SOTUVER,2025-06-19,0,1,0,0,0,0,0,0,0,0,1,1,1
SOTUVER,2025-06-25,0,1,0,0,0,0,0,0,0,0,1,1,1
SOTUVER,2025-06-27,0,1,0,0,0,0,0,0,0,0,1,1,1
SOTUVER,2025-07-02,0,1,0,0,0,0,0,0,0,0,1,1,1
SOTUVER,2025-07-03,0,1,0,0,0,0,0,0,0,0,1,1,1
SOTUVER,2025-07-04,0,1,0,0,0,0,0,0,0,0,1,1,1
SOTUVER,2025-07-09,0,1,0,0,0,0,0,0,0,0,1,1,1
SOTUVER,2025-07-10,0,1,0,0,0,0,0,0,0,0,1,1,1
SOTUVER,2025-07-11,0,1,0,0,0,0,0,0,0,0,1,1,1
SOTUVER,2025-07-16,1,1,0,0,0,0,0,0,0,0,1,1,1
SOTUVER,2025-07-17,1,1,0,0,0,0,0,0,0,0,1,1,1
SOTUVER,2025-07-18,1,1,0,0,0,0,0,0,0,0,1,1,1
SOTUVER,2025-07-23,1,1,0,0,0,0,0,0,0,0,1,1,1
SOTUVER,2025-07-24,1,1,0,0,0,0,0,0,0,0,1,1,1
SOTUVER,2025-07-30,1,1,0,0,1,0,0,0,0,0,1,1,1
SOTUVER,2025-07-31,1,1,0,1,1,0,0,0,0,0,1,1,1
SOTUVER,2025-08-01,1,1,0,1,1,0,0,0,0,0,1,1,1
SOTUVER,2025-08-06,0,1,0,1,1,0,0,0,0,0,1,1,1
SOTUVER,2025-08-08,0,1,0,1,1,0,0,0,0,0,1,1,1
SOTUVER,2025-08-14,0,1,0,1,1,0,0,0,0,0,1,1,1
SOTUVER,2025-08-15,0,1,0,1,1,0,0,0,0,0,1,1,1
SOTUVER,2025-08-20,1,1,0,1,0,0,0,0,0,0,1,1,1
SOTUVER,2025-08-21,1,1,0,1,0,0,0,0,0,0,1,1,1
SOTUVER,2025-08-22,1,1,0,1,0,0,0,0,0,0,1,1,1
SOTUVER,2025-08-27,1,1,0,0,1,0,0,0,0,0,1,1,1
SOTUVER,2025-08-28,0,1,0,0,1,0,0,0,0,0,1,1,1
SOTUVER,2025-09-03,0,1,0,1,1,0,0,0,0,0,1,1,1
SOTUVER,2025-09-05,0,1,0,1,1,0,0,0,0,0,1,1,1
SOTUVER,2025-09-10,1,1,0,1,0,0,0,0,0,0,1,1,1
SOTUVER,2025-09-11,1,1,0,1,0,0,0,0,0,0,1,1,1
SOTUVER,2025-09-17,1,1,0,1,1,0,0,0,0,0,1,1,1
SOTUVER,2025-09-18,1,1,0,1,0,0,0,0,0,0,1,1,1
SOTUVER,2025-09-19,1,1,0,1,1,1,0,0,0,0,1,1,1
SOTUVER,2025-09-24,1,1,0,1,1,1,0,0,0,0,1,1,1
SOTUVER,2025-09-25,1,1,0,1,1,0,0,0,0,0,1,1,1
SOTUVER,2025-09-26,0,1,0,1,1,0,0,0,0,0,1,1,1
SOTUVER,2025-10-01,0,1,0,1,1,0,0,0,0,0,1,1,1
SOTUVER,2025-10-02,0,1,0,1,1,0,0,0,0,0,1,1,1
SOTUVER,2025-10-03,0,1,0,1,1,0,0,0,0,0,1,1,1
SOTUVER,2025-10-08,1,1,0,1,0,0,0,0,0,0,1,1,1
SOTUVER,2025-10-10,0,1,0,0,1,0,0,0,0,0,1,1,1
SOTUVER,2025-10-16,0,1,0,0,0,0,0,0,0,0,1,1,1
SOTUVER,2025-10-17,0,1,0,0,0,0,0,0,0,0,1,1,1
SOTUVER,2025-10-22,0,1,0,0,0,0,0,0,0,0,1,1,1
SOTUVER,2025-10-23,1,1,0,0,0,1,0,0,0,1,1,1,1
SOTUVER,2025-10-24,0,1,0,0,0,0,0,0,0,0,1,1,1
SOTUVER,2025-10-29,0,1,0,0,0,0,0,0,0,0,1,1,1
SOTUVER,2025-10-30,0,1,0,0,0,0,0,0,0,0,1,1,1
SOTUVER,2025-10-31,0,1,0,0,0,0,0,0,0,0,1,1,1
SOTUVER,2025-11-05,0,1,0,0,0,0,0,0,0,0,1,1,1
SOTUVER,2025-11-06,0,1,0,0,0,0,0,0,0,0,1,1,1
SOTUVER,2025-11-07,0,1,0,0,0,0,0,0,0,0,1,1,1
SOTUVER,2025-11-12,0,1,0,0,0,0,0,0,0,0,1,1,1
SOTUVER,2025-11-13,0,1,0,0,0,0,0,0,0,0,1,1,1
SOTUVER,2025-11-19,1,1,0,0,0,0,0,0,0,0,1,1,1
SOTUVER,2025-11-20,1,1,0,0,0,0,0,0,0,0,1,1,1
SOTUVER,2025-11-21,1,1,0,0,0,0,0,0,0,0,1,1,1
SOTUVER,2025-11-26,0,1,0,0,1,0,0,0,0,0,1,1,1
SOTUVER,2025-11-27,0,1,0,0,1,0,0,0,0,0,1,1,1
SOTUVER,2025-11-28,0,1,0,0,1,0,0,0,0,0,1,1,1
SOTUVER,2025-12-03,0,1,0,1,0,0,0,0,0,0,1,1,1
SOTUVER,2025-12-04,1,1,0,0,0,0,0,0,0,0,1,1,1
STA,2025-01-22,0,1,0,1,1,1,1,1,1,1,1,1,1
STA,2025-01-23,0,1,0,1,1,0,1,0,0,1,1,1,1
STA,2025-01-24,0,1,0,1,1,1,0,0,1,1,1,1,1
STA,2025-01-29,0,1,0,1,0,1,0,1,1,1,1,1,1
STA,2025-01-30,1,1,0,1,0,1,0,1,1,1,1,1,1
STA,2025-02-05,0,1,0,0,0,1,1,1,1,1,1,1,1
STA,2025-02-06,0,1,0,0,0,1,1,1,1,0,1,1,1
STA,2025-02-07,1,1,0,0,0,1,1,1,1,1,1,1,1
STA,2025-02-12,1,1,0,0,0,1,1,1,1,1,1,1,1
STA,2025-02-13,1,1,0,0,0,1,1,1,1,1,1,1,1
STA,2025-02-14,1,1,0,0,0,1,1,1,1,1,1,1,1
STA,2025-02-19,1,1,0,0,1,1,1,1,0,1,1,1,1
STA,2025-02-20,1,1,0,0,1,1,1,1,0,1,1,1,1
STA,2025-02-21,1,1,0,1,0,1,1,1,0,1,1,1,1
STA,2025-02-26,1,1,0,1,1,0,1,1,0,1,1,1,1
STA,2025-02-27,1,1,0,1,1,0,1,1,0,1,1,1,1
STA,2025-02-28,0,1,0,1,1,1,1,1,0,1,1,1,1
STA,2025-03-05,0,1,0,1,1,1,1,0,0,0,1,1,1
STA,2025-03-06,0,1,0,1,1,1,1,1,0,1,1,1,1
STA,2025-03-07,0,1,0,1,1,1,1,0,0,1,1,1,1
STA,2025-03-12,0,1,0,1,1,1,0,1,0,0,1,1,1
STA,2025-03-13,1,1,0,1,1,1,0,1,0,1,1,1,1
STA,2025-03-19,1,1,0,1,1,0,0,0,0,0,1,1,1
STA,2025-03-21,1,1,0,1,0,1,0,0,0,0,1,1,1
STA,2025-03-27,1,1,0,0,0,0,0,0,0,0,1,1,1
STA,2025-03-28,1,1,0,0,0,0,0,1,0,0,1,1,1
STA,2025-04-02,0,1,0,0,1,1,0,1,0,1,1,1,1
STA,2025-04-04,0,1,0,1,1,0,0,0,0,0,1,1,1
STA,2025-04-10,0,1,0,1,1,1,0,0,0,0,1,1,1
STA,2025-04-11,1,1,0,1,0,1,0,0,1,1,1,1,1
STA,2025-04-16,1,1,0,0,0,1,0,0,0,0,1,1,1
STA,2025-04-17,1,1,0,0,0,1,0,0,0,0,1,1,1
STA,2025-04-18,1,1,0,0,0,1,0,0,0,0,1,1,1
STA,2025-04-23,0,1,0,1,1,1,0,0,0,1,1,1,1
STA,2025-04-24,1,1,0,1,1,0,0,0,0,0,1,1,1
STA,2025-05-02,1,1,0,1,1,1,0,1,0,1,1,1,1
STA,2025-05-07,0,1,0,1,1,0,0,0,0,1,1,1,1
STA,2025-05-08,0,1,0,1,1,0,0,0,0,1,1,1,1
STA,2025-05-14,1,1,0,1,1,1,0,0,1,1,1,1,1
STA,2025-05-15,1,1,0,1,1,1,0,0,1,1,1,1,1
STA,2025-05-16,1,1,0,1,0,1,0,1,1,1,1,1,1
STA,2025-05-21,0,1,0,1,1,1,0,0,1,1,1,1,1
STA,2025-05-22,1,1,0,0,1,0,0,0,1,1,1,1,1
STA,2025-05-23,1,1,0,1,1,0,0,1,1,1,1,1,1
STA,2025-05-28,0,1,0,1,1,1,0,0,1,0,1,1,1
STA,2025-05-29,0,1,0,1,1,1,0,0,1,1,1,1,1
STA,2025-05-30,1,1,0,1,1,0,0,0,1,1,1,1,1
STA,2025-06-04,0,1,0,1,0,0,0,1,1,1,1,1,1
STA,2025-06-05,0,1,0,1,0,0,0,0,1,1,1,1,1
STA,2025-06-11,0,1,0,0,0,1,0,0,1,1,1,1,1
STA,2025-06-12,1,1,0,0,0,1,0,1,1,1,1,1,1
STA,2025-06-13,0,1,0,0,0,0,0,1,1,1,1,1,1
STA,2025-06-18,1,1,0,0,0,1,0,0,1,1,1,1,1
STA,2025-06-19,1,1,0,0,0,0,0,0,1,1,1,1,1
STA,2025-06-25,1,1,0,0,0,1,0,1,0,1,1,1,1
STA,2025-06-27,1,1,0,0,1,0,0,0,0,1,1,1,1
STA,2025-07-02,0,1,0,1,1,0,0,0,0,1,1,1,1
STA,2025-07-03,0,1,0,1,1,0,0,0,0,1,1,1,1
STA,2025-07-04,0,1,0,1,1,0,0,0,0,1,1,1,1
STA,2025-07-09,0,1,0,1,1,0,0,0,0,1,1,1,1
STA,2025-07-10,0,1,0,1,1,1,0,0,1,1,1,1,1
STA,2025-07-11,1,1,0,1,0,1,0,1,1,1,1,1,1
STA,2025-07-16,1,1,0,0,1,1,0,0,1,1,1,1,1
STA,2025-07-17,1,1,0,0,1,0,0,0,1,1,1,1,1
STA,2025-07-18,1,1,0,0,1,1,0,0,1,0,1,1,1
STA,2025-07-23,1,1,0,1,1,1,0,0,1,1,1,1,1
STA,2025-07-24,1,1,0,1,1,0,0,0,1,0,1,1,1
STA,2025-07-30,1,1,0,1,1,0,0,0,1,0,1,1,1
STA,2025-07-31,1,1,0,1,1,0,0,0,1,0,1,1,1
STA,2025-08-01,1,1,0,1,1,0,0,0,1,1,1,1,1
STA,2025-08-06,1,1,0,1,1,1,0,0,0,0,1,1,1
STA,2025-08-08,0,1,0,1,1,1,0,0,0,0,1,1,1
STA,2025-08-14,0,1,0,1,1,1,0,0,0,0,1,1,0
STA,2025-08-15,0,1,0,1,1,0,0,0,0,0,1,1,0
STA,2025-08-20,1,1,0,1,1,1,0,0,0,0,1,1,0
STA,2025-08-21,1,1,0,1,1,0,0,0,0,0,1,1,0
STA,2025-08-22,1,1,0,1,1,0,0,0,0,0,1,1,0
STA,2025-08-27,1,1,0,1,0,0,0,0,0,0,1,1,0
STA,2025-08-28,1,1,0,0,0,0,0,0,0,0,1,1,0
STA,2025-09-03,1,1,0,1,1,0,0,0,0,0,1,1,0
STA,2025-09-05,1,1,0,1,1,0,0,0,0,0,1,1,0
STA,2025-09-10,0,1,0,1,1,0,0,0,0,0,1,1,0
STA,2025-09-11,1,1,0,1,1,0,0,0,0,0,1,1,0
STA,2025-09-17,1,1,0,1,1,1,0,0,0,0,1,1,1
STA,2025-09-18,0,1,0,1,1,1,0,0,0,0,1,1,1
STA,2025-09-19,1,1,0,1,1,1,0,0,0,0,1,1,0
STA,2025-09-24,0,1,0,1,1,1,0,0,0,0,1,1,0
STA,2025-09-25,0,1,0,1,1,0,0,0,0,0,1,1,0
STA,2025-09-26,0,1,0,1,1,1,0,0,0,0,1,1,0
STA,2025-10-01,0,1,0,0,0,0,0,0,0,0,1,1,0
STA,2025-10-02,0,1,0,0,0,0,0,0,0,0,1,1,0
STA,2025-10-03,0,1,0,0,0,0,0,0,0,0,1,1,1
STA,2025-10-08,1,1,0,0,0,0,0,0,0,0,1,1,1
STA,2025-10-10,1,1,0,0,0,0,0,0,0,0,1,1,1
STA,2025-10-16,1,1,0,0,0,0,0,0,0,0,1,1,1
STA,2025-10-17,1,1,0,0,0,0,0,0,0,0,1,1,0
STA,2025-10-22,0,1,0,1,1,0,0,0,0,0,1,1,1
STA,2025-10-23,0,1,0,1,1,0,1,0,0,0,1,1,1
STA,2025-10-24,0,1,0,1,1,0,0,0,0,0,1,1,1
STA,2025-10-29,0,1,0,1,1,0,0,0,0,0,1,1,1
STA,2025-10-30,1,1,0,1,1,1,0,0,0,0,1,1,1
STA,2025-10-31,1,1,0,1,1,1,0,0,0,0,1,1,1
STA,2025-11-05,1,1,0,1,1,1,0,0,0,0,1,1,1
STA,2025-11-06,1,1,0,1,1,1,0,0,0,0,1,1,1
STA,2025-11-07,1,1,0,1,1,1,0,0,0,0,1,1,1
STA,2025-11-12,1,1,0,1,1,0,0,0,0,0,1,1,1
STA,2025-11-13,1,1,0,1,1,0,1,0,0,0,1,1,1
STA,2025-11-19,0,1,0,1,1,0,0,0,0,0,1,1,1
STA,2025-11-20,0,1,0,1,1,0,0,0,0,0,1,1,1
STA,2025-11-21,1,1,0,1,1,0,0,0,0,0,1,1,1
STA,2025-11-26,0,1,0,1,1,0,0,0,0,0,1,1,1
STA,2025-11-27,0,1,0,1,1,0,0,0,0,0,1,1,1
STA,2025-11-28,1,1,0,1,1,0,0,0,0,0,1,1,1
STA,2025-12-03,0,1,0,1,1,0,0,0,0,0,1,1,1
STA,2025-12-04,0,1,0,1,1,0,0,0,0,0,1,1,1
STAR,2025-04-11,1,1,0,1,1,1,0,0,0,0,0,0,0
STAR,2025-04-16,1,1,0,0,0,1,0,0,0,0,0,0,0
STAR,2025-04-17,1,1,0,0,0,1,0,0,0,0,0,0,0
STAR,2025-04-18,1,1,0,0,0,1,0,0,0,0,0,0,0
STAR,2025-04-23,0,1,0,1,1,1,0,1,0,0,0,0,1
STAR,2025-04-24,0,1,0,1,1,0,0,0,0,0,0,0,1
STAR,2025-05-02,0,1,0,1,0,1,0,0,0,0,0,0,1
STAR,2025-05-07,0,1,0,0,0,1,0,0,0,0,0,0,1
STAR,2025-05-08,0,1,0,0,0,1,0,0,0,0,0,0,1
STAR,2025-05-14,0,1,0,0,1,1,0,0,0,0,0,0,1
STAR,2025-05-15,1,1,0,0,0,1,0,0,0,0,0,0,1
STAR,2025-05-16,1,1,0,0,0,1,0,0,0,0,0,0,1
STAR,2025-05-21,1,1,0,0,0,1,0,0,0,0,0,0,1
STAR,2025-05-22,1,1,0,0,0,1,0,0,0,0,0,0,1
STAR,2025-05-23,0,1,0,0,0,1,0,0,0,0,0,0,1
STAR,2025-05-28,0,1,0,0,0,1,0,0,0,0,0,0,1
STAR,2025-05-29,0,1,0,0,0,1,0,0,0,0,0,0,1
STAR,2025-05-30,0,1,0,0,0,1,0,0,0,0,0,0,1
STAR,2025-06-04,0,1,0,0,0,0,0,0,0,0,0,0,1
STAR,2025-06-05,0,1,0,0,1,0,0,0,0,0,0,0,1
STAR,2025-06-11,0,1,0,1,0,0,0,0,0,0,0,0,1
STAR,2025-06-12,0,1,0,1,0,0,0,0,0,0,0,0,1
STAR,2025-06-13,1,1,0,0,0,0,0,0,0,0,0,0,1
STAR,2025-06-18,0,1,0,0,0,0,0,0,0,0,0,0,1
STAR,2025-06-19,0,1,0,0,0,0,0,0,0,0,0,0,1
STAR,2025-06-25,0,1,0,0,1,0,0,0,0,0,0,0,1
STAR,2025-06-27,0,1,0,0,1,0,0,0,0,0,0,0,1
STAR,2025-07-02,1,1,0,0,0,0,0,0,0,0,0,0,1
STAR,2025-07-03,1,1,0,0,0,0,0,0,0,0,0,0,1
STAR,2025-07-04,0,1,0,0,0,0,0,0,0,0,0,0,1
STAR,2025-07-09,0,1,0,0,0,1,0,0,0,0,0,0,1
STAR,2025-07-10,0,1,0,0,0,0,0,0,0,0,0,0,1
STAR,2025-07-11,0,1,0,0,0,0,0,0,0,0,0,0,1
STAR,2025-07-16,1,1,0,0,0,0,0,0,0,0,0,0,1
STAR,2025-07-17,1,1,0,0,0,0,0,0,0,0,0,0,1
STAR,2025-07-18,1,1,0,0,0,1,0,0,0,0,0,0,1
STAR,2025-07-23,1,1,0,0,1,0,0,0,0,0,0,0,1
STAR,2025-07-24,1,1,0,0,1,0,0,0,0,0,0,0,1
STAR,2025-07-30,1,1,0,1,1,0,0,0,0,0,0,0,1
STAR,2025-07-31,1,1,0,1,1,0,0,0,0,0,0,0,1
STAR,2025-08-01,1,1,0,1,1,0,0,0,0,0,0,0,1
STAR,2025-08-06,0,1,0,1,1,0,0,0,0,0,0,0,1
STAR,2025-08-08,0,1,0,1,1,0,0,0,0,0,0,0,1
STAR,2025-08-14,0,1,0,1,1,0,0,0,0,0,0,0,1
STAR,2025-08-15,0,1,0,1,1,0,0,0,0,0,0,0,1
STAR,2025-08-20,1,1,0,0,0,0,0,0,0,0,0,0,1
STAR,2025-08-21,1,1,0,0,0,0,0,0,0,0,0,0,1
STAR,2025-08-22,0,1,0,0,0,0,0,0,0,0,0,0,1
STAR,2025-08-27,1,1,0,0,1,0,0,0,0,0,0,0,1
STAR,2025-08-28,1,1,0,0,1,0,0,0,0,0,0,0,1
STAR,2025-09-03,1,1,0,1,1,0,0,0,0,0,0,0,1
STAR,2025-09-05,1,1,0,1,1,0,0,0,0,0,0,0,1
STAR,2025-09-10,1,1,0,1,1,0,0,0,0,0,0,0,1
STAR,2025-09-11,1,1,0,1,1,0,0,0,0,0,0,0,1
STAR,2025-09-17,0,1,0,1,1,1,0,0,0,0,0,0,1
STAR,2025-09-18,0,1,0,1,1,0,0,0,0,0,0,0,1
STAR,2025-09-19,0,1,0,1,1,0,0,0,0,0,0,0,1
STAR,2025-09-24,0,1,0,1,1,0,0,0,0,0,0,0,0
STAR,2025-09-25,0,1,0,1,1,0,0,0,0,0,0,0,0
STAR,2025-09-26,0,1,0,1,1,0,0,0,0,0,0,0,0
STAR,2025-10-01,0,1,0,1,1,0,0,0,0,0,0,0,0
STAR,2025-10-02,0,1,0,1,1,1,0,0,0,0,0,0,0
STAR,2025-10-03,0,1,0,1,1,0,0,0,0,0,0,0,0
STAR,2025-10-08,1,1,0,0,0,0,0,0,0,0,0,0,0
STAR,2025-10-10,0,1,0,0,0,0,0,0,0,0,0,0,0
STAR,2025-10-16,1,1,0,0,0,0,0,0,0,0,0,0,0
STAR,2025-10-17,0,1,0,0,0,0,0,0,0,0,0,0,0
STAR,2025-10-22,0,1,0,0,0,0,0,0,0,0,0,0,0
STAR,2025-10-23,0,1,0,0,0,0,0,0,0,0,0,0,0
STAR,2025-10-24,0,1,0,0,0,0,0,0,0,0,0,0,1
STAR,2025-10-29,0,1,0,0,0,0,0,0,0,0,0,0,1
STAR,2025-10-30,0,1,0,0,0,0,0,0,0,0,0,0,1
STAR,2025-10-31,0,1,0,1,1,0,0,0,0,0,0,0,1
STAR,2025-11-05,1,1,0,0,0,0,1,0,0,0,0,0,1
STAR,2025-11-06,1,1,0,0,0,0,0,0,0,0,0,0,1
STAR,2025-11-07,1,1,0,0,0,1,0,0,0,0,0,0,1
STAR,2025-11-12,1,1,0,0,0,0,0,0,0,0,0,0,1
STAR,2025-11-13,0,1,0,0,0,0,0,0,0,0,0,0,1
STAR,2025-11-19,0,1,0,1,0,1,0,0,0,0,0,0,1
STAR,2025-11-20,0,1,0,1,0,0,0,0,0,0,0,0,1
STAR,2025-11-21,0,1,0,1,1,0,0,0,0,0,0,0,1
STAR,2025-11-26,1,1,0,0,0,0,0,0,0,0,0,0,1
STAR,2025-11-27,0,1,0,0,1,0,0,0,0,0,0,0,1
STAR,2025-11-28,0,1,0,0,1,0,0,0,0,0,0,0,1
STAR,2025-12-03,0,1,0,1,1,0,0,0,0,0,0,0,1
STAR,2025-12-04,1,1,0,0,0,0,0,0,0,0,0,0,1
STB,2025-01-22,0,1,0,0,0,1,1,1,1,1,0,0,0
STB,2025-01-23,1,1,0,0,0,1,1,1,1,1,0,0,0
STB,2025-01-24,1,1,0,0,0,1,1,1,1,1,0,0,0
STB,2025-01-29,1,1,0,0,0,1,1,1,0,0,0,0,0
STB,2025-01-30,1,1,0,0,0,1,0,1,1,1,0,0,0
STB,2025-02-05,0,1,0,0,0,1,0,1,1,1,0,0,0
STB,2025-02-06,1,1,0,0,0,1,1,1,1,1,0,0,0
STB,2025-02-07,1,1,0,0,0,1,0,1,1,1,0,0,0
STB,2025-02-12,1,1,0,0,0,1,0,1,1,1,0,0,0
STB,2025-02-13,1,1,0,0,0,1,1,1,1,1,0,0,0
STB,2025-02-14,1,1,0,0,0,1,0,1,1,1,0,0,0
STB,2025-02-19,1,1,0,1,1,1,1,0,1,1,0,0,0
STB,2025-02-20,1,1,0,1,1,1,0,0,1,1,0,0,0
STB,2025-02-21,1,1,0,1,1,1,0,1,1,1,0,0,0
STB,2025-02-26,1,1,0,1,1,1,0,0,1,1,0,0,0
STB,2025-02-27,1,1,0,1,1,1,0,1,1,1,0,0,0
STB,2025-02-28,1,1,0,1,1,1,0,1,1,1,0,0,1
STB,2025-03-05,0,1,0,1,1,0,0,1,1,1,0,0,1
STB,2025-03-06,0,1,0,1,1,1,0,1,1,1,0,0,1
STB,2025-03-07,0,1,0,1,1,1,0,0,1,1,0,0,1
STB,2025-03-12,1,1,0,1,1,1,0,1,1,1,0,0,1
STB,2025-03-13,0,1,0,1,1,1,0,1,1,1,0,0,1
STB,2025-03-19,0,1,0,1,1,1,0,1,1,1,0,0,0
STB,2025-03-21,0,1,0,0,1,1,0,1,1,0,0,0,0
STB,2025-03-27,0,1,0,0,0,1,0,0,1,1,0,0,0
STB,2025-03-28,0,1,0,0,0,1,0,1,1,1,0,0,0
STB,2025-04-02,0,1,0,0,0,1,0,1,1,0,0,0,0
STB,2025-04-04,0,1,0,0,0,1,0,1,1,1,0,0,0
STB,2025-04-10,0,1,0,0,0,1,1,1,1,1,0,0,0
STB,2025-04-11,0,1,0,0,0,1,0,1,1,1,0,0,0
STB,2025-04-16,0,1,0,0,0,1,0,1,1,1,0,0,0
STB,2025-04-17,0,1,0,0,0,1,0,1,1,0,0,0,0
STB,2025-04-18,0,1,0,0,0,1,0,1,1,0,0,0,0
STB,2025-04-23,0,1,0,0,0,1,1,1,1,1,0,0,0
STB,2025-04-24,0,1,0,0,0,1,1,1,1,1,0,0,0
STB,2025-05-02,0,1,0,0,0,1,1,1,1,1,0,0,1
STB,2025-05-07,1,1,0,0,0,1,1,1,0,1,0,0,0
STB,2025-05-08,1,1,0,0,0,1,1,1,0,1,0,0,0
STB,2025-05-14,1,1,0,0,0,1,0,1,0,0,0,0,0
STB,2025-05-15,1,1,0,0,0,1,0,1,0,0,0,0,0
STB,2025-05-16,1,1,0,0,0,1,0,1,0,0,0,0,0
STB,2025-05-21,1,1,0,0,0,1,0,1,0,1,0,0,0
STB,2025-05-22,1,1,0,0,0,1,0,1,0,1,0,0,1
STB,2025-05-23,0,1,0,0,1,1,0,1,0,0,0,0,1
STB,2025-05-28,1,1,0,1,0,1,0,1,1,0,0,0,1
STB,2025-05-29,0,1,0,1,1,0,0,1,0,0,0,0,1
STB,2025-05-30,0,1,0,1,1,1,1,1,1,0,0,0,1
STB,2025-06-04,0,1,0,1,1,1,1,1,1,0,0,0,1
STB,2025-06-05,0,1,0,1,1,1,1,1,1,0,0,0,1
STB,2025-06-11,0,1,0,1,1,1,1,1,1,0,0,0,1
STB,2025-06-12,0,1,0,1,1,1,1,1,1,0,0,0,1
STB,2025-06-13,1,1,0,1,0,1,1,1,1,0,0,0,1
STB,2025-06-18,1,1,0,0,0,1,1,1,1,0,0,0,1
STB,2025-06-19,1,1,0,0,0,1,1,1,1,0,0,0,1
STB,2025-06-25,1,1,0,1,1,1,1,1,1,0,0,0,1
STB,2025-06-27,1,1,0,1,1,1,1,1,1,0,0,0,1
STB,2025-07-02,1,1,0,1,1,1,1,1,1,0,0,0,1
STB,2025-07-03,0,1,0,1,1,1,1,1,1,0,0,0,1
STB,2025-07-04,0,1,0,1,1,1,1,1,1,0,0,0,1
STB,2025-07-09,0,1,0,1,1,1,1,1,1,1,0,0,1
STB,2025-07-10,0,1,0,1,1,1,1,1,1,0,0,0,1
STB,2025-07-11,0,1,0,1,1,1,1,1,1,0,0,0,1
STB,2025-07-16,1,1,0,1,0,1,1,1,1,0,0,0,1
STB,2025-07-17,1,1,0,0,0,1,1,1,1,1,0,0,1
STB,2025-07-18,1,1,0,0,0,1,1,1,1,0,0,0,1
STB,2025-07-23,1,1,0,0,0,1,0,1,1,0,0,0,1
STB,2025-07-24,1,1,0,0,0,1,1,1,1,0,0,0,1
STB,2025-07-30,0,1,0,1,1,1,1,1,1,1,0,0,1
STB,2025-07-31,1,1,0,1,1,1,0,0,1,0,0,0,1
STB,2025-08-01,1,1,0,1,1,1,0,1,1,0,0,0,1
STB,2025-08-06,1,1,0,1,1,1,0,1,1,1,0,0,1
STB,2025-08-08,1,1,0,1,1,1,0,1,1,1,0,0,1
STB,2025-08-14,0,1,0,1,1,1,0,1,1,1,0,0,1
STB,2025-08-15,0,1,0,1,1,1,1,1,1,1,0,0,1
STB,2025-08-20,0,1,0,1,1,1,1,1,1,1,0,0,1
STB,2025-08-21,1,1,0,1,1,1,1,1,1,1,0,0,1
STB,2025-08-22,0,1,0,1,1,1,1,1,1,1,0,0,1
STB,2025-08-27,1,1,0,1,0,1,1,1,1,1,0,0,1
STB,2025-08-28,1,1,0,1,1,1,1,1,1,1,0,0,1
STB,2025-09-03,1,1,0,0,0,1,1,1,1,1,0,0,1
STB,2025-09-05,1,1,0,0,0,1,1,1,1,1,0,0,1
STB,2025-09-10,1,1,0,1,1,1,1,1,1,1,0,0,1
STB,2025-09-11,1,1,0,1,1,1,1,1,1,1,0,0,1
STB,2025-09-17,1,1,0,1,1,1,1,1,1,1,0,0,1
STB,2025-09-18,1,1,0,1,1,1,0,1,1,1,0,0,1
STB,2025-09-19,1,1,0,1,1,1,0,1,1,1,0,0,1
STB,2025-09-24,1,1,0,1,1,1,0,1,1,1,0,0,0
STB,2025-09-25,1,1,0,1,1,1,0,1,1,1,0,0,0
STB,2025-09-26,1,1,0,1,1,1,0,1,1,1,0,0,0
STB,2025-10-01,0,1,0,1,1,1,0,0,1,1,0,0,0
STB,2025-10-02,0,1,0,1,1,1,0,0,1,1,0,0,0
STB,2025-10-03,1,1,0,1,1,1,0,0,1,1,0,0,0
STB,2025-10-08,1,1,0,1,1,1,1,1,1,1,0,0,0
STB,2025-10-10,1,1,0,1,1,1,1,1,1,1,0,0,0
STB,2025-10-16,1,1,0,1,1,1,1,1,1,1,0,0,0
STB,2025-10-17,1,1,0,1,1,1,1,1,1,1,0,0,0
STB,2025-10-22,0,1,0,1,1,1,1,1,1,1,0,0,0
STB,2025-10-23,1,1,0,1,1,1,1,1,1,1,0,0,0
STB,2025-10-24,1,1,0,1,1,1,1,1,1,1,0,0,0
STB,2025-10-29,0,1,0,1,1,1,1,1,1,1,0,0,0
STB,2025-10-30,0,1,0,1,1,1,1,1,1,1,0,0,0
STB,2025-10-31,1,1,0,1,1,1,1,1,1,1,0,0,0
STB,2025-11-05,1,1,0,1,1,1,1,1,1,1,0,0,0
STB,2025-11-06,1,1,0,1,1,1,1,1,1,1,0,0,0
STB,2025-11-07,1,1,0,1,1,1,1,1,1,1,0,0,0
STB,2025-11-12,1,1,0,1,1,1,1,1,1,1,0,0,0
STB,2025-11-13,1,1,0,1,1,1,1,1,1,1,0,0,0
STB,2025-11-19,1,1,0,1,1,1,1,1,1,1,0,0,1
STB,2025-11-20,1,1,0,1,1,1,1,1,1,1,0,0,1
STB,2025-11-21,0,1,0,1,1,1,1,1,1,1,0,0,1
STB,2025-11-26,1,1,0,1,1,1,1,1,1,1,0,0,1
STB,2025-11-27,1,1,0,1,1,1,1,1,1,1,0,0,1
STB,2025-11-28,1,1,0,1,1,1,1,1,1,1,0,0,1
STB,2025-12-03,0,1,0,1,1,1,0,1,1,1,0,0,1
STB,2025-12-04,0,1,0,1,1,1,0,1,1,1,0,0,1
TELNET HOLDING,2025-01-22,0,1,0,1,1,1,0,1,0,0,1,1,1
TELNET HOLDING,2025-01-23,0,1,0,1,1,0,0,0,0,0,1,1,1
TELNET HOLDING,2025-01-24,0,1,0,1,1,1,0,1,0,0,1,1,1
TELNET HOLDING,2025-01-29,0,1,0,1,1,0,0,1,0,0,1,1,1
TELNET HOLDING,2025-01-30,0,1,0,1,1,0,0,0,0,0,1,1,1
TELNET HOLDING,2025-02-05,0,1,0,1,0,1,0,1,0,1,1,1,1
TELNET HOLDING,2025-02-06,0,1,0,1,1,1,0,1,0,0,1,1,0
TELNET HOLDING,2025-02-07,1,1,0,1,0,1,0,1,0,0,1,1,1
TELNET HOLDING,2025-02-12,1,1,0,0,0,1,1,1,0,1,1,1,1
TELNET HOLDING,2025-02-13,1,1,0,0,0,1,1,1,0,0,1,1,1
TELNET HOLDING,2025-02-14,1,1,0,0,0,1,0,1,0,0,1,1,1
TELNET HOLDING,2025-02-19,1,1,0,0,1,1,0,1,0,0,1,1,1
TELNET HOLDING,2025-02-20,1,1,0,0,0,1,0,1,0,1,1,1,1
TELNET HOLDING,2025-02-21,1,1,0,0,1,1,0,1,0,0,1,1,1
TELNET HOLDING,2025-02-26,1,1,0,1,1,1,0,1,1,1,1,1,1
TELNET HOLDING,2025-02-27,1,1,0,1,1,1,0,1,0,0,1,1,1
TELNET HOLDING,2025-02-28,1,1,0,1,1,0,1,1,0,0,1,1,1
TELNET HOLDING,2025-03-05,1,1,0,1,1,0,0,1,0,0,1,1,1
TELNET HOLDING,2025-03-06,1,1,0,1,1,1,0,1,0,0,1,1,1
TELNET HOLDING,2025-03-07,1,1,0,1,1,1,0,1,1,0,1,1,1
TELNET HOLDING,2025-03-12,1,1,0,1,1,1,1,1,1,0,1,1,1
TELNET HOLDING,2025-03-13,0,1,0,1,1,1,0,1,1,1,1,1,1
TELNET HOLDING,2025-03-19,1,1,0,1,1,1,0,1,1,0,1,1,1
TELNET HOLDING,2025-03-21,1,1,0,1,1,1,1,1,1,0,1,1,1
TELNET HOLDING,2025-03-27,0,1,0,1,1,0,0,0,1,0,1,1,1
TELNET HOLDING,2025-03-28,0,1,0,1,1,1,0,1,1,1,1,1,1
TELNET HOLDING,2025-04-02,0,1,0,1,1,1,0,1,1,0,1,1,1
TELNET HOLDING,2025-04-04,1,1,0,1,0,1,0,1,1,1,1,1,1
TELNET HOLDING,2025-04-10,1,1,0,0,0,0,0,0,1,0,1,1,1
TELNET HOLDING,2025-04-11,0,1,0,0,0,0,0,1,1,0,1,1,1
TELNET HOLDING,2025-04-16,0,1,0,0,1,0,0,1,0,0,1,1,1
TELNET HOLDING,2025-04-17,0,1,0,0,0,1,0,1,1,1,1,1,1
TELNET HOLDING,2025-04-18,0,1,0,0,1,0,0,1,1,0,1,1,1
TELNET HOLDING,2025-04-23,0,1,0,0,0,1,0,1,1,0,1,1,1
TELNET HOLDING,2025-04-24,0,1,0,0,0,1,0,1,1,1,1,1,1
TELNET HOLDING,2025-05-02,0,1,0,0,0,0,0,1,1,1,1,1,1
TELNET HOLDING,2025-05-07,0,1,0,0,0,1,0,0,1,0,1,1,1
TELNET HOLDING,2025-05-08,0,1,0,0,0,0,0,0,0,0,1,1,1
TELNET HOLDING,2025-05-14,1,1,0,0,0,1,1,1,1,0,1,1,0
TELNET HOLDING,2025-05-15,1,1,0,0,0,1,1,1,1,1,1,1,1
TELNET HOLDING,2025-05-16,1,1,0,0,0,1,0,0,1,0,1,1,0
TELNET HOLDING,2025-05-21,0,1,0,0,1,1,0,0,0,0,1,1,1
TELNET HOLDING,2025-05-22,0,1,0,1,1,0,0,1,0,0,1,1,1
TELNET HOLDING,2025-05-23,0,1,0,1,1,0,0,1,0,0,1,1,1
TELNET HOLDING,2025-05-28,0,1,0,1,1,1,0,1,0,0,1,1,1
TELNET HOLDING,2025-05-29,0,1,0,1,0,0,1,1,0,0,1,1,1
TELNET HOLDING,2025-05-30,0,1,0,0,0,0,0,1,0,0,1,1,1
TELNET HOLDING,2025-06-04,1,1,0,0,0,1,1,1,0,1,1,1,1
TELNET HOLDING,2025-06-05,0,1,0,0,0,1,0,1,0,0,1,1,1
TELNET HOLDING,2025-06-11,0,1,0,0,0,0,0,0,0,0,1,1,1
TELNET HOLDING,2025-06-12,1,1,0,0,0,0,0,0,0,0,1,1,1
TELNET HOLDING,2025-06-13,1,1,0,0,0,0,0,1,0,0,1,1,1
TELNET HOLDING,2025-06-18,1,1,0,0,0,0,0,0,0,0,1,1,1
TELNET HOLDING,2025-06-19,1,1,0,0,0,0,0,0,0,0,1,1,1
TELNET HOLDING,2025-06-25,1,1,0,1,1,1,0,1,1,1,1,1,1
TELNET HOLDING,2025-06-27,0,1,0,1,1,1,0,1,0,0,1,1,1
TELNET HOLDING,2025-07-02,1,1,0,1,1,1,0,0,1,1,1,1,1
TELNET HOLDING,2025-07-03,1,1,0,1,1,1,0,0,1,0,1,1,1
TELNET HOLDING,2025-07-04,1,1,0,1,1,1,0,0,0,0,1,1,1
TELNET HOLDING,2025-07-09,0,1,0,1,1,1,0,1,0,0,1,1,1
TELNET HOLDING,2025-07-10,0,1,0,1,1,1,0,1,1,1,1,1,1
TELNET HOLDING,2025-07-11,0,1,0,1,1,0,0,0,1,0,1,1,1
TELNET HOLDING,2025-07-16,0,1,0,1,1,1,0,0,0,0,1,1,1
TELNET HOLDING,2025-07-17,0,1,0,1,1,1,0,0,0,0,1,1,1
TELNET HOLDING,2025-07-18,0,1,0,1,1,1,0,0,0,0,1,1,1
TELNET HOLDING,2025-07-23,1,1,0,0,0,0,0,0,0,0,1,1,1
TELNET HOLDING,2025-07-24,1,1,0,0,0,0,0,0,0,0,1,1,1
TELNET HOLDING,2025-07-30,0,1,0,0,1,0,0,0,0,0,1,1,1
TELNET HOLDING,2025-07-31,0,1,0,0,1,0,0,0,0,0,1,1,1
TELNET HOLDING,2025-08-01,0,1,0,1,1,0,0,0,0,0,1,1,1
TELNET HOLDING,2025-08-06,0,1,0,0,0,1,0,1,1,1,1,1,1
TELNET HOLDING,2025-08-08,0,1,0,0,0,0,0,0,0,0,1,1,1
TELNET HOLDING,2025-08-14,0,1,0,0,0,0,0,0,0,0,1,1,1
TELNET HOLDING,2025-08-15,0,1,0,0,1,0,0,0,0,0,1,1,1
TELNET HOLDING,2025-08-20,0,1,0,0,0,0,1,1,0,0,1,1,1
TELNET HOLDING,2025-08-21,0,1,0,0,0,0,0,1,0,0,1,1,1
TELNET HOLDING,2025-08-22,0,1,0,0,0,0,0,1,0,0,1,1,1
TELNET HOLDING,2025-08-27,1,1,0,0,0,0,0,1,0,0,1,1,1
TELNET HOLDING,2025-08-28,1,1,0,0,0,1,0,1,1,1,1,1,1
TELNET HOLDING,2025-09-03,0,1,0,0,0,0,0,0,0,0,1,1,1
TELNET HOLDING,2025-09-05,0,1,0,0,0,0,0,0,0,0,1,1,1
TELNET HOLDING,2025-09-10,0,1,0,0,0,1,0,0,0,0,1,1,1
TELNET HOLDING,2025-09-11,0,1,0,0,0,1,0,0,0,0,1,1,1
TELNET HOLDING,2025-09-17,0,1,0,0,0,0,0,0,0,0,1,1,0
TELNET HOLDING,2025-09-18,0,1,0,0,0,0,0,0,0,0,1,1,0
TELNET HOLDING,2025-09-19,0,1,0,0,0,0,0,0,0,0,1,1,0
TELNET HOLDING,2025-09-24,0,1,0,0,0,0,1,1,0,0,1,1,0
TELNET HOLDING,2025-09-25,0,1,0,0,0,0,0,0,0,0,1,1,0
TELNET HOLDING,2025-09-26,0,1,0,0,0,0,0,1,0,0,1,1,0
TELNET HOLDING,2025-10-01,0,1,0,0,0,1,0,0,0,0,1,1,1
TELNET HOLDING,2025-10-02,0,1,0,0,0,1,0,1,1,1,1,1,1
TELNET HOLDING,2025-10-03,0,1,0,0,0,1,1,1,1,1,1,1,0
TELNET HOLDING,2025-10-08,0,1,0,0,0,0,0,0,0,0,1,1,0
TELNET HOLDING,2025-10-10,1,1,0,0,0,0,0,1,0,0,1,1,0
TELNET HOLDING,2025-10-16,0,1,0,0,0,0,0,0,0,0,1,1,0
TELNET HOLDING,2025-10-17,0,1,0,0,0,1,0,1,0,0,1,1,0
TELNET HOLDING,2025-10-22,0,1,0,0,0,1,0,0,0,0,1,1,0
TELNET HOLDING,2025-10-23,0,1,0,0,0,1,0,1,0,0,1,1,0
TELNET HOLDING,2025-10-24,0,1,0,0,0,0,0,0,0,0,1,1,0
TELNET HOLDING,2025-10-29,0,1,0,0,0,0,0,1,0,0,1,1,0
TELNET HOLDING,2025-10-30,0,1,0,0,0,0,0,1,0,0,1,1,0
TELNET HOLDING,2025-10-31,0,1,0,0,0,0,0,1,0,0,1,1,0
TELNET HOLDING,2025-11-05,0,1,0,0,0,0,0,0,0,0,1,1,1
TELNET HOLDING,2025-11-06,1,1,0,0,0,1,1,1,1,1,1,1,1
TELNET HOLDING,2025-11-07,0,1,0,0,0,1,0,1,1,1,1,1,1
TELNET HOLDING,2025-11-12,1,1,0,0,0,0,0,1,0,0,1,1,1
TELNET HOLDING,2025-11-13,1,1,0,0,0,1,0,1,0,0,1,1,0
TELNET HOLDING,2025-11-19,1,1,0,0,0,0,0,0,1,0,1,1,1
TELNET HOLDING,2025-11-20,0,1,0,0,1,1,0,0,0,0,1,1,1
TELNET HOLDING,2025-11-21,0,1,0,1,1,0,0,0,0,0,1,1,0
TELNET HOLDING,2025-11-26,0,1,0,1,1,0,0,0,0,0,1,1,0
TELNET HOLDING,2025-11-27,0,1,0,1,0,1,0,1,1,1,1,1,0
TELNET HOLDING,2025-11-28,1,1,0,1,0,0,0,0,0,0,1,1,0
TELNET HOLDING,2025-12-03,1,1,0,0,0,0,0,1,0,0,1,1,1
TELNET HOLDING,2025-12-04,1,1,0,0,0,1,0,1,0,0,1,1,1
TPR,2025-01-22,1,1,0,1,1,1,0,0,0,0,1,1,1
TPR,2025-01-23,1,1,0,1,1,1,0,0,0,0,1,1,1
TPR,2025-01-24,0,1,0,1,1,1,0,0,0,0,1,1,1
TPR,2025-01-29,0,1,0,1,1,1,0,0,0,0,1,1,1
TPR,2025-01-30,1,1,0,1,1,1,0,0,0,0,1,1,1
TPR,2025-02-05,1,1,0,1,1,1,0,0,0,0,1,1,1
TPR,2025-02-06,1,1,0,1,1,0,0,0,0,0,1,1,1
TPR,2025-02-07,1,1,0,1,1,0,0,0,0,0,1,1,1
TPR,2025-02-12,1,1,0,1,1,0,0,0,0,0,1,1,1
TPR,2025-02-13,1,1,0,1,1,1,0,0,0,0,1,1,1
TPR,2025-02-14,1,1,0,1,1,1,0,0,0,0,1,1,1
TPR,2025-02-19,1,1,0,1,1,1,0,0,0,0,1,1,1
TPR,2025-02-20,0,1,0,1,1,0,0,0,0,0,1,1,1
TPR,2025-02-21,1,1,0,1,1,0,0,0,0,0,1,1,1
TPR,2025-02-26,1,1,0,1,1,0,0,0,0,0,1,1,1
TPR,2025-02-27,1,1,0,1,1,0,0,0,0,0,1,1,1
TPR,2025-02-28,1,1,0,1,1,0,0,0,0,0,1,1,1
TPR,2025-03-05,1,1,0,1,1,0,0,0,0,0,1,1,1
TPR,2025-03-06,1,1,0,1,1,0,0,0,0,0,1,1,1
TPR,2025-03-07,1,1,0,1,1,0,0,0,0,0,1,1,1
TPR,2025-03-12,1,1,0,1,1,0,0,0,0,0,1,1,1
TPR,2025-03-13,1,1,0,1,1,0,0,0,0,0,1,1,1
TPR,2025-03-19,0,1,0,1,1,0,0,0,0,0,1,1,1
TPR,2025-03-21,0,1,0,1,1,1,0,0,0,0,1,1,1
TPR,2025-03-27,1,1,0,1,1,0,0,0,0,0,1,1,1
TPR,2025-03-28,1,1,0,1,1,1,0,0,0,0,1,1,1
TPR,2025-04-02,1,1,0,1,1,0,0,0,0,0,1,1,1
TPR,2025-04-04,1,1,0,1,1,1,0,0,0,0,1,1,1
TPR,2025-04-10,1,1,0,1,1,0,0,0,0,0,1,1,1
TPR,2025-04-11,1,1,0,1,1,0,0,0,0,0,1,1,1
TPR,2025-04-16,0,1,0,1,1,0,0,0,0,0,1,1,1
TPR,2025-04-17,0,1,0,1,1,0,0,0,0,0,1,1,1
TPR,2025-04-18,0,1,0,1,1,0,1,0,0,0,1,1,1
TPR,2025-04-23,1,1,0,1,1,1,0,0,0,0,1,1,0
TPR,2025-04-24,0,1,0,1,1,0,0,0,0,0,1,1,0
TPR,2025-05-02,0,1,0,1,1,0,1,0,0,0,1,1,0
TPR,2025-05-07,1,1,0,1,1,0,0,0,0,0,1,1,0
TPR,2025-05-08,0,1,0,1,1,0,1,0,0,0,1,1,0
TPR,2025-05-14,1,1,0,1,1,0,1,0,0,0,1,1,1
TPR,2025-05-15,0,1,0,1,1,0,1,0,0,0,1,1,1
TPR,2025-05-16,0,1,0,1,1,0,1,0,0,0,1,1,1
TPR,2025-05-21,1,1,0,1,1,0,0,0,0,0,1,1,1
TPR,2025-05-22,1,1,0,1,1,1,1,0,0,0,1,1,1
TPR,2025-05-23,1,1,0,1,1,1,1,0,0,0,1,1,1
TPR,2025-05-28,1,1,0,1,1,0,0,0,0,0,1,1,1
TPR,2025-05-29,0,1,0,1,1,0,0,0,0,0,1,1,1
TPR,2025-05-30,0,1,0,1,1,0,0,0,0,0,1,1,1
TPR,2025-06-04,0,1,0,1,1,0,0,0,0,0,1,1,1
TPR,2025-06-05,0,1,0,1,1,0,0,0,0,0,1,1,1
TPR,2025-06-11,1,1,0,1,1,1,0,0,0,0,1,1,1
TPR,2025-06-12,1,1,0,1,1,1,0,0,0,0,1,1,1
TPR,2025-06-13,1,1,0,1,0,1,0,0,0,0,1,1,1
TPR,2025-06-18,1,1,0,1,1,0,0,0,0,0,1,1,1
TPR,2025-06-19,0,1,0,1,1,0,0,0,0,0,1,1,1
TPR,2025-06-25,1,1,0,1,1,0,1,0,0,0,1,1,1
TPR,2025-06-27,1,1,0,1,1,0,0,0,0,0,1,1,1
TPR,2025-07-02,1,1,0,1,1,0,0,0,0,0,1,1,1
TPR,2025-07-03,1,1,0,1,1,0,0,0,0,0,1,1,1
TPR,2025-07-04,1,1,0,1,1,1,0,0,0,0,1,1,1
TPR,2025-07-09,0,1,0,1,1,0,0,0,0,0,1,1,1
TPR,2025-07-10,0,1,0,1,1,0,0,0,0,0,1,1,1
TPR,2025-07-11,0,1,0,1,1,0,0,0,0,0,1,1,1
TPR,2025-07-16,1,1,0,1,1,1,0,0,0,1,1,1,1
TPR,2025-07-17,1,1,0,1,0,1,1,0,0,1,1,1,1
TPR,2025-07-18,1,1,0,1,1,1,0,0,0,1,1,1,1
TPR,2025-07-23,0,1,0,1,1,0,0,0,0,0,1,1,1
TPR,2025-07-24,0,1,0,1,1,0,0,0,0,0,1,1,1
TPR,2025-07-30,1,1,0,1,1,1,0,0,0,0,1,1,1
TPR,2025-07-31,1,1,0,1,1,1,0,0,0,0,1,1,1
TPR,2025-08-01,1,1,0,1,1,0,0,0,0,0,1,1,1
TPR,2025-08-06,1,1,0,1,0,1,0,0,0,0,1,1,1
TPR,2025-08-08,0,1,0,1,1,1,0,0,0,0,1,1,1
TPR,2025-08-14,0,1,0,1,1,0,1,0,0,0,1,1,1
TPR,2025-08-15,0,1,0,1,1,0,1,0,0,0,1,1,1
TPR,2025-08-20,1,1,0,1,0,1,0,0,0,0,1,1,1
TPR,2025-08-21,0,1,0,1,1,1,0,0,0,0,1,1,1
TPR,2025-08-22,0,1,0,1,1,0,1,0,0,0,1,1,1
TPR,2025-08-27,0,1,0,1,0,0,1,0,0,0,1,1,1
TPR,2025-08-28,0,1,0,1,1,0,0,0,0,0,1,1,1
TPR,2025-09-03,0,1,0,0,0,1,0,0,0,0,1,1,1
TPR,2025-09-05,0,1,0,0,0,0,1,0,0,0,1,1,1
TPR,2025-09-10,0,1,0,0,0,1,0,0,0,0,1,1,1
TPR,2025-09-11,0,1,0,0,0,1,0,0,0,0,1,1,1
TPR,2025-09-17,1,1,0,0,0,0,0,0,0,0,1,1,1
TPR,2025-09-18,1,1,0,0,0,0,0,0,0,0,1,1,1
TPR,2025-09-19,0,1,0,0,0,0,0,0,0,0,1,1,1
TPR,2025-09-24,0,1,0,0,1,0,0,0,0,0,1,1,1
TPR,2025-09-25,0,1,0,0,0,0,0,0,0,0,1,1,1
TPR,2025-09-26,0,1,0,0,0,0,0,0,0,0,1,1,1
TPR,2025-10-01,0,1,0,0,0,0,0,0,0,0,1,1,1
TPR,2025-10-02,0,1,0,0,0,0,0,0,0,0,1,1,1
TPR,2025-10-03,0,1,0,0,0,0,0,0,0,0,1,1,1
TPR,2025-10-08,1,1,0,0,0,0,0,0,0,0,1,1,1
TPR,2025-10-10,1,1,0,0,0,0,0,0,0,0,1,1,1
TPR,2025-10-16,1,1,0,0,0,0,0,0,0,0,1,1,1
TPR,2025-10-17,1,1,0,0,0,0,0,0,0,0,1,1,1
TPR,2025-10-22,0,1,0,0,1,0,0,0,0,0,1,1,1
TPR,2025-10-23,1,1,0,0,0,0,0,0,0,0,1,1,1
TPR,2025-10-24,1,1,0,0,0,0,0,0,0,0,1,1,1
TPR,2025-10-29,0,1,0,0,0,0,0,0,0,0,1,1,1
TPR,2025-10-30,0,1,0,0,0,0,0,0,0,0,1,1,1
TPR,2025-10-31,0,1,0,1,0,0,0,0,0,0,1,1,1
TPR,2025-11-05,0,1,0,1,1,0,0,0,0,0,1,1,1
TPR,2025-11-06,0,1,0,1,1,0,0,0,0,0,1,1,1
TPR,2025-11-07,0,1,0,1,0,0,0,0,0,0,1,1,1
TPR,2025-11-12,0,1,0,0,0,0,0,0,0,0,1,1,1
TPR,2025-11-13,0,1,0,0,0,0,0,0,0,0,1,1,1
TPR,2025-11-19,1,1,0,0,0,0,0,0,0,0,1,1,1
TPR,2025-11-20,1,1,0,0,0,0,0,0,0,0,1,1,1
TPR,2025-11-21,1,1,0,0,0,0,0,0,0,0,1,1,1
TPR,2025-11-26,0,1,0,0,0,0,0,0,0,0,1,1,1
TPR,2025-11-27,0,1,0,0,0,0,0,0,0,0,1,1,1
TPR,2025-11-28,0,1,0,0,0,0,0,0,0,0,1,1,1
TPR,2025-12-03,1,1,0,0,0,0,0,0,0,0,1,1,1
TPR,2025-12-04,1,1,0,0,0,0,0,0,0,0,1,1,1
ATB,2025-01-22,1,1,0,1,1,1,0,0,0,0,0,0,0
ATB,2025-01-23,1,1,0,1,1,1,0,1,1,1,0,0,0
ATB,2025-01-24,1,1,0,1,0,1,0,0,1,0,0,0,0
ATB,2025-01-29,0,1,0,1,1,1,0,0,1,0,0,0,0
ATB,2025-01-30,0,1,0,1,1,1,0,1,1,0,0,0,0
ATB,2025-02-05,0,1,0,1,0,1,1,1,1,1,0,0,1
ATB,2025-02-06,0,1,0,1,0,1,1,1,1,0,0,0,1
ATB,2025-02-07,0,1,0,0,0,1,0,1,1,0,0,0,1
ATB,2025-02-12,1,1,0,0,0,1,1,1,1,1,0,0,0
ATB,2025-02-13,1,1,0,0,0,1,1,1,1,1,0,0,0
ATB,2025-02-14,1,1,0,0,0,1,1,1,1,0,0,0,0
ATB,2025-02-19,1,1,0,0,0,1,0,1,0,0,0,0,0
ATB,2025-02-20,1,1,0,0,0,1,0,0,0,0,0,0,0
ATB,2025-02-21,1,1,0,0,0,1,0,1,0,0,0,0,0
ATB,2025-02-26,1,1,0,1,1,1,0,1,1,1,0,0,0
ATB,2025-02-27,1,1,0,1,1,1,0,1,1,1,0,0,0
ATB,2025-02-28,1,1,0,1,1,1,0,1,1,1,0,0,0
ATB,2025-03-05,0,1,0,1,1,1,0,1,1,1,0,0,0
ATB,2025-03-06,0,1,0,1,1,1,1,1,1,1,0,0,0
ATB,2025-03-07,0,1,0,1,1,0,1,1,1,1,0,0,0
ATB,2025-03-12,0,1,0,1,1,1,1,1,1,1,0,0,0
ATB,2025-03-13,1,1,0,1,1,1,0,1,1,1,0,0,0
ATB,2025-03-19,1,1,0,1,1,1,0,1,1,1,0,0,0
ATB,2025-03-21,1,1,0,1,1,1,0,1,1,1,0,0,0
ATB,2025-03-27,1,1,0,0,0,1,0,1,1,1,0,0,0
ATB,2025-03-28,0,1,0,0,0,1,0,1,0,0,0,0,0
ATB,2025-04-02,0,1,0,0,1,1,0,1,0,0,0,0,0
ATB,2025-04-04,0,1,0,0,1,0,0,1,0,0,0,0,0
ATB,2025-04-10,0,1,0,0,0,1,0,1,1,0,0,0,1
ATB,2025-04-11,1,1,0,0,0,0,0,0,1,1,0,0,1
ATB,2025-04-16,1,1,0,0,0,0,0,1,0,0,0,0,0
ATB,2025-04-17,1,1,0,0,0,0,0,1,1,1,0,0,1
ATB,2025-04-18,1,1,0,0,0,0,0,1,1,1,0,0,1
ATB,2025-04-23,0,1,0,1,1,0,0,1,0,0,0,0,1
ATB,2025-04-24,1,1,0,1,1,1,0,1,1,1,0,0,1
ATB,2025-05-02,0,1,0,1,1,1,0,0,1,0,0,0,1
ATB,2025-05-07,0,1,0,1,1,0,0,1,1,0,0,0,1
ATB,2025-05-08,1,1,0,1,1,1,0,1,1,1,0,0,1
ATB,2025-05-14,1,1,0,1,1,1,0,0,1,0,0,0,1
ATB,2025-05-15,1,1,0,1,1,1,0,1,1,1,0,0,1
ATB,2025-05-16,1,1,0,1,1,1,0,0,1,0,0,0,1
ATB,2025-05-21,1,1,0,1,1,1,0,1,1,0,0,0,1
ATB,2025-05-22,1,1,0,1,1,1,0,1,1,1,0,0,1
ATB,2025-05-23,1,1,0,1,1,1,0,0,1,0,0,0,1
ATB,2025-05-28,1,1,0,1,1,1,0,1,1,0,0,0,1
ATB,2025-05-29,1,1,0,1,1,0,0,0,1,0,0,0,1
ATB,2025-05-30,1,1,0,1,1,0,0,0,1,0,0,0,1
ATB,2025-06-04,1,1,0,1,1,1,0,1,1,0,0,0,1
ATB,2025-06-05,1,1,0,1,1,1,0,0,1,0,0,0,1
ATB,2025-06-11,1,1,0,1,1,1,0,0,1,0,0,0,1
ATB,2025-06-12,1,1,0,1,1,1,0,0,1,1,0,0,1
ATB,2025-06-13,1,1,0,1,1,1,0,0,1,1,0,0,1
ATB,2025-06-18,1,1,0,1,1,1,0,0,1,0,0,0,1
ATB,2025-06-19,1,1,0,1,1,1,0,0,1,1,0,0,1
ATB,2025-06-25,1,1,0,1,1,1,0,0,1,1,0,0,1
ATB,2025-06-27,1,1,0,1,1,1,0,0,1,1,0,0,1
ATB,2025-07-02,1,1,0,1,0,1,0,1,1,1,0,0,1
ATB,2025-07-03,1,1,0,1,1,1,0,1,1,1,0,0,1
ATB,2025-07-04,1,1,0,1,1,1,0,0,1,1,0,0,1
ATB,2025-07-09,0,1,0,1,1,1,0,0,1,1,0,0,1
ATB,2025-07-10,0,1,0,1,1,1,0,1,1,1,0,0,1
ATB,2025-07-11,0,1,0,1,1,1,0,0,1,1,0,0,1
ATB,2025-07-16,0,1,0,1,1,1,0,1,0,1,0,0,1
ATB,2025-07-17,0,1,0,1,0,1,0,1,1,1,0,0,1
ATB,2025-07-18,0,1,0,1,1,1,0,0,0,1,0,0,1
ATB,2025-07-23,1,1,0,1,1,1,0,0,1,1,0,0,1
ATB,2025-07-24,1,1,0,1,0,1,0,1,1,1,0,0,1
ATB,2025-07-30,1,1,0,0,0,1,0,0,1,1,0,0,1
ATB,2025-07-31,1,1,0,0,0,1,0,0,1,1,0,0,1
ATB,2025-08-01,1,1,0,0,1,1,0,0,1,1,0,0,1
ATB,2025-08-06,1,1,0,1,1,1,0,0,1,1,0,0,1
ATB,2025-08-08,0,1,0,1,1,1,1,1,1,1,0,0,1
ATB,2025-08-14,0,1,0,1,1,1,0,1,1,1,0,0,1
ATB,2025-08-15,0,1,0,1,1,0,1,1,1,1,0,0,1
ATB,2025-08-20,0,1,0,1,1,1,0,1,1,1,0,0,1
ATB,2025-08-21,0,1,0,1,1,1,0,1,1,1,0,0,1
ATB,2025-08-22,0,1,0,1,1,1,0,1,1,1,0,0,1
ATB,2025-08-27,0,1,0,1,1,1,0,1,1,1,0,0,1
ATB,2025-08-28,0,1,0,1,1,1,0,1,1,1,0,0,1
ATB,2025-09-03,0,1,0,0,0,1,0,1,1,1,0,0,1
ATB,2025-09-05,1,1,0,0,0,1,0,1,1,1,0,0,1
ATB,2025-09-10,1,1,0,0,0,1,0,1,1,1,0,0,1
ATB,2025-09-11,1,1,0,0,0,1,0,1,1,1,0,0,1
ATB,2025-09-17,0,1,0,0,1,1,0,0,0,0,0,0,1
ATB,2025-09-18,0,1,0,0,1,1,0,0,0,1,0,0,1
ATB,2025-09-19,0,1,0,1,1,1,0,0,0,0,0,0,1
ATB,2025-09-24,0,1,0,0,0,0,0,1,0,1,0,0,1
ATB,2025-09-25,0,1,0,0,0,1,0,0,0,1,0,0,1
ATB,2025-09-26,0,1,0,0,0,1,0,0,0,1,0,0,1
ATB,2025-10-01,0,1,0,0,0,1,0,1,1,1,0,0,1
ATB,2025-10-02,1,1,0,0,0,1,0,0,1,1,0,0,1
ATB,2025-10-03,1,1,0,0,0,0,0,0,1,1,0,0,1
ATB,2025-10-08,1,1,0,0,0,1,0,0,0,0,0,0,1
ATB,2025-10-10,1,1,0,0,0,1,0,0,0,0,0,0,1
ATB,2025-10-16,1,1,0,0,1,1,0,0,1,1,0,0,1
ATB,2025-10-17,1,1,0,1,1,1,0,0,0,0,0,0,1
ATB,2025-10-22,1,1,0,1,1,1,0,0,0,0,0,0,1
ATB,2025-10-23,1,1,0,1,1,1,0,0,0,1,0,0,1
ATB,2025-10-24,1,1,0,1,1,1,0,0,0,1,0,0,1
ATB,2025-10-29,1,1,0,1,1,0,0,0,1,1,0,0,1
ATB,2025-10-30,1,1,0,1,1,0,0,1,1,1,0,0,1
ATB,2025-10-31,1,1,0,1,1,1,0,0,1,1,0,0,1
ATB,2025-11-05,1,1,0,1,1,1,0,1,1,1,0,0,1
ATB,2025-11-06,1,1,0,1,1,1,1,1,1,1,0,0,1
ATB,2025-11-07,0,1,0,1,1,1,0,1,1,1,0,0,1
ATB,2025-11-12,1,1,0,1,1,1,0,1,0,1,0,0,1
ATB,2025-11-13,0,1,0,1,1,1,0,1,0,1,0,0,1
ATB,2025-11-19,0,1,0,1,1,1,0,1,0,1,0,0,1
ATB,2025-11-20,0,1,0,1,1,0,0,1,0,1,0,0,1
ATB,2025-11-21,0,1,0,1,1,1,0,1,0,1,0,0,1
ATB,2025-11-26,1,1,0,0,0,1,0,1,1,1,0,0,1
ATB,2025-11-27,1,1,0,0,0,1,0,1,1,1,0,0,1
ATB,2025-11-28,1,1,0,0,0,0,0,0,0,1,0,0,1
ATB,2025-12-03,1,1,0,0,0,0,0,0,0,1,0,0,1
ATB,2025-12-04,1,1,0,0,0,1,0,1,1,1,0,0,1
TUNISIE LEASING F,2025-01-22,1,1,0,0,0,0,0,0,0,0,0,0,1
TUNISIE LEASING F,2025-01-23,1,1,0,0,0,0,0,0,0,0,0,0,1
TUNISIE LEASING F,2025-01-24,1,1,0,0,1,0,0,0,0,0,0,0,1
TUNISIE LEASING F,2025-01-29,0,1,0,1,1,0,0,0,0,0,0,0,1
TUNISIE LEASING F,2025-01-30,1,1,0,1,1,0,0,0,0,0,0,0,1
TUNISIE LEASING F,2025-02-05,1,1,0,1,1,0,0,0,0,0,0,1,1
TUNISIE LEASING F,2025-02-06,0,1,0,1,1,0,0,0,0,0,0,1,1
TUNISIE LEASING F,2025-02-07,1,1,0,1,1,0,0,0,0,0,0,1,1
TUNISIE LEASING F,2025-02-12,1,1,0,1,1,0,0,0,0,0,0,1,1
TUNISIE LEASING F,2025-02-13,1,1,0,1,0,0,0,0,0,0,0,1,1
TUNISIE LEASING F,2025-02-14,1,1,0,1,1,0,0,0,0,0,0,1,1
TUNISIE LEASING F,2025-02-19,1,1,0,1,0,0,0,0,0,0,0,1,1
TUNISIE LEASING F,2025-02-20,1,1,0,1,1,0,0,0,0,0,0,1,1
TUNISIE LEASING F,2025-02-21,1,1,0,1,1,0,0,0,0,0,0,1,1
TUNISIE LEASING F,2025-02-26,1,1,0,1,1,0,0,0,0,0,0,1,1
TUNISIE LEASING F,2025-02-27,1,1,0,1,1,0,0,0,0,0,0,1,1
TUNISIE LEASING F,2025-02-28,1,1,0,1,1,0,0,0,0,0,0,1,1
TUNISIE LEASING F,2025-03-05,0,1,0,1,1,0,0,0,0,0,0,1,1
TUNISIE LEASING F,2025-03-06,0,1,0,1,1,0,0,0,0,0,0,1,1
TUNISIE LEASING F,2025-03-07,1,1,0,1,1,0,0,0,0,0,0,1,1
TUNISIE LEASING F,2025-03-12,0,1,0,1,1,0,0,0,0,0,0,1,1
TUNISIE LEASING F,2025-03-13,0,1,0,1,1,0,0,0,0,0,0,1,1
TUNISIE LEASING F,2025-03-19,1,1,0,1,1,0,0,0,0,0,0,1,1
TUNISIE LEASING F,2025-03-21,1,1,0,1,1,0,0,0,0,0,0,1,1
TUNISIE LEASING F,2025-03-27,1,1,0,1,1,0,0,0,0,0,0,1,1
TUNISIE LEASING F,2025-03-28,1,1,0,0,0,1,0,0,0,0,0,1,1
TUNISIE LEASING F,2025-04-02,0,1,0,0,0,1,0,0,0,0,0,1,1
TUNISIE LEASING F,2025-04-04,0,1,0,1,1,1,0,0,0,1,0,1,1
TUNISIE LEASING F,2025-04-10,0,1,0,1,1,0,0,0,0,0,0,1,1
TUNISIE LEASING F,2025-04-11,0,1,0,1,1,0,0,0,0,0,0,1,1
TUNISIE LEASING F,2025-04-16,0,1,0,1,0,0,0,0,0,0,0,1,1
TUNISIE LEASING F,2025-04-17,0,1,0,1,0,0,0,0,0,0,0,1,1
TUNISIE LEASING F,2025-04-18,0,1,0,0,0,0,0,0,0,0,0,1,1
TUNISIE LEASING F,2025-04-23,0,1,0,0,0,0,0,0,0,0,0,1,1
TUNISIE LEASING F,2025-04-24,0,1,0,0,0,0,0,0,0,0,0,1,1
TUNISIE LEASING F,2025-05-02,1,1,0,0,0,0,0,0,0,0,0,1,1
TUNISIE LEASING F,2025-05-07,1,1,0,0,0,0,0,0,0,0,0,1,1
TUNISIE LEASING F,2025-05-08,1,1,0,0,1,0,0,0,0,0,0,1,1
TUNISIE LEASING F,2025-05-14,1,1,0,1,1,1,0,0,0,0,0,1,1
TUNISIE LEASING F,2025-05-15,1,1,0,1,1,0,0,0,0,0,0,1,1
TUNISIE LEASING F,2025-05-16,1,1,0,1,1,0,0,0,0,0,0,1,1
TUNISIE LEASING F,2025-05-21,1,1,0,1,1,1,0,0,0,0,0,1,1
TUNISIE LEASING F,2025-05-22,1,1,0,1,1,0,0,0,0,1,0,1,1
TUNISIE LEASING F,2025-05-23,1,1,0,1,1,0,0,0,0,1,0,1,1
TUNISIE LEASING F,2025-05-28,1,1,0,1,1,0,0,0,0,0,0,1,1
TUNISIE LEASING F,2025-05-29,1,1,0,1,1,0,0,0,0,0,0,1,1
TUNISIE LEASING F,2025-05-30,1,1,0,1,1,0,0,0,0,0,0,1,1
TUNISIE LEASING F,2025-06-04,0,1,0,1,1,0,0,0,0,0,0,1,1
TUNISIE LEASING F,2025-06-05,0,1,0,1,1,0,0,0,0,0,0,1,1
TUNISIE LEASING F,2025-06-11,0,1,0,1,1,1,0,0,0,0,0,1,0
TUNISIE LEASING F,2025-06-12,0,1,0,1,1,1,0,0,0,0,0,1,0
TUNISIE LEASING F,2025-06-13,0,1,0,1,1,0,0,0,0,0,0,1,0
TUNISIE LEASING F,2025-06-18,1,1,0,1,1,1,0,0,0,1,0,1,0
TUNISIE LEASING F,2025-06-19,1,1,0,1,0,1,0,0,0,0,0,1,0
TUNISIE LEASING F,2025-06-25,1,1,0,0,1,1,0,0,0,0,0,1,0
TUNISIE LEASING F,2025-06-27,0,1,0,1,1,0,0,0,0,0,0,1,0
TUNISIE LEASING F,2025-07-02,0,1,0,1,1,0,0,0,0,0,0,1,0
TUNISIE LEASING F,2025-07-03,0,1,0,1,1,0,0,0,0,0,0,1,0
TUNISIE LEASING F,2025-07-04,0,1,0,1,1,0,0,0,0,0,0,1,0
TUNISIE LEASING F,2025-07-09,0,1,0,1,1,1,0,0,0,0,0,1,0
TUNISIE LEASING F,2025-07-10,0,1,0,1,1,0,0,0,0,0,0,1,0
TUNISIE LEASING F,2025-07-11,1,1,0,1,1,0,0,0,0,0,0,1,1
TUNISIE LEASING F,2025-07-16,1,1,0,1,1,0,0,0,0,0,0,1,1
TUNISIE LEASING F,2025-07-17,1,1,0,1,1,0,0,0,0,0,0,1,1
TUNISIE LEASING F,2025-07-18,0,1,0,1,1,0,1,0,0,0,0,1,1
TUNISIE LEASING F,2025-07-23,0,1,0,1,1,0,1,0,0,0,0,1,1
TUNISIE LEASING F,2025-07-24,1,1,0,1,1,1,1,0,0,0,0,1,1
TUNISIE LEASING F,2025-07-30,1,1,0,1,0,0,0,0,0,0,0,1,1
TUNISIE LEASING F,2025-07-31,1,1,0,0,0,0,0,0,0,0,0,1,1
TUNISIE LEASING F,2025-08-01,1,1,0,0,0,1,0,0,0,0,0,1,1
TUNISIE LEASING F,2025-08-06,1,1,0,1,1,0,0,0,0,0,0,1,1
TUNISIE LEASING F,2025-08-08,1,1,0,1,1,0,0,0,0,0,0,1,1
TUNISIE LEASING F,2025-08-14,1,1,0,1,1,0,0,0,0,0,0,1,1
TUNISIE LEASING F,2025-08-15,1,1,0,1,1,0,0,0,0,0,0,1,1
TUNISIE LEASING F,2025-08-20,1,1,0,1,1,0,0,0,0,0,0,1,1
TUNISIE LEASING F,2025-08-21,1,1,0,1,1,0,0,0,0,0,0,1,1
TUNISIE LEASING F,2025-08-22,0,1,0,1,1,0,0,0,0,0,0,1,1
TUNISIE LEASING F,2025-08-27,1,1,0,1,1,0,0,0,0,0,0,1,1
TUNISIE LEASING F,2025-08-28,1,1,0,1,1,0,0,0,0,0,0,1,1
TUNISIE LEASING F,2025-09-03,1,1,0,1,1,0,0,0,0,0,0,1,1
TUNISIE LEASING F,2025-09-05,0,1,0,1,1,0,0,0,0,0,0,1,1
TUNISIE LEASING F,2025-09-10,0,1,0,1,1,0,0,0,0,0,0,1,0
TUNISIE LEASING F,2025-09-11,0,1,0,1,1,0,0,0,0,0,0,1,0
TUNISIE LEASING F,2025-09-17,0,1,0,1,1,0,0,0,0,0,0,1,0
TUNISIE LEASING F,2025-09-18,1,1,0,1,0,0,0,0,0,0,0,1,0
TUNISIE LEASING F,2025-09-19,0,1,0,1,0,0,0,0,0,0,0,1,0
TUNISIE LEASING F,2025-09-24,0,1,0,0,0,0,0,0,0,0,0,1,1
TUNISIE LEASING F,2025-09-25,0,1,0,0,0,0,0,0,0,0,0,1,1
TUNISIE LEASING F,2025-09-26,0,1,0,0,0,0,0,0,0,0,0,1,1
TUNISIE LEASING F,2025-10-01,0,1,0,0,0,0,0,0,0,0,0,1,1
TUNISIE LEASING F,2025-10-02,0,1,0,0,0,0,0,0,0,0,0,1,1
TUNISIE LEASING F,2025-10-03,0,1,0,0,0,0,1,0,0,0,0,1,1
TUNISIE LEASING F,2025-10-08,0,1,0,0,0,0,1,0,0,0,0,1,1
TUNISIE LEASING F,2025-10-10,1,1,0,0,0,0,0,0,0,0,0,1,1
TUNISIE LEASING F,2025-10-16,0,1,0,0,0,0,0,0,0,0,0,1,0
TUNISIE LEASING F,2025-10-17,0,1,0,0,1,0,0,0,0,0,0,1,0
TUNISIE LEASING F,2025-10-22,0,1,0,0,0,1,0,0,0,0,0,1,0
TUNISIE LEASING F,2025-10-23,1,1,0,0,0,0,0,0,0,0,0,1,0
TUNISIE LEASING F,2025-10-24,0,1,0,0,0,0,0,0,0,0,0,1,0
TUNISIE LEASING F,2025-10-29,1,1,0,0,0,0,0,0,0,0,0,1,0
TUNISIE LEASING F,2025-10-30,1,1,0,0,0,0,0,0,0,0,0,1,0
TUNISIE LEASING F,2025-10-31,1,1,0,0,0,0,0,0,0,0,0,1,0
TUNISIE LEASING F,2025-11-05,0,1,0,1,1,0,0,0,0,0,0,1,0
TUNISIE LEASING F,2025-11-06,0,1,0,1,1,0,0,0,0,0,0,1,0
TUNISIE LEASING F,2025-11-07,0,1,0,1,1,0,0,0,0,0,0,1,1
TUNISIE LEASING F,2025-11-12,0,1,0,1,1,0,0,0,0,0,0,1,1
TUNISIE LEASING F,2025-11-13,0,1,0,1,1,0,0,0,0,0,0,1,1
TUNISIE LEASING F,2025-11-19,0,1,0,1,1,0,0,0,0,0,0,1,1
TUNISIE LEASING F,2025-11-20,1,1,0,0,0,0,0,0,0,0,0,1,1
TUNISIE LEASING F,2025-11-21,1,1,0,0,0,0,0,0,0,0,0,1,1
TUNISIE LEASING F,2025-11-26,1,1,0,0,0,0,0,0,0,0,0,1,1
TUNISIE LEASING F,2025-11-27,0,1,0,0,1,0,0,0,0,0,0,1,1
TUNISIE LEASING F,2025-11-28,0,1,0,0,1,0,0,0,0,0,0,1,1
TUNISIE LEASING F,2025-12-03,0,1,0,0,0,0,1,0,0,0,0,1,1
TUNISIE LEASING F,2025-12-04,0,1,0,0,0,0,0,0,0,0,0,1,1
UIB,2025-01-22,0,1,0,1,1,0,0,0,0,0,0,1,1
UIB,2025-01-23,1,1,0,1,1,1,0,0,0,0,0,1,1
UIB,2025-01-24,1,1,0,1,1,1,0,0,0,0,0,1,1
UIB,2025-01-29,1,1,0,0,1,1,0,0,0,0,0,1,1
UIB,2025-01-30,0,1,0,0,0,1,0,1,0,1,0,1,1
UIB,2025-02-05,0,1,0,1,1,0,0,1,0,0,0,1,1
UIB,2025-02-06,0,1,0,1,1,0,0,1,0,0,0,1,1
UIB,2025-02-07,0,1,0,1,1,0,0,1,0,0,0,1,1
UIB,2025-02-12,1,1,0,0,0,1,1,1,1,1,0,1,1
UIB,2025-02-13,1,1,0,0,0,0,1,1,0,0,0,1,1
UIB,2025-02-14,1,1,0,0,0,0,0,1,0,1,0,1,1
UIB,2025-02-19,1,1,0,0,0,0,0,1,0,0,0,1,1
UIB,2025-02-20,1,1,0,0,0,0,0,0,0,0,0,1,1
UIB,2025-02-21,1,1,0,0,1,0,0,0,0,0,0,1,1
UIB,2025-02-26,1,1,0,1,1,1,0,0,1,0,0,1,1
UIB,2025-02-27,0,1,0,1,1,0,0,1,0,0,0,1,1
UIB,2025-02-28,1,1,0,1,1,1,0,1,1,0,0,1,1
UIB,2025-03-05,1,1,0,1,1,0,0,1,1,0,0,1,1
UIB,2025-03-06,1,1,0,1,1,0,0,1,1,0,0,1,1
UIB,2025-03-07,0,1,0,1,1,0,0,1,1,0,0,1,1
UIB,2025-03-12,0,1,0,1,1,1,0,1,1,0,0,1,1
UIB,2025-03-13,0,1,0,1,1,1,0,0,1,0,0,1,1
UIB,2025-03-19,0,1,0,1,1,0,0,1,1,0,0,1,1
UIB,2025-03-21,0,1,0,1,1,1,0,0,1,0,0,1,1
UIB,2025-03-27,0,1,0,1,0,0,0,0,0,0,0,1,1
UIB,2025-03-28,0,1,0,0,0,1,1,1,1,1,0,1,1
UIB,2025-04-02,0,1,0,0,0,0,1,1,1,0,0,1,1
UIB,2025-04-04,0,1,0,0,0,0,1,1,0,0,0,1,1
UIB,2025-04-10,1,1,0,0,0,1,1,1,1,1,0,1,1
UIB,2025-04-11,1,1,0,0,0,0,0,0,1,0,0,1,1
UIB,2025-04-16,1,1,0,0,0,0,0,1,0,0,0,1,1
UIB,2025-04-17,1,1,0,0,0,0,0,1,0,0,0,1,1
UIB,2025-04-18,1,1,0,0,1,0,0,0,1,0,0,1,1
UIB,2025-04-23,0,1,0,1,1,1,0,0,1,0,0,1,1
UIB,2025-04-24,0,1,0,1,1,1,0,0,1,0,0,1,1
UIB,2025-05-02,1,1,0,1,0,1,0,1,1,1,0,1,1
UIB,2025-05-07,1,1,0,0,0,1,1,1,1,0,0,1,1
UIB,2025-05-08,1,1,0,0,1,0,0,0,0,0,0,1,1
UIB,2025-05-14,1,1,0,1,1,1,0,0,0,0,0,1,1
UIB,2025-05-15,1,1,0,1,1,0,0,0,0,0,0,1,1
UIB,2025-05-16,1,1,0,1,1,1,0,0,0,0,0,1,1
UIB,2025-05-21,1,1,0,1,1,1,0,1,1,1,0,1,1
UIB,2025-05-22,0,1,0,1,1,1,0,0,0,0,0,1,1
UIB,2025-05-23,0,1,0,1,1,1,0,0,0,1,0,1,1
UIB,2025-05-28,0,1,0,1,1,1,0,0,1,0,0,1,1
UIB,2025-05-29,0,1,0,1,1,1,0,1,1,1,0,1,1
UIB,2025-05-30,0,1,0,1,1,1,0,1,0,1,0,1,1
UIB,2025-06-04,0,1,0,0,0,1,1,1,1,1,0,1,1
UIB,2025-06-05,0,1,0,0,0,0,0,1,1,1,0,1,1
UIB,2025-06-11,0,1,0,0,0,0,0,1,1,1,1,1,1
UIB,2025-06-12,0,1,0,0,0,0,0,1,1,1,1,1,1
UIB,2025-06-13,0,1,0,0,0,0,0,1,1,1,1,1,1
UIB,2025-06-18,0,1,0,0,0,0,0,1,1,0,1,1,1
UIB,2025-06-19,1,1,0,0,0,0,0,1,1,1,1,1,1
UIB,2025-06-25,0,1,0,0,0,0,0,0,1,0,1,1,1
UIB,2025-06-27,0,1,0,0,0,0,0,0,1,0,1,1,1
UIB,2025-07-02,0,1,0,0,0,0,0,0,1,1,1,1,1
UIB,2025-07-03,1,1,0,0,0,0,0,0,1,0,1,1,1
UIB,2025-07-04,1,1,0,0,0,0,0,1,1,1,1,1,1
UIB,2025-07-09,0,1,0,0,0,0,0,1,1,0,1,1,1
UIB,2025-07-10,0,1,0,0,0,0,0,0,0,0,1,1,1
UIB,2025-07-11,0,1,0,0,0,0,0,1,1,1,1,1,1
UIB,2025-07-16,0,1,0,0,1,0,0,0,0,0,1,1,1
UIB,2025-07-17,0,1,0,1,1,1,0,0,0,0,1,1,1
UIB,2025-07-18,1,1,0,1,0,1,0,1,1,1,1,1,1
UIB,2025-07-23,1,1,0,0,0,1,0,1,1,1,1,1,1
UIB,2025-07-24,0,1,0,0,0,0,0,0,1,1,1,1,1
UIB,2025-07-30,0,1,0,0,1,0,0,0,0,0,1,1,1
UIB,2025-07-31,0,1,0,1,1,1,0,0,0,0,1,1,1
UIB,2025-08-01,1,1,0,1,1,1,0,0,0,0,1,1,1
UIB,2025-08-06,1,1,0,1,0,0,0,1,0,1,1,1,1
UIB,2025-08-08,1,1,0,0,1,1,0,0,0,0,1,1,1
UIB,2025-08-14,0,1,0,1,1,1,0,0,0,0,1,1,1
UIB,2025-08-15,0,1,0,1,1,0,0,0,0,0,1,1,1
UIB,2025-08-20,0,1,0,1,1,0,0,0,0,0,1,1,1
UIB,2025-08-21,0,1,0,1,1,1,0,0,0,0,1,1,1
UIB,2025-08-22,0,1,0,1,1,0,0,0,0,0,1,1,1
UIB,2025-08-27,0,1,0,1,0,1,0,1,0,1,1,1,1
UIB,2025-08-28,0,1,0,0,0,0,0,1,1,1,1,1,1
UIB,2025-09-03,0,1,0,0,0,1,0,1,1,1,1,1,1
UIB,2025-09-05,1,1,0,0,0,1,0,1,1,1,1,1,1
UIB,2025-09-10,1,1,0,0,0,0,0,0,0,0,1,1,1
UIB,2025-09-11,1,1,0,0,0,0,0,0,0,0,1,1,1
UIB,2025-09-17,1,1,0,0,0,0,0,0,0,0,1,1,1
UIB,2025-09-18,1,1,0,0,0,0,0,0,0,0,1,1,1
UIB,2025-09-19,1,1,0,0,1,0,0,0,0,0,1,1,1
UIB,2025-09-24,0,1,0,1,1,1,0,0,0,0,1,1,1
UIB,2025-09-25,1,1,0,1,1,0,0,0,0,0,1,1,1
UIB,2025-09-26,1,1,0,1,1,0,0,0,0,0,1,1,1
UIB,2025-10-01,1,1,0,1,1,0,0,0,0,0,1,1,1
UIB,2025-10-02,1,1,0,1,1,0,0,0,0,0,1,1,1
UIB,2025-10-03,1,1,0,1,1,0,0,0,0,0,1,1,1
UIB,2025-10-08,1,1,0,1,1,0,0,1,0,0,1,1,1
UIB,2025-10-10,1,1,0,1,1,1,0,1,0,1,1,1,1
UIB,2025-10-16,1,1,0,1,1,0,0,0,0,0,1,1,1
UIB,2025-10-17,1,1,0,1,1,0,0,0,0,0,1,1,1
UIB,2025-10-22,1,1,0,1,1,0,0,1,0,0,1,1,1
UIB,2025-10-23,0,1,0,1,1,1,0,1,0,0,1,1,1
UIB,2025-10-24,0,1,0,1,1,1,0,1,0,0,1,1,1
UIB,2025-10-29,0,1,0,1,1,0,0,1,0,0,1,1,0
UIB,2025-10-30,0,1,0,1,1,0,0,1,0,0,1,1,1
UIB,2025-10-31,0,1,0,1,1,0,0,1,0,0,1,1,0
UIB,2025-11-05,1,1,0,1,0,0,0,1,0,1,1,1,0
UIB,2025-11-06,1,1,0,1,0,0,0,1,0,0,1,1,0
UIB,2025-11-07,1,1,0,0,0,0,0,1,0,1,1,1,0
UIB,2025-11-12,0,1,0,0,1,1,0,0,0,0,1,1,0
UIB,2025-11-13,0,1,0,0,1,0,0,0,0,0,1,1,0
UIB,2025-11-19,0,1,0,1,1,0,0,0,0,0,1,1,1
UIB,2025-11-20,0,1,0,1,0,0,0,0,0,0,1,1,1
UIB,2025-11-21,0,1,0,1,0,0,0,0,0,0,1,1,1
UIB,2025-11-26,0,1,0,0,0,0,0,0,0,0,1,1,1
UIB,2025-11-27,0,1,0,0,0,0,0,0,0,0,1,1,1
UIB,2025-11-28,1,1,0,0,0,0,0,1,0,0,1,1,1
UIB,2025-12-03,0,1,0,0,0,0,0,0,0,0,1,1,1
UIB,2025-12-04,0,1,0,0,1,0,0,0,0,0,1,1,1
UNIMED,2025-01-22,0,1,0,1,1,0,0,1,1,0,0,0,1
UNIMED,2025-01-23,0,1,0,1,1,1,0,1,1,0,0,0,1
UNIMED,2025-01-24,0,1,0,1,1,1,1,1,1,1,0,0,1
UNIMED,2025-01-29,0,1,0,1,1,1,1,1,1,0,0,0,1
UNIMED,2025-01-30,1,1,0,1,0,1,1,1,1,0,0,0,1
UNIMED,2025-02-05,0,1,0,0,0,1,1,1,1,0,0,0,1
UNIMED,2025-02-06,0,1,0,0,0,1,0,1,1,0,0,0,1
UNIMED,2025-02-07,0,1,0,0,0,1,0,1,1,0,0,0,1
UNIMED,2025-02-12,0,1,0,0,0,1,0,1,0,0,0,0,1
UNIMED,2025-02-13,0,1,0,0,0,1,0,1,0,0,0,0,1
UNIMED,2025-02-14,0,1,0,0,0,1,0,1,1,0,0,0,1
UNIMED,2025-02-19,1,1,0,0,0,1,1,1,0,0,0,0,1
UNIMED,2025-02-20,1,1,0,0,0,1,0,0,0,0,0,0,1
UNIMED,2025-02-21,1,1,0,0,0,1,0,0,0,0,0,0,1
UNIMED,2025-02-26,1,1,0,0,0,1,1,1,0,0,0,0,1
UNIMED,2025-02-27,1,1,0,0,1,1,1,1,0,1,0,0,1
UNIMED,2025-02-28,1,1,0,1,1,1,1,1,0,0,0,0,1
UNIMED,2025-03-05,1,1,0,1,1,1,1,1,1,0,0,0,1
UNIMED,2025-03-06,1,1,0,1,1,1,1,1,1,0,0,0,1
UNIMED,2025-03-07,1,1,0,1,1,1,1,1,1,1,0,0,1
UNIMED,2025-03-12,1,1,0,1,1,1,1,1,1,1,0,0,1
UNIMED,2025-03-13,1,1,0,1,1,1,0,1,1,1,0,0,1
UNIMED,2025-03-19,1,1,0,1,1,1,1,1,1,1,0,0,1
UNIMED,2025-03-21,1,1,0,1,1,1,1,1,1,1,0,0,1
UNIMED,2025-03-27,0,1,0,1,1,1,0,1,1,1,0,0,1
UNIMED,2025-03-28,0,1,0,1,1,1,1,1,1,1,0,0,1
UNIMED,2025-04-02,0,1,0,1,1,1,1,1,1,0,0,0,1
UNIMED,2025-04-04,0,1,0,1,1,1,1,1,1,1,0,0,1
UNIMED,2025-04-10,0,1,0,1,0,1,1,1,1,1,0,0,1
UNIMED,2025-04-11,0,1,0,0,0,1,1,1,1,1,0,0,1
UNIMED,2025-04-16,0,1,0,0,0,1,1,1,1,0,0,0,1
UNIMED,2025-04-17,0,1,0,0,0,1,1,1,1,1,0,0,1
UNIMED,2025-04-18,0,1,0,0,0,1,1,0,1,0,0,0,1
UNIMED,2025-04-23,0,1,0,0,0,1,1,1,1,0,0,0,1
UNIMED,2025-04-24,1,1,0,0,0,1,1,1,1,1,0,0,1
UNIMED,2025-05-02,1,1,0,0,0,1,0,0,1,1,0,0,1
UNIMED,2025-05-07,0,1,0,1,1,0,0,1,0,1,0,0,1
UNIMED,2025-05-08,0,1,0,1,1,1,0,0,0,1,0,0,1
UNIMED,2025-05-14,0,1,0,1,1,1,0,1,0,1,0,0,1
UNIMED,2025-05-15,1,1,0,1,1,1,0,1,0,1,0,0,1
UNIMED,2025-05-16,1,1,0,1,1,0,0,1,0,0,0,0,1
UNIMED,2025-05-21,0,1,0,1,1,1,0,0,0,1,0,0,1
UNIMED,2025-05-22,0,1,0,1,1,1,0,1,0,1,0,0,1
UNIMED,2025-05-23,1,1,0,1,1,1,0,1,0,1,0,0,1
UNIMED,2025-05-28,0,1,0,1,1,1,1,1,0,0,0,0,1
UNIMED,2025-05-29,0,1,0,1,1,1,1,1,0,1,0,0,1
UNIMED,2025-05-30,0,1,0,1,0,1,1,1,0,0,0,0,1
UNIMED,2025-06-04,0,1,0,0,0,1,1,1,1,1,0,0,1
UNIMED,2025-06-05,0,1,0,0,0,1,0,1,0,0,0,0,1
UNIMED,2025-06-11,1,1,0,0,0,1,0,1,1,0,0,0,1
UNIMED,2025-06-12,1,1,0,0,0,0,0,1,1,0,0,0,1
UNIMED,2025-06-13,1,1,0,0,0,1,1,1,1,1,0,0,1
UNIMED,2025-06-18,1,1,0,0,1,0,1,1,1,0,0,0,1
UNIMED,2025-06-19,1,1,0,0,1,1,0,1,1,1,0,0,1
UNIMED,2025-06-25,1,1,0,1,1,1,0,1,1,1,0,0,1
UNIMED,2025-06-27,1,1,0,1,1,1,0,1,1,1,0,0,1
UNIMED,2025-07-02,1,1,0,1,1,1,0,1,1,1,0,0,1
UNIMED,2025-07-03,1,1,0,1,1,1,1,1,1,1,0,0,1
UNIMED,2025-07-04,1,1,0,1,1,1,0,1,1,1,0,0,1
UNIMED,2025-07-09,1,1,0,1,1,1,0,1,0,1,0,0,1
UNIMED,2025-07-10,1,1,0,1,1,1,0,1,0,1,0,0,1
UNIMED,2025-07-11,1,1,0,1,1,1,0,1,0,1,0,0,1
UNIMED,2025-07-16,1,1,0,1,1,1,0,0,0,0,0,0,1
UNIMED,2025-07-17,1,1,0,1,1,1,0,1,0,1,0,0,1
UNIMED,2025-07-18,1,1,0,1,1,1,0,1,0,0,0,0,1
UNIMED,2025-07-23,1,1,0,1,1,0,0,1,0,0,0,0,1
UNIMED,2025-07-24,1,1,0,1,1,0,0,1,0,1,0,0,1
UNIMED,2025-07-30,1,1,0,1,1,0,0,1,0,1,0,0,1
UNIMED,2025-07-31,1,1,0,1,1,0,0,1,0,1,0,0,1
UNIMED,2025-08-01,1,1,0,1,1,1,0,0,0,1,0,0,1
UNIMED,2025-08-06,0,1,0,1,1,0,0,0,0,1,0,0,1
UNIMED,2025-08-08,0,1,0,1,1,1,0,0,0,0,0,0,1
UNIMED,2025-08-14,0,1,0,1,1,1,0,1,1,1,0,0,1
UNIMED,2025-08-15,0,1,0,1,1,1,0,0,1,1,0,0,1
UNIMED,2025-08-20,0,1,0,0,0,1,0,0,1,1,0,0,1
UNIMED,2025-08-21,0,1,0,0,0,1,1,1,1,1,0,0,1
UNIMED,2025-08-22,0,1,0,0,0,1,0,1,1,1,0,0,1
UNIMED,2025-08-27,0,1,0,0,0,1,0,1,1,1,0,0,1
UNIMED,2025-08-28,0,1,0,0,0,1,0,1,1,1,0,0,1
UNIMED,2025-09-03,0,1,0,0,0,1,0,1,0,1,0,0,1
UNIMED,2025-09-05,0,1,0,0,0,1,0,1,0,1,0,0,1
UNIMED,2025-09-10,1,1,0,0,0,1,0,1,1,1,0,0,1
UNIMED,2025-09-11,1,1,0,0,0,1,0,0,0,1,0,0,1
UNIMED,2025-09-17,0,1,0,0,1,1,0,0,0,1,0,0,1
UNIMED,2025-09-18,0,1,0,0,1,1,0,1,0,1,0,0,1
UNIMED,2025-09-19,0,1,0,0,1,1,0,0,0,1,0,0,1
UNIMED,2025-09-24,0,1,0,1,1,1,0,1,0,1,0,0,1
UNIMED,2025-09-25,0,1,0,1,0,1,0,1,1,1,0,0,1
UNIMED,2025-09-26,0,1,0,1,0,1,0,1,1,1,0,0,1
UNIMED,2025-10-01,0,1,0,0,0,0,0,1,1,1,0,0,1
UNIMED,2025-10-02,0,1,0,0,0,1,1,1,1,1,0,0,1
UNIMED,2025-10-03,0,1,0,0,0,1,0,1,1,1,0,0,1
UNIMED,2025-10-08,0,1,0,0,0,1,0,1,1,1,0,0,1
UNIMED,2025-10-10,0,1,0,0,0,0,1,1,1,1,0,0,1
UNIMED,2025-10-16,0,1,0,0,0,1,0,1,1,1,0,0,1
UNIMED,2025-10-17,1,1,0,0,0,1,1,1,1,1,0,0,1
UNIMED,2025-10-22,1,1,0,0,0,1,0,1,1,1,0,0,1
UNIMED,2025-10-23,1,1,0,0,0,1,0,1,1,1,0,0,1
UNIMED,2025-10-24,0,1,0,0,0,1,0,1,0,1,0,0,1
UNIMED,2025-10-29,0,1,0,0,0,1,0,0,0,1,0,0,1
UNIMED,2025-10-30,0,1,0,0,0,0,0,0,0,0,0,0,1
UNIMED,2025-10-31,0,1,0,0,0,1,0,1,0,0,0,0,1
UNIMED,2025-11-05,0,1,0,0,0,1,0,1,1,1,0,0,1
UNIMED,2025-11-06,1,1,0,0,0,1,0,0,1,0,0,0,1
UNIMED,2025-11-07,1,1,0,0,0,1,0,0,0,0,0,0,1
UNIMED,2025-11-12,1,1,0,0,0,1,0,0,0,0,0,0,1
UNIMED,2025-11-13,1,1,0,0,0,1,0,0,0,0,0,0,1
UNIMED,2025-11-19,0,1,0,1,1,0,0,0,0,0,0,0,1
UNIMED,2025-11-20,0,1,0,1,1,0,0,0,0,0,0,0,1
UNIMED,2025-11-21,1,1,0,1,1,0,0,0,0,0,0,0,1
UNIMED,2025-11-26,1,1,0,1,1,1,0,1,1,1,0,0,1
UNIMED,2025-11-27,1,1,0,1,1,1,0,1,1,1,0,0,1
UNIMED,2025-11-28,1,1,0,1,1,0,0,1,1,0,0,0,1
UNIMED,2025-12-03,1,1,0,1,1,0,0,1,1,1,0,0,1
UNIMED,2025-12-04,0,1,0,1,1,0,1,1,1,1,0,0,1
ATELIER MEUBLE INT,2025-01-22,0,1,0,1,1,0,0,0,0,0,0,0,1
ATELIER MEUBLE INT,2025-01-23,0,1,0,1,0,0,0,0,0,0,0,0,1
ATELIER MEUBLE INT,2025-01-24,1,1,0,1,0,0,0,0,0,0,0,0,1
ATELIER MEUBLE INT,2025-01-29,1,1,0,0,0,0,0,0,0,0,0,0,1
ATELIER MEUBLE INT,2025-01-30,1,1,0,0,0,0,0,0,0,0,0,0,1
ATELIER MEUBLE INT,2025-02-05,0,1,0,0,1,0,0,0,0,0,0,0,1
ATELIER MEUBLE INT,2025-02-06,0,1,0,0,1,0,0,0,0,0,0,0,1
ATELIER MEUBLE INT,2025-02-07,1,1,0,0,0,0,0,0,0,0,0,0,1
ATELIER MEUBLE INT,2025-02-12,1,1,0,0,0,0,0,0,0,0,0,0,1
ATELIER MEUBLE INT,2025-02-13,0,1,0,0,0,0,0,0,0,0,0,0,1
ATELIER MEUBLE INT,2025-02-14,1,1,0,0,0,0,0,0,0,0,0,0,1
ATELIER MEUBLE INT,2025-02-19,1,1,0,1,1,0,0,0,0,0,0,0,1
ATELIER MEUBLE INT,2025-02-20,1,1,0,1,1,0,0,0,0,0,0,0,1
ATELIER MEUBLE INT,2025-02-21,1,1,0,1,1,0,0,0,0,0,0,0,1
ATELIER MEUBLE INT,2025-02-26,1,1,0,1,1,0,0,0,0,0,0,0,1
ATELIER MEUBLE INT,2025-02-27,0,1,0,1,1,0,0,0,0,0,0,0,1
ATELIER MEUBLE INT,2025-02-28,0,1,0,1,1,0,0,0,0,0,0,0,1
ATELIER MEUBLE INT,2025-03-05,1,1,0,1,1,0,0,0,0,0,0,0,1
ATELIER MEUBLE INT,2025-03-06,1,1,0,1,1,1,0,0,0,0,0,0,1
ATELIER MEUBLE INT,2025-03-07,1,1,0,1,1,1,0,0,0,0,0,0,1
ATELIER MEUBLE INT,2025-03-12,1,1,0,1,1,0,0,0,0,0,0,0,1
ATELIER MEUBLE INT,2025-03-13,1,1,0,1,1,0,0,0,0,0,0,0,1
ATELIER MEUBLE INT,2025-03-19,0,1,0,1,1,0,0,0,0,0,0,0,1
ATELIER MEUBLE INT,2025-03-21,0,1,0,1,1,0,0,0,0,0,0,0,1
ATELIER MEUBLE INT,2025-03-27,0,1,0,1,1,0,0,0,0,0,0,0,0
ATELIER MEUBLE INT,2025-03-28,0,1,0,1,0,0,0,0,0,0,0,0,0
ATELIER MEUBLE INT,2025-04-02,0,1,0,1,1,0,1,0,0,0,0,0,1
ATELIER MEUBLE INT,2025-04-04,0,1,0,1,1,0,0,0,0,0,0,0,1
ATELIER MEUBLE INT,2025-04-10,0,1,0,0,0,1,0,0,0,0,0,0,1
ATELIER MEUBLE INT,2025-04-11,1,1,0,0,0,1,0,0,0,0,0,0,1
ATELIER MEUBLE INT,2025-04-16,0,1,0,0,0,0,0,0,0,0,0,0,1
ATELIER MEUBLE INT,2025-04-17,0,1,0,0,0,0,0,0,0,0,0,0,1
ATELIER MEUBLE INT,2025-04-18,0,1,0,0,1,0,0,0,0,0,0,0,1
ATELIER MEUBLE INT,2025-04-23,0,1,0,0,0,0,0,0,0,0,0,0,1
ATELIER MEUBLE INT,2025-04-24,0,1,0,0,0,0,0,0,0,0,0,0,1
ATELIER MEUBLE INT,2025-05-02,0,1,0,0,0,0,0,0,0,0,0,0,1
ATELIER MEUBLE INT,2025-05-07,0,1,0,0,0,0,0,0,0,0,0,0,1
ATELIER MEUBLE INT,2025-05-08,0,1,0,0,0,0,0,0,0,0,0,0,1
ATELIER MEUBLE INT,2025-05-14,0,1,0,0,0,0,0,0,0,0,0,0,1
ATELIER MEUBLE INT,2025-05-15,0,1,0,0,0,0,0,0,0,0,0,0,1
ATELIER MEUBLE INT,2025-05-16,0,1,0,0,0,0,0,0,0,0,0,0,1
ATELIER MEUBLE INT,2025-05-21,0,1,0,0,0,0,0,0,0,0,0,0,1
ATELIER MEUBLE INT,2025-05-22,0,1,0,0,0,0,0,0,0,0,0,0,1
ATELIER MEUBLE INT,2025-05-23,0,1,0,0,0,0,0,0,0,0,0,0,1
ATELIER MEUBLE INT,2025-05-28,0,1,0,0,0,0,0,0,0,0,0,0,1
ATELIER MEUBLE INT,2025-05-29,0,1,0,0,0,0,0,0,0,0,0,0,1
ATELIER MEUBLE INT,2025-05-30,0,1,0,0,0,0,0,0,0,0,0,0,1
ATELIER MEUBLE INT,2025-06-04,1,1,0,0,0,0,0,0,0,0,0,0,1
ATELIER MEUBLE INT,2025-06-05,1,1,0,0,0,0,0,0,0,0,0,0,1
ATELIER MEUBLE INT,2025-06-11,0,1,0,0,0,0,0,0,0,0,0,0,1
ATELIER MEUBLE INT,2025-06-12,0,1,0,0,1,0,0,0,0,0,0,0,1
ATELIER MEUBLE INT,2025-06-13,1,1,0,0,0,0,0,0,0,0,0,0,1
ATELIER MEUBLE INT,2025-06-18,0,1,0,0,1,0,0,0,0,0,0,0,1
ATELIER MEUBLE INT,2025-06-19,0,1,0,0,1,0,0,0,0,0,0,0,1
ATELIER MEUBLE INT,2025-06-25,1,1,0,1,1,0,0,0,0,0,0,0,1
ATELIER MEUBLE INT,2025-06-27,1,1,0,1,1,0,0,0,0,0,0,0,1
ATELIER MEUBLE INT,2025-07-02,1,1,0,1,1,0,0,0,0,0,0,0,1
ATELIER MEUBLE INT,2025-07-03,0,1,0,1,1,0,0,0,0,0,0,0,1
ATELIER MEUBLE INT,2025-07-04,1,1,0,1,1,0,0,0,0,0,0,0,1
ATELIER MEUBLE INT,2025-07-09,1,1,0,1,1,0,0,0,0,0,0,0,1
ATELIER MEUBLE INT,2025-07-10,1,1,0,1,1,0,0,0,0,0,0,0,1
ATELIER MEUBLE INT,2025-07-11,1,1,0,1,1,0,0,0,0,0,0,0,1
ATELIER MEUBLE INT,2025-07-16,1,1,0,1,1,0,0,0,0,0,0,0,1
ATELIER MEUBLE INT,2025-07-17,1,1,0,1,1,0,1,0,0,0,0,0,1
ATELIER MEUBLE INT,2025-07-18,0,1,0,1,1,0,0,0,0,0,0,0,1
ATELIER MEUBLE INT,2025-07-23,1,1,0,1,1,0,0,0,0,0,0,0,1
ATELIER MEUBLE INT,2025-07-24,1,1,0,1,1,0,0,0,0,0,0,0,1
ATELIER MEUBLE INT,2025-07-30,1,1,0,1,1,0,0,0,0,0,0,0,1
ATELIER MEUBLE INT,2025-07-31,1,1,0,1,1,0,0,0,0,0,0,0,1
ATELIER MEUBLE INT,2025-08-01,1,1,0,1,1,0,0,0,0,0,0,0,1
ATELIER MEUBLE INT,2025-08-06,0,1,0,1,1,0,0,0,0,0,0,0,1
ATELIER MEUBLE INT,2025-08-08,0,1,0,1,1,0,0,0,0,0,0,0,1
ATELIER MEUBLE INT,2025-08-14,0,1,0,1,1,0,0,0,0,0,0,0,1
ATELIER MEUBLE INT,2025-08-15,1,1,0,1,1,0,0,0,0,0,0,0,1
ATELIER MEUBLE INT,2025-08-20,0,1,0,1,1,0,0,0,0,0,0,0,1
ATELIER MEUBLE INT,2025-08-21,0,1,0,1,0,0,0,0,0,0,0,0,1
ATELIER MEUBLE INT,2025-08-22,0,1,0,0,0,0,0,0,0,0,0,0,1
ATELIER MEUBLE INT,2025-08-27,0,1,0,0,1,0,0,0,0,0,0,0,1
ATELIER MEUBLE INT,2025-08-28,0,1,0,1,1,0,0,0,0,0,0,0,1
ATELIER MEUBLE INT,2025-09-03,0,1,0,0,0,0,0,0,0,0,0,0,0
ATELIER MEUBLE INT,2025-09-05,0,1,0,0,0,0,0,0,0,0,0,0,0
ATELIER MEUBLE INT,2025-09-10,0,1,0,0,0,0,0,0,0,0,0,0,0
ATELIER MEUBLE INT,2025-09-11,0,1,0,0,0,0,0,0,0,0,0,0,0
ATELIER MEUBLE INT,2025-09-17,0,1,0,0,0,0,0,0,0,0,0,0,0
ATELIER MEUBLE INT,2025-09-18,0,1,0,0,0,0,0,0,1,0,0,0,0
ATELIER MEUBLE INT,2025-09-19,1,1,0,0,0,0,0,0,0,0,0,0,0
ATELIER MEUBLE INT,2025-09-24,0,1,0,0,0,0,0,0,0,0,0,0,0
ATELIER MEUBLE INT,2025-09-25,0,1,0,0,0,0,0,0,0,0,0,0,0
ATELIER MEUBLE INT,2025-09-26,0,1,0,0,0,0,0,0,0,0,0,0,0
ATELIER MEUBLE INT,2025-10-01,1,1,0,0,0,0,0,0,0,0,0,0,0
ATELIER MEUBLE INT,2025-10-02,1,1,0,0,0,0,0,0,0,0,0,0,0
ATELIER MEUBLE INT,2025-10-03,1,1,0,0,0,0,0,0,0,0,0,0,0
ATELIER MEUBLE INT,2025-10-08,1,1,0,0,0,0,0,0,0,0,0,0,0
ATELIER MEUBLE INT,2025-10-10,0,1,0,0,0,0,0,0,0,0,0,0,0
ATELIER MEUBLE INT,2025-10-16,0,1,0,1,1,0,0,0,0,0,0,0,0
ATELIER MEUBLE INT,2025-10-17,0,1,0,1,1,0,0,0,0,0,0,0,0
ATELIER MEUBLE INT,2025-10-22,0,1,0,1,1,0,0,0,0,0,0,0,1
ATELIER MEUBLE INT,2025-10-23,1,1,0,0,0,0,0,0,1,0,0,0,1
ATELIER MEUBLE INT,2025-10-24,1,1,0,0,0,0,0,0,1,0,0,0,1
ATELIER MEUBLE INT,2025-10-29,1,1,0,0,0,0,0,0,0,0,0,0,1
ATELIER MEUBLE INT,2025-10-30,0,1,0,0,0,0,0,0,0,0,0,0,1
ATELIER MEUBLE INT,2025-10-31,1,1,0,0,0,0,0,0,0,0,0,0,1
ATELIER MEUBLE INT,2025-11-05,0,1,0,0,0,0,0,0,0,0,0,0,1
ATELIER MEUBLE INT,2025-11-06,1,1,0,0,0,0,0,0,0,0,0,0,1
ATELIER MEUBLE INT,2025-11-07,1,1,0,0,0,0,0,0,0,0,0,0,1
ATELIER MEUBLE INT,2025-11-12,1,1,0,0,0,0,0,0,0,0,0,0,1
ATELIER MEUBLE INT,2025-11-13,0,1,0,0,0,0,0,0,0,0,0,0,1
ATELIER MEUBLE INT,2025-11-19,0,1,0,1,1,0,0,0,0,0,0,0,1
ATELIER MEUBLE INT,2025-11-20,0,1,0,1,1,0,0,0,0,0,0,0,1
ATELIER MEUBLE INT,2025-11-21,0,1,0,1,1,0,0,0,0,0,0,0,1
ATELIER MEUBLE INT,2025-11-26,0,1,0,0,0,0,0,0,0,0,0,0,1
ATELIER MEUBLE INT,2025-11-27,0,1,0,0,0,0,0,0,0,0,0,0,1
ATELIER MEUBLE INT,2025-11-28,0,1,0,0,0,1,0,0,0,0,0,0,1
ATELIER MEUBLE INT,2025-12-03,0,1,0,0,0,0,0,0,0,0,0,0,0
ATELIER MEUBLE INT,2025-12-04,0,1,0,0,0,1,0,0,0,0,0,0,0
ATL,2025-01-22,1,1,0,1,1,0,0,0,0,0,1,1,1
ATL,2025-01-23,1,1,0,1,1,1,0,0,0,1,1,1,1
ATL,2025-01-24,0,1,0,1,1,1,0,0,0,0,1,1,1
ATL,2025-01-29,0,1,0,1,1,0,0,0,0,0,1,1,0
ATL,2025-01-30,0,1,0,1,1,0,0,0,0,0,1,1,0
ATL,2025-02-05,1,1,0,1,1,1,0,0,0,0,1,1,0
ATL,2025-02-06,1,1,0,1,1,0,0,0,0,0,1,1,0
ATL,2025-02-07,1,1,0,1,1,1,0,0,0,0,1,1,0
ATL,2025-02-12,0,1,0,1,1,1,0,0,0,0,1,1,0
ATL,2025-02-13,0,1,0,1,1,0,0,0,0,0,1,1,0
ATL,2025-02-14,0,1,0,1,1,1,0,0,0,0,1,1,0
ATL,2025-02-19,0,1,0,1,1,0,0,0,0,0,1,1,0
ATL,2025-02-20,0,1,0,1,1,0,0,0,0,0,1,1,0
ATL,2025-02-21,0,1,0,1,0,1,0,0,0,0,1,1,0
ATL,2025-02-26,1,1,0,0,1,0,0,0,0,0,1,1,1
ATL,2025-02-27,1,1,0,0,0,1,0,0,0,1,1,1,1
ATL,2025-02-28,0,1,0,0,1,0,0,0,0,0,1,1,1
ATL,2025-03-05,1,1,0,0,0,0,0,0,0,0,1,1,1
ATL,2025-03-06,0,1,0,0,1,0,0,0,0,0,1,1,1
ATL,2025-03-07,0,1,0,0,1,0,0,0,0,0,1,1,1
ATL,2025-03-12,0,1,0,0,0,0,0,0,0,0,1,1,1
ATL,2025-03-13,0,1,0,0,0,1,0,0,0,0,1,1,1
ATL,2025-03-19,1,1,0,0,0,0,0,0,0,0,1,1,1
ATL,2025-03-21,1,1,0,0,0,0,0,0,0,0,1,1,1
ATL,2025-03-27,1,1,0,0,0,0,0,0,0,0,1,1,1
ATL,2025-03-28,1,1,0,0,0,0,0,0,0,0,1,1,1
ATL,2025-04-02,1,1,0,0,1,0,0,0,0,0,1,1,1
ATL,2025-04-04,1,1,0,1,1,0,0,0,0,0,1,1,1
ATL,2025-04-10,0,1,0,1,1,0,0,0,0,0,1,1,1
ATL,2025-04-11,1,1,0,1,1,0,0,0,0,0,1,1,1
ATL,2025-04-16,1,1,0,1,1,0,0,0,0,0,1,1,1
ATL,2025-04-17,1,1,0,1,1,1,0,0,0,0,1,1,1
ATL,2025-04-18,1,1,0,1,1,0,0,0,0,0,1,1,1
ATL,2025-04-23,0,1,0,1,1,0,0,0,0,0,1,1,1
ATL,2025-04-24,0,1,0,1,1,1,0,0,0,0,1,1,1
ATL,2025-05-02,1,1,0,1,1,0,0,0,0,0,1,1,1
ATL,2025-05-07,1,1,0,0,0,0,0,0,0,0,1,1,1
ATL,2025-05-08,1,1,0,0,0,1,0,0,0,0,1,1,1
ATL,2025-05-14,1,1,0,0,0,0,0,0,0,0,1,1,1
ATL,2025-05-15,1,1,0,1,1,0,0,0,0,0,1,1,1
ATL,2025-05-16,1,1,0,1,1,1,0,0,0,0,1,1,1
ATL,2025-05-21,1,1,0,1,1,0,0,0,0,0,1,1,1
ATL,2025-05-22,1,1,0,1,1,0,0,0,0,0,1,1,1
ATL,2025-05-23,1,1,0,1,1,0,0,0,0,0,1,1,1
ATL,2025-05-28,1,1,0,1,1,0,0,0,0,0,1,1,1
ATL,2025-05-29,1,1,0,1,1,1,0,0,0,0,1,1,1
ATL,2025-05-30,1,1,0,1,1,0,0,0,0,0,1,1,1
ATL,2025-06-04,0,1,0,1,1,1,0,0,0,0,1,1,1
ATL,2025-06-05,0,1,0,1,1,1,0,0,0,0,1,1,1
ATL,2025-06-11,0,1,0,1,1,1,0,0,0,0,1,1,0
ATL,2025-06-12,0,1,0,1,1,1,0,0,0,0,1,1,0
ATL,2025-06-13,0,1,0,1,1,0,0,0,0,0,1,1,0
ATL,2025-06-18,1,1,0,1,1,0,0,0,0,0,1,1,0
ATL,2025-06-19,1,1,0,1,1,0,0,0,0,0,1,1,0
ATL,2025-06-25,0,1,0,1,1,1,0,0,0,0,1,1,0
ATL,2025-06-27,0,1,0,1,1,0,0,0,0,0,1,1,0
ATL,2025-07-02,0,1,0,1,1,1,0,0,0,0,1,1,0
ATL,2025-07-03,0,1,0,1,1,1,0,0,0,0,1,1,0
ATL,2025-07-04,1,1,0,1,1,0,0,0,0,0,1,1,0
ATL,2025-07-09,1,1,0,1,1,0,0,0,0,0,1,1,1
ATL,2025-07-10,1,1,0,1,0,0,0,0,0,0,1,1,1
ATL,2025-07-11,1,1,0,1,0,0,0,0,0,0,1,1,1
ATL,2025-07-16,1,1,0,0,1,0,0,0,0,0,1,1,1
ATL,2025-07-17,0,1,0,0,1,0,0,0,0,0,1,1,1
ATL,2025-07-18,0,1,0,1,1,0,0,0,0,0,1,1,1
ATL,2025-07-23,0,1,0,0,0,0,0,0,0,0,1,1,1
ATL,2025-07-24,0,1,0,1,1,0,0,0,0,0,1,1,1
ATL,2025-07-30,0,1,0,1,1,0,0,0,0,0,1,1,1
ATL,2025-07-31,0,1,0,1,1,0,0,0,0,0,1,1,1
ATL,2025-08-01,0,1,0,1,1,0,0,0,0,0,1,1,1
ATL,2025-08-06,0,1,0,1,1,0,0,0,0,0,1,1,1
ATL,2025-08-08,0,1,0,0,0,0,0,0,0,0,1,1,1
ATL,2025-08-14,0,1,0,0,0,0,0,0,0,0,1,1,1
ATL,2025-08-15,1,1,0,0,0,0,0,0,0,0,1,1,1
ATL,2025-08-20,1,1,0,0,0,0,0,0,0,0,1,1,1
ATL,2025-08-21,1,1,0,0,0,0,0,0,0,0,1,1,1
ATL,2025-08-22,1,1,0,0,1,0,0,0,0,0,1,1,1
ATL,2025-08-27,1,1,0,1,1,0,0,0,0,0,1,1,1
ATL,2025-08-28,1,1,0,1,1,1,0,0,0,0,1,1,1
ATL,2025-09-03,0,1,0,1,1,0,0,0,0,0,1,1,1
ATL,2025-09-05,0,1,0,1,1,0,0,0,0,0,1,1,1
ATL,2025-09-10,1,1,0,1,1,0,0,0,0,0,1,1,1
ATL,2025-09-11,1,1,0,1,1,0,0,0,0,0,1,1,1
ATL,2025-09-17,1,1,0,1,1,0,0,0,0,0,1,1,1
ATL,2025-09-18,0,1,0,1,1,0,0,0,0,0,1,1,1
ATL,2025-09-19,0,1,0,1,1,0,0,0,0,0,1,1,1
ATL,2025-09-24,0,1,0,1,1,0,0,0,0,0,1,1,1
ATL,2025-09-25,0,1,0,1,1,0,0,0,0,0,1,1,1
ATL,2025-09-26,0,1,0,1,1,0,0,0,0,0,1,1,0
ATL,2025-10-01,0,1,0,1,1,0,0,0,0,0,1,1,1
ATL,2025-10-02,0,1,0,1,1,0,0,0,0,0,1,1,1
ATL,2025-10-03,0,1,0,0,0,0,0,0,0,0,1,1,1
ATL,2025-10-08,0,1,0,0,0,0,0,0,0,0,1,1,1
ATL,2025-10-10,0,1,0,0,0,0,0,0,0,0,1,1,1
ATL,2025-10-16,1,1,0,0,0,0,0,0,0,0,1,1,1
ATL,2025-10-17,0,1,0,0,0,0,0,0,0,0,1,1,1
ATL,2025-10-22,0,1,0,0,0,0,0,0,0,0,1,1,1
ATL,2025-10-23,0,1,0,0,0,0,0,0,0,0,1,1,1
ATL,2025-10-24,0,1,0,0,0,0,0,0,0,0,1,1,1
ATL,2025-10-29,0,1,0,0,0,0,0,0,0,0,1,1,1
ATL,2025-10-30,0,1,0,0,0,0,0,0,0,0,1,1,1
ATL,2025-10-31,0,1,0,0,0,0,0,0,0,0,1,1,1
ATL,2025-11-05,0,1,0,0,0,0,0,0,0,0,1,1,1
ATL,2025-11-06,1,1,0,0,0,0,0,0,0,0,1,1,1
ATL,2025-11-07,0,1,0,0,0,0,0,0,0,0,1,1,1
ATL,2025-11-12,0,1,0,0,0,0,0,0,0,0,1,1,1
ATL,2025-11-13,0,1,0,0,0,0,0,0,0,0,1,1,1
ATL,2025-11-19,1,1,0,0,0,0,0,0,0,0,1,1,1
ATL,2025-11-20,1,1,0,0,1,0,0,0,0,0,1,1,1
ATL,2025-11-21,0,1,0,0,0,0,0,0,0,0,1,1,1
ATL,2025-11-26,0,1,0,1,0,0,0,0,0,0,1,1,1
ATL,2025-11-27,0,1,0,1,1,0,0,0,0,0,1,1,1
ATL,2025-11-28,0,1,0,1,1,0,0,0,0,0,1,1,1
ATL,2025-12-03,0,1,0,1,0,0,0,0,0,0,1,1,1
ATL,2025-12-04,1,1,0,1,0,0,0,0,0,0,1,1,1
ATTIJARI BANK,2025-01-22,1,1,0,1,1,0,0,0,0,0,1,1,1
ATTIJARI BANK,2025-01-23,0,1,0,1,1,0,0,0,0,0,1,1,1
ATTIJARI BANK,2025-01-24,0,1,0,1,1,0,0,0,0,0,1,1,1
ATTIJARI BANK,2025-01-29,1,1,0,1,1,0,0,0,0,0,1,1,1
ATTIJARI BANK,2025-01-30,1,1,0,1,1,0,0,0,0,0,1,1,1
ATTIJARI BANK,2025-02-05,1,1,0,1,1,0,0,0,0,0,1,1,1
ATTIJARI BANK,2025-02-06,1,1,0,1,1,0,0,0,0,0,1,1,1
ATTIJARI BANK,2025-02-07,1,1,0,1,1,0,0,0,0,0,1,1,1
ATTIJARI BANK,2025-02-12,1,1,0,1,1,0,0,0,0,0,1,1,1
ATTIJARI BANK,2025-02-13,1,1,0,1,1,0,0,0,0,0,1,1,1
ATTIJARI BANK,2025-02-14,1,1,0,1,1,0,0,0,0,0,1,1,1
ATTIJARI BANK,2025-02-19,1,1,0,1,1,0,0,0,0,0,1,1,1
ATTIJARI BANK,2025-02-20,1,1,0,1,1,0,0,0,0,0,1,1,1
ATTIJARI BANK,2025-02-21,1,1,0,1,1,0,0,0,0,0,1,1,1
ATTIJARI BANK,2025-02-26,0,1,0,1,1,0,0,0,0,0,1,1,1
ATTIJARI BANK,2025-02-27,0,1,0,1,1,0,0,0,0,0,1,1,1
ATTIJARI BANK,2025-02-28,0,1,0,1,1,1,0,0,0,0,1,1,1
ATTIJARI BANK,2025-03-05,0,1,0,1,1,0,0,0,0,0,1,1,1
ATTIJARI BANK,2025-03-06,1,1,0,1,1,0,0,0,0,0,1,1,1
ATTIJARI BANK,2025-03-07,1,1,0,1,1,1,0,0,0,0,1,1,1
ATTIJARI BANK,2025-03-12,0,1,0,1,1,1,0,0,0,0,1,1,1
ATTIJARI BANK,2025-03-13,0,1,0,1,1,0,0,0,0,0,1,1,0
ATTIJARI BANK,2025-03-19,1,1,0,1,1,0,0,0,0,0,1,1,0
ATTIJARI BANK,2025-03-21,1,1,0,1,1,0,0,0,0,0,1,1,0
ATTIJARI BANK,2025-03-27,0,1,0,1,1,0,0,0,0,0,1,1,1
ATTIJARI BANK,2025-03-28,0,1,0,1,1,0,0,0,0,0,1,1,1
ATTIJARI BANK,2025-04-02,0,1,0,1,1,0,0,0,0,0,1,1,1
ATTIJARI BANK,2025-04-04,0,1,0,1,1,0,0,0,0,0,1,1,1
ATTIJARI BANK,2025-04-10,0,1,0,1,0,1,0,0,0,0,1,1,1
ATTIJARI BANK,2025-04-11,0,1,0,0,0,0,0,0,0,0,1,1,1
ATTIJARI BANK,2025-04-16,1,1,0,0,0,0,0,0,0,0,1,1,1
ATTIJARI BANK,2025-04-17,1,1,0,0,0,0,0,0,0,0,1,1,1
ATTIJARI BANK,2025-04-18,1,1,0,0,0,0,0,0,0,0,1,1,1
ATTIJARI BANK,2025-04-23,0,1,0,0,0,0,1,0,0,0,1,1,1
ATTIJARI BANK,2025-04-24,0,1,0,0,0,0,0,0,0,0,1,1,1
ATTIJARI BANK,2025-05-02,1,1,0,0,0,1,0,0,1,1,1,1,1
ATTIJARI BANK,2025-05-07,0,1,0,0,0,0,0,0,0,0,1,1,1
ATTIJARI BANK,2025-05-08,0,1,0,0,0,0,0,0,0,0,1,1,1
ATTIJARI BANK,2025-05-14,0,1,0,0,0,0,0,0,0,0,1,1,0
ATTIJARI BANK,2025-05-15,0,1,0,0,0,0,1,0,0,0,1,1,0
ATTIJARI BANK,2025-05-16,0,1,0,0,0,0,0,0,0,0,1,1,0
ATTIJARI BANK,2025-05-21,0,1,0,0,0,0,0,0,0,0,1,1,0
ATTIJARI BANK,2025-05-22,0,1,0,0,0,0,1,0,0,0,1,1,0
ATTIJARI BANK,2025-05-23,0,1,0,0,0,0,0,0,0,0,1,1,0
ATTIJARI BANK,2025-05-28,0,1,0,0,0,0,0,0,0,0,1,1,0
ATTIJARI BANK,2025-05-29,0,1,0,0,0,0,0,0,0,0,1,1,0
ATTIJARI BANK,2025-05-30,0,1,0,0,0,0,0,0,0,0,1,1,0
ATTIJARI BANK,2025-06-04,0,1,0,0,0,0,0,0,0,0,1,1,0
ATTIJARI BANK,2025-06-05,0,1,0,0,0,0,0,0,0,0,1,1,0
ATTIJARI BANK,2025-06-11,0,1,0,0,0,0,0,0,0,0,1,1,0
ATTIJARI BANK,2025-06-12,0,1,0,0,0,0,0,0,0,0,1,1,0
ATTIJARI BANK,2025-06-13,1,1,0,0,0,0,0,0,0,0,1,1,0
ATTIJARI BANK,2025-06-18,1,1,0,0,0,0,0,0,0,0,1,1,0
ATTIJARI BANK,2025-06-19,1,1,0,0,0,0,0,0,0,0,1,1,0
ATTIJARI BANK,2025-06-25,0,1,0,0,1,0,0,0,0,0,1,1,0
ATTIJARI BANK,2025-06-27,0,1,0,1,1,0,0,0,0,0,1,1,0
ATTIJARI BANK,2025-07-02,1,1,0,1,1,0,0,0,0,0,1,1,0
ATTIJARI BANK,2025-07-03,1,1,0,1,1,0,0,0,0,0,1,1,0
ATTIJARI BANK,2025-07-04,1,1,0,1,1,0,0,0,0,0,1,1,0
ATTIJARI BANK,2025-07-09,1,1,0,1,1,0,0,0,0,0,1,1,0
ATTIJARI BANK,2025-07-10,1,1,0,1,1,0,0,0,0,0,1,1,0
ATTIJARI BANK,2025-07-11,0,1,0,1,1,0,0,0,0,1,1,1,0
ATTIJARI BANK,2025-07-16,1,1,0,1,1,0,0,0,0,0,1,1,1
ATTIJARI BANK,2025-07-17,0,1,0,1,1,0,0,0,0,0,1,1,1
ATTIJARI BANK,2025-07-18,0,1,0,1,1,0,0,0,0,0,1,1,1
ATTIJARI BANK,2025-07-23,0,1,0,1,1,0,0,0,0,0,1,1,1
ATTIJARI BANK,2025-07-24,0,1,0,1,1,0,0,0,0,0,1,1,1
ATTIJARI BANK,2025-07-30,0,1,0,1,1,0,0,0,0,0,1,1,1
ATTIJARI BANK,2025-07-31,0,1,0,1,1,0,0,0,0,0,1,1,1
ATTIJARI BANK,2025-08-01,1,1,0,1,0,0,0,0,0,0,1,1,1
ATTIJARI BANK,2025-08-06,0,1,0,0,0,0,0,0,0,0,1,1,1
ATTIJARI BANK,2025-08-08,0,1,0,0,0,0,0,0,0,0,1,1,1
ATTIJARI BANK,2025-08-14,0,1,0,0,0,0,0,0,0,0,1,1,1
ATTIJARI BANK,2025-08-15,1,1,0,0,0,0,0,0,0,0,1,1,1
ATTIJARI BANK,2025-08-20,0,1,0,0,0,0,0,0,0,0,1,1,1
ATTIJARI BANK,2025-08-21,0,1,0,0,0,0,0,0,0,0,1,1,1
ATTIJARI BANK,2025-08-22,0,1,0,0,0,0,0,0,0,0,1,1,1
ATTIJARI BANK,2025-08-27,0,1,0,0,1,0,0,0,0,0,1,1,1
ATTIJARI BANK,2025-08-28,1,1,0,0,0,0,0,0,0,0,1,1,1
ATTIJARI BANK,2025-09-03,1,1,0,0,1,0,0,0,0,0,1,1,1
ATTIJARI BANK,2025-09-05,1,1,0,0,1,0,0,0,0,0,1,1,1
ATTIJARI BANK,2025-09-10,1,1,0,1,0,0,0,0,0,0,1,1,1
ATTIJARI BANK,2025-09-11,1,1,0,1,1,0,0,0,0,0,1,1,1
ATTIJARI BANK,2025-09-17,1,1,0,1,1,0,0,0,0,0,1,1,1
ATTIJARI BANK,2025-09-18,0,1,0,1,1,0,0,0,0,0,1,1,1
ATTIJARI BANK,2025-09-19,1,1,0,1,1,0,0,0,0,0,1,1,1
ATTIJARI BANK,2025-09-24,0,1,0,1,1,0,0,0,0,0,1,1,1
ATTIJARI BANK,2025-09-25,0,1,0,1,1,0,0,0,0,0,1,1,1
ATTIJARI BANK,2025-09-26,0,1,0,1,1,0,0,0,0,0,1,1,1
ATTIJARI BANK,2025-10-01,0,1,0,1,1,0,0,0,0,0,1,1,1
ATTIJARI BANK,2025-10-02,0,1,0,1,1,0,0,0,0,0,1,1,1
ATTIJARI BANK,2025-10-03,0,1,0,1,1,0,0,0,0,0,1,1,1
ATTIJARI BANK,2025-10-08,1,1,0,1,0,0,0,0,0,0,1,1,1
ATTIJARI BANK,2025-10-10,0,1,0,0,0,0,0,0,0,0,1,1,1
ATTIJARI BANK,2025-10-16,0,1,0,0,0,0,0,0,0,0,1,1,1
ATTIJARI BANK,2025-10-17,0,1,0,0,0,1,0,0,0,0,1,1,1
ATTIJARI BANK,2025-10-22,1,1,0,0,0,0,0,0,0,0,1,1,1
ATTIJARI BANK,2025-10-23,1,1,0,0,0,0,0,0,0,0,1,1,1
ATTIJARI BANK,2025-10-24,1,1,0,0,0,0,0,0,0,0,1,1,1
ATTIJARI BANK,2025-10-29,1,1,0,0,0,0,0,0,0,0,1,1,1
ATTIJARI BANK,2025-10-30,1,1,0,0,0,0,0,0,0,0,1,1,1
ATTIJARI BANK,2025-10-31,1,1,0,0,1,0,0,0,0,0,1,1,1
ATTIJARI BANK,2025-11-05,1,1,0,1,1,0,0,0,0,0,1,1,1
ATTIJARI BANK,2025-11-06,1,1,0,1,1,0,0,0,0,0,1,1,1
ATTIJARI BANK,2025-11-07,1,1,0,1,1,0,0,0,0,0,1,1,1
ATTIJARI BANK,2025-11-12,1,1,0,1,1,0,0,0,0,0,1,1,1
ATTIJARI BANK,2025-11-13,0,1,0,1,1,0,0,0,0,0,1,1,1
ATTIJARI BANK,2025-11-19,0,1,0,1,1,0,0,0,0,0,1,1,1
ATTIJARI BANK,2025-11-20,0,1,0,1,1,0,0,0,0,0,1,1,1
ATTIJARI BANK,2025-11-21,0,1,0,1,1,0,0,0,0,0,1,1,1
ATTIJARI BANK,2025-11-26,1,1,0,1,0,0,0,0,0,0,1,1,1
ATTIJARI BANK,2025-11-27,1,1,0,0,0,0,0,0,0,0,1,1,1
ATTIJARI BANK,2025-11-28,1,1,0,0,1,0,0,0,0,0,1,1,1
ATTIJARI BANK,2025-12-03,1,1,0,1,1,0,0,0,0,0,1,1,1
ATTIJARI BANK,2025-12-04,0,1,0,1,1,0,0,0,0,0,1,1,1
ATTIJARI LEASING,2025-01-22,1,1,0,1,1,0,0,0,0,0,1,1,1
ATTIJARI LEASING,2025-01-23,1,1,0,1,1,0,0,0,0,0,1,1,1
ATTIJARI LEASING,2025-01-24,1,1,0,1,1,0,0,0,0,0,1,1,1
ATTIJARI LEASING,2025-01-29,1,1,0,1,1,0,0,0,0,0,1,1,1
ATTIJARI LEASING,2025-01-30,1,1,0,1,1,0,0,0,0,0,1,1,1
ATTIJARI LEASING,2025-02-05,1,1,0,1,1,0,0,0,0,0,1,1,1
ATTIJARI LEASING,2025-02-06,1,1,0,1,1,0,0,0,0,0,1,1,1
ATTIJARI LEASING,2025-02-07,1,1,0,1,1,0,0,0,0,0,1,1,1
ATTIJARI LEASING,2025-02-12,1,1,0,1,1,0,0,0,0,0,1,1,1
ATTIJARI LEASING,2025-02-13,1,1,0,1,1,1,0,0,0,0,1,1,1
ATTIJARI LEASING,2025-02-14,1,1,0,1,1,0,0,0,0,0,1,1,1
ATTIJARI LEASING,2025-02-19,1,1,0,1,1,0,0,0,0,0,1,1,1
ATTIJARI LEASING,2025-02-20,1,1,0,1,1,0,0,0,0,0,1,1,1
ATTIJARI LEASING,2025-02-21,0,1,0,1,1,0,0,0,0,0,1,1,1
ATTIJARI LEASING,2025-02-26,0,1,0,1,1,0,0,0,0,0,1,1,0
ATTIJARI LEASING,2025-02-27,0,1,0,1,1,0,0,0,0,0,1,1,0
ATTIJARI LEASING,2025-02-28,1,1,0,1,1,0,0,0,0,0,1,1,0
ATTIJARI LEASING,2025-03-05,0,1,0,1,1,0,0,0,0,0,1,1,0
ATTIJARI LEASING,2025-03-06,0,1,0,1,1,0,0,0,0,0,1,1,0
ATTIJARI LEASING,2025-03-07,1,1,0,1,1,0,0,0,0,0,1,1,0
ATTIJARI LEASING,2025-03-12,1,1,0,1,1,0,0,0,0,0,1,1,0
ATTIJARI LEASING,2025-03-13,1,1,0,1,1,0,0,0,0,0,1,1,0
ATTIJARI LEASING,2025-03-19,1,1,0,1,1,0,0,0,0,0,1,1,0
ATTIJARI LEASING,2025-03-21,1,1,0,1,1,0,0,0,0,0,1,1,0
ATTIJARI LEASING,2025-03-27,1,1,0,1,1,0,0,0,0,0,1,1,0
ATTIJARI LEASING,2025-03-28,1,1,0,1,1,0,0,0,0,0,1,1,0
ATTIJARI LEASING,2025-04-02,1,1,0,1,1,0,0,0,0,0,1,1,1
ATTIJARI LEASING,2025-04-04,0,1,0,1,1,1,0,0,0,0,1,1,1
ATTIJARI LEASING,2025-04-10,0,1,0,1,1,0,0,0,0,0,1,1,1
ATTIJARI LEASING,2025-04-11,0,1,0,1,1,0,0,0,0,0,1,1,1
ATTIJARI LEASING,2025-04-16,0,1,0,1,1,1,0,0,0,0,1,1,1
ATTIJARI LEASING,2025-04-17,0,1,0,1,1,0,0,0,0,0,1,1,1
ATTIJARI LEASING,2025-04-18,0,1,0,1,1,0,0,0,0,0,1,1,1
ATTIJARI LEASING,2025-04-23,0,1,0,1,0,1,0,0,0,0,1,1,1
ATTIJARI LEASING,2025-04-24,0,1,0,0,0,0,0,0,0,0,1,1,1
ATTIJARI LEASING,2025-05-02,0,1,0,0,0,0,0,0,0,0,1,1,1
ATTIJARI LEASING,2025-05-07,1,1,0,0,0,0,0,0,0,0,1,1,1
ATTIJARI LEASING,2025-05-08,1,1,0,0,0,0,0,0,0,0,1,1,1
ATTIJARI LEASING,2025-05-14,0,1,0,0,1,0,0,0,0,0,1,1,1
ATTIJARI LEASING,2025-05-15,0,1,0,0,1,0,0,0,0,0,1,1,1
ATTIJARI LEASING,2025-05-16,0,1,0,0,1,0,0,0,0,0,1,1,1
ATTIJARI LEASING,2025-05-21,0,1,0,1,1,0,0,0,0,0,1,1,1
ATTIJARI LEASING,2025-05-22,0,1,0,1,1,0,0,0,0,0,1,1,1
ATTIJARI LEASING,2025-05-23,0,1,0,1,1,0,0,0,0,0,1,1,1
ATTIJARI LEASING,2025-05-28,0,1,0,1,0,0,0,0,0,0,1,1,1
ATTIJARI LEASING,2025-05-29,0,1,0,0,0,0,0,0,0,0,1,1,1
ATTIJARI LEASING,2025-05-30,0,1,0,0,0,0,0,0,0,0,1,1,1
ATTIJARI LEASING,2025-06-04,0,1,0,0,0,0,0,0,0,0,1,1,1
ATTIJARI LEASING,2025-06-05,0,1,0,0,0,0,0,0,0,0,1,1,1
ATTIJARI LEASING,2025-06-11,0,1,0,0,0,0,0,0,0,0,1,1,1
ATTIJARI LEASING,2025-06-12,0,1,0,0,0,0,0,0,0,0,1,1,1
ATTIJARI LEASING,2025-06-13,1,1,0,0,0,1,0,0,0,0,1,1,1
ATTIJARI LEASING,2025-06-18,1,1,0,0,0,0,0,0,0,0,1,1,1
ATTIJARI LEASING,2025-06-19,1,1,0,0,0,0,0,0,0,0,1,1,1
ATTIJARI LEASING,2025-06-25,1,1,0,0,0,0,0,0,0,0,1,1,1
ATTIJARI LEASING,2025-06-27,1,1,0,0,1,0,0,0,0,0,1,1,0
ATTIJARI LEASING,2025-07-02,1,1,0,1,1,0,0,0,0,0,1,1,0
ATTIJARI LEASING,2025-07-03,1,1,0,1,1,0,0,0,0,0,1,1,0
ATTIJARI LEASING,2025-07-04,0,1,0,1,1,0,0,0,0,0,1,1,0
ATTIJARI LEASING,2025-07-09,0,1,0,1,1,0,0,0,0,0,1,1,0
ATTIJARI LEASING,2025-07-10,0,1,0,1,1,0,0,0,0,0,1,1,0
ATTIJARI LEASING,2025-07-11,0,1,0,1,1,0,0,0,0,0,1,1,0
ATTIJARI LEASING,2025-07-16,1,1,0,1,1,0,0,0,0,0,1,1,0
ATTIJARI LEASING,2025-07-17,1,1,0,1,1,0,0,0,0,0,1,1,0
ATTIJARI LEASING,2025-07-18,1,1,0,1,1,0,0,0,0,0,1,1,0
ATTIJARI LEASING,2025-07-23,0,1,0,1,1,0,0,0,0,0,1,1,0
ATTIJARI LEASING,2025-07-24,0,1,0,1,1,0,0,0,0,0,1,1,0
ATTIJARI LEASING,2025-07-30,0,1,0,1,0,0,0,0,0,0,1,1,0
ATTIJARI LEASING,2025-07-31,0,1,0,1,0,0,0,0,0,0,1,1,0
ATTIJARI LEASING,2025-08-01,0,1,0,1,0,0,0,0,0,0,1,1,0
ATTIJARI LEASING,2025-08-06,0,1,0,0,0,0,0,0,0,0,1,1,0
ATTIJARI LEASING,2025-08-08,0,1,0,0,0,0,0,0,0,0,1,1,1
ATTIJARI LEASING,2025-08-14,1,1,0,0,0,0,0,0,0,0,1,1,1
ATTIJARI LEASING,2025-08-15,1,1,0,0,0,0,0,0,0,0,1,1,1
ATTIJARI LEASING,2025-08-20,1,1,0,0,0,0,0,0,0,0,1,1,1
ATTIJARI LEASING,2025-08-21,1,1,0,0,0,0,1,0,0,0,1,1,1
ATTIJARI LEASING,2025-08-22,0,1,0,0,1,0,1,0,0,0,1,1,1
ATTIJARI LEASING,2025-08-27,0,1,0,1,1,0,0,0,0,0,1,1,1
ATTIJARI LEASING,2025-08-28,0,1,0,1,1,0,0,0,0,0,1,1,1
ATTIJARI LEASING,2025-09-03,0,1,0,1,0,0,0,0,0,0,1,1,1
ATTIJARI LEASING,2025-09-05,0,1,0,1,0,0,0,0,0,0,1,1,1
ATTIJARI LEASING,2025-09-10,1,1,0,0,0,0,0,0,0,0,1,1,1
ATTIJARI LEASING,2025-09-11,1,1,0,0,0,0,0,0,0,0,1,1,1
ATTIJARI LEASING,2025-09-17,1,1,0,0,0,0,0,0,0,0,1,1,1
ATTIJARI LEASING,2025-09-18,1,1,0,0,0,0,0,0,0,0,1,1,1
ATTIJARI LEASING,2025-09-19,0,1,0,0,1,0,0,0,0,0,1,1,1
ATTIJARI LEASING,2025-09-24,1,1,0,1,1,0,0,0,0,0,1,1,1
ATTIJARI LEASING,2025-09-25,1,1,0,1,1,0,0,0,0,0,1,1,1
ATTIJARI LEASING,2025-09-26,0,1,0,1,1,0,0,0,0,0,1,1,1
ATTIJARI LEASING,2025-10-01,0,1,0,1,1,0,0,0,0,0,1,1,1
ATTIJARI LEASING,2025-10-02,0,1,0,1,1,0,0,0,0,0,1,1,1
ATTIJARI LEASING,2025-10-03,1,1,0,1,1,0,0,0,0,0,1,1,1
ATTIJARI LEASING,2025-10-08,1,1,0,0,0,0,0,0,0,0,1,1,1
ATTIJARI LEASING,2025-10-10,1,1,0,0,1,0,0,0,0,0,1,1,1
ATTIJARI LEASING,2025-10-16,0,1,0,1,1,0,0,0,0,0,1,1,1
ATTIJARI LEASING,2025-10-17,0,1,0,1,1,0,0,0,0,0,1,1,1
ATTIJARI LEASING,2025-10-22,1,1,0,1,1,0,0,0,0,0,1,1,1
ATTIJARI LEASING,2025-10-23,1,1,0,1,1,0,0,0,0,0,1,1,1
ATTIJARI LEASING,2025-10-24,0,1,0,1,1,0,0,0,0,0,1,1,1
ATTIJARI LEASING,2025-10-29,1,1,0,0,0,0,0,0,0,0,1,1,1
ATTIJARI LEASING,2025-10-30,1,1,0,0,0,0,0,0,0,0,1,1,1
ATTIJARI LEASING,2025-10-31,0,1,0,0,1,0,0,0,0,0,1,1,1
ATTIJARI LEASING,2025-11-05,1,1,0,0,0,0,0,0,0,0,1,1,1
ATTIJARI LEASING,2025-11-06,0,1,0,1,1,0,0,0,0,0,1,1,1
ATTIJARI LEASING,2025-11-07,0,1,0,0,1,0,0,0,0,0,1,1,1
ATTIJARI LEASING,2025-11-12,1,1,0,1,1,0,0,0,0,0,1,1,1
ATTIJARI LEASING,2025-11-13,1,1,0,1,0,0,0,0,0,0,1,1,1
ATTIJARI LEASING,2025-11-19,1,1,0,0,0,0,0,0,0,0,1,1,1
ATTIJARI LEASING,2025-11-20,1,1,0,0,0,0,0,0,0,0,1,1,1
ATTIJARI LEASING,2025-11-21,0,1,0,1,1,0,0,0,0,0,1,1,1
ATTIJARI LEASING,2025-11-26,0,1,0,1,0,0,0,0,0,0,1,1,1
ATTIJARI LEASING,2025-11-27,0,1,0,1,0,0,0,0,0,0,1,1,1
ATTIJARI LEASING,2025-11-28,0,1,0,1,1,0,0,0,0,0,1,1,1
ATTIJARI LEASING,2025-12-03,0,1,0,0,0,0,0,0,0,0,1,1,1
ATTIJARI LEASING,2025-12-04,0,1,0,0,0,0,0,0,0,0,1,1,1
AMEN BANK,2025-01-07,0,1,0,1,1,0,0,0,0,0,1,1,1
AMEN BANK,2025-01-08,0,1,0,1,0,0,0,0,0,0,1,1,1
AMEN BANK,2025-01-09,1,1,0,0,0,0,0,0,0,0,1,1,1
AMEN BANK,2025-01-10,1,1,0,0,0,0,0,0,0,0,1,1,1
AMEN BANK,2025-01-14,1,1,0,0,0,0,0,1,0,0,1,1,1
AMEN BANK,2025-01-15,1,1,0,0,1,0,0,1,0,0,1,1,1
AMEN BANK,2025-01-16,1,1,0,0,0,0,0,1,0,0,1,1,1
AMEN BANK,2025-01-17,1,1,0,0,0,0,0,0,0,0,1,1,1
AMEN BANK,2025-01-21,1,1,0,0,1,0,0,0,0,0,1,1,1
AMEN BANK,2025-01-31,0,1,0,1,1,0,0,0,0,0,1,1,1
AMEN BANK,2025-04-30,0,1,0,1,1,0,0,0,0,0,1,1,1
AMEN BANK,2025-05-09,0,1,0,1,1,0,0,0,0,0,1,1,1
AMEN BANK,2025-07-08,0,1,0,1,1,0,0,0,0,0,1,1,1
AMEN BANK,2025-08-26,1,1,0,1,1,1,0,0,0,0,1,1,1
AMEN BANK,2025-09-12,1,1,0,1,1,0,0,0,0,0,1,1,1
AMEN BANK,2025-11-14,0,1,0,1,1,0,0,0,0,0,1,1,1
BH BANK,2025-01-07,0,1,0,1,1,0,0,0,0,0,0,0,1
BH BANK,2025-01-08,0,1,0,1,1,0,0,0,0,0,0,0,1
BH BANK,2025-01-09,0,1,0,1,1,0,0,0,0,0,0,0,1
BH BANK,2025-01-10,1,1,0,1,0,1,0,1,1,0,0,0,1
BH BANK,2025-01-14,1,1,0,1,1,0,0,0,0,0,0,0,1
BH BANK,2025-01-15,1,1,0,0,1,0,0,0,0,0,0,0,1
BH BANK,2025-01-16,1,1,0,0,1,0,0,0,0,0,0,0,1
BH BANK,2025-01-17,1,1,0,1,1,0,0,0,0,0,0,0,1
BH BANK,2025-01-21,1,1,0,1,1,0,0,0,0,0,0,0,1
BH BANK,2025-01-31,1,1,0,1,1,0,0,0,0,0,0,0,1
BH BANK,2025-04-30,1,1,0,0,0,1,0,1,1,1,0,0,0
BH BANK,2025-05-09,0,1,0,0,0,0,0,0,0,0,0,0,0
BH BANK,2025-07-08,0,1,0,0,1,0,0,0,0,0,0,0,1
BH BANK,2025-08-26,1,1,0,1,1,0,0,0,0,0,0,0,1
BH BANK,2025-09-12,1,1,0,1,1,0,0,0,1,0,0,0,1
BH BANK,2025-11-14,0,1,0,1,1,0,0,0,0,0,0,0,1
BIAT,2025-01-07,1,1,0,0,0,0,0,1,1,0,1,1,1
BIAT,2025-01-08,1,1,0,0,0,0,0,1,1,0,1,1,1
BIAT,2025-01-09,1,1,0,0,1,0,0,1,1,0,1,1,1
BIAT,2025-01-10,1,1,0,1,1,0,0,1,0,0,1,1,1
BIAT,2025-01-14,1,1,0,1,1,0,0,1,0,0,1,1,1
BIAT,2025-01-15,1,1,0,1,1,0,0,1,0,0,1,1,1
BIAT,2025-01-16,1,1,0,1,1,0,0,0,0,0,1,1,1
BIAT,2025-01-17,1,1,0,1,1,1,0,1,0,0,1,1,1
BIAT,2025-01-21,1,1,0,1,1,0,0,0,1,0,1,1,1
BIAT,2025-01-31,1,1,0,1,1,1,0,1,1,0,1,1,1
BIAT,2025-04-30,0,1,0,1,1,1,0,1,1,0,1,1,1
BIAT,2025-05-09,0,1,0,1,1,1,1,1,1,0,1,1,1
BIAT,2025-07-08,1,1,0,1,1,0,0,1,0,0,1,1,1
BIAT,2025-08-26,1,1,0,1,0,0,0,0,0,0,1,1,1
BIAT,2025-09-12,1,1,0,1,1,0,0,1,1,0,1,1,1
BIAT,2025-11-14,0,1,0,1,1,1,1,1,1,1,1,1,1
BNA,2025-01-07,1,1,0,0,0,1,0,1,1,0,0,1,1
BNA,2025-01-08,1,1,0,0,0,1,0,1,1,0,0,1,1
BNA,2025-01-09,1,1,0,0,0,0,0,1,1,0,0,1,1
BNA,2025-01-10,1,1,0,0,1,1,0,1,1,1,0,1,1
BNA,2025-01-14,1,1,0,0,1,1,0,1,1,1,0,1,1
BNA,2025-01-15,1,1,0,1,1,1,0,1,1,0,0,1,1
BNA,2025-01-16,0,1,0,1,1,1,0,1,1,1,0,1,1
BNA,2025-01-17,0,1,0,1,1,0,0,1,1,0,0,1,1
BNA,2025-01-21,0,1,0,1,1,1,0,1,1,0,0,1,1
BNA,2025-01-31,0,1,0,1,1,1,0,1,1,1,0,1,1
BNA,2025-04-30,0,1,0,1,1,1,0,1,1,0,0,1,1
BNA,2025-05-09,0,1,0,1,1,1,0,1,1,1,0,1,1
BNA,2025-07-08,0,1,0,0,0,1,0,0,0,0,0,1,0
BNA,2025-08-26,1,1,0,1,1,0,0,0,0,0,0,1,1
BNA,2025-09-12,1,1,0,1,1,0,0,1,0,0,0,1,1
BNA,2025-11-14,0,1,0,1,1,1,0,0,0,1,0,1,1
BT,2025-01-07,0,1,0,1,1,1,1,1,1,0,0,0,1
BT,2025-01-08,0,1,0,1,1,1,1,1,1,0,0,0,1
BT,2025-01-09,0,1,0,1,0,1,1,1,1,0,0,0,1
BT,2025-01-10,0,1,0,1,0,1,1,1,1,0,0,0,1
BT,2025-01-14,0,1,0,0,0,1,1,1,1,0,0,0,1
BT,2025-01-15,0,1,0,0,0,1,1,1,1,0,0,0,1
BT,2025-01-16,1,1,0,0,0,1,1,1,1,0,0,0,1
BT,2025-01-17,0,1,0,0,0,1,1,1,0,0,0,0,1
BT,2025-01-21,0,1,0,0,0,1,1,1,1,1,0,0,1
BT,2025-01-31,1,1,0,0,0,1,1,1,1,0,0,0,1
BT,2025-04-30,0,1,0,1,1,1,1,1,1,0,0,0,1
BT,2025-05-09,0,1,0,0,0,1,1,1,1,1,0,0,1
BT,2025-07-08,1,1,0,1,1,1,1,1,1,0,0,0,1
BT,2025-08-26,0,1,0,1,0,1,1,0,0,0,0,0,1
BT,2025-09-12,1,1,0,0,1,0,1,0,0,0,0,0,1
BT,2025-11-14,1,1,0,1,1,1,0,0,1,1,0,0,1
CARTHAGE CEMENT,2025-01-07,1,1,0,0,0,1,0,0,0,0,0,0,0
CARTHAGE CEMENT,2025-01-08,1,1,0,0,0,1,0,0,0,1,0,0,0
CARTHAGE CEMENT,2025-01-09,1,1,0,0,1,1,0,0,0,0,0,0,0
CARTHAGE CEMENT,2025-01-10,1,1,0,1,1,1,0,0,0,0,0,0,0
CARTHAGE CEMENT,2025-01-14,0,1,0,1,1,0,0,0,0,0,0,0,0
CARTHAGE CEMENT,2025-01-15,0,1,0,1,1,0,0,0,0,0,0,0,0
CARTHAGE CEMENT,2025-01-16,0,1,0,1,1,0,0,0,0,0,0,0,0
CARTHAGE CEMENT,2025-01-17,0,1,0,1,1,0,0,0,0,0,0,0,0
CARTHAGE CEMENT,2025-01-21,0,1,0,1,1,0,0,0,0,0,0,0,0
CARTHAGE CEMENT,2025-01-31,0,1,0,1,1,0,0,0,0,0,0,0,1
CARTHAGE CEMENT,2025-04-30,0,1,0,0,0,1,0,0,0,1,0,0,0
CARTHAGE CEMENT,2025-05-09,1,1,0,0,0,0,0,0,0,1,0,0,0
CARTHAGE CEMENT,2025-07-08,1,1,0,1,0,0,0,0,0,0,0,0,1
CARTHAGE CEMENT,2025-08-26,0,1,0,0,0,0,0,0,0,0,0,0,1
CARTHAGE CEMENT,2025-09-12,0,1,0,0,1,1,0,0,0,0,0,0,0
CARTHAGE CEMENT,2025-11-14,0,1,0,0,1,0,0,0,0,0,0,0,1
CELLCOM,2025-01-17,0,1,0,0,0,0,0,0,0,1,0,0,0
CELLCOM,2025-01-21,0,1,0,0,0,0,0,0,0,1,0,0,0
CELLCOM,2025-01-22,0,1,0,0,0,1,0,0,0,1,0,0,0
CELLCOM,2025-01-23,0,1,0,0,0,0,0,0,0,1,0,0,0
CELLCOM,2025-01-24,0,1,0,0,0,0,0,0,0,1,0,0,0
CELLCOM,2025-01-28,0,1,0,0,0,1,0,0,0,1,0,0,0
CELLCOM,2025-01-29,0,1,0,0,0,1,0,1,1,1,0,0,0
CELLCOM,2025-01-30,0,1,0,0,0,0,0,0,1,0,0,0,0
CELLCOM,2025-01-31,0,1,0,0,0,1,0,0,1,0,0,0,0
CELLCOM,2025-04-30,0,1,0,0,0,0,0,0,1,0,0,0,0
CELLCOM,2025-05-09,1,1,0,0,1,0,0,0,0,0,0,0,0
CELLCOM,2025-07-08,1,1,0,1,0,1,0,1,1,1,0,0,0
CELLCOM,2025-08-26,1,1,0,0,1,1,0,0,0,0,0,0,0
CELLCOM,2025-09-12,1,1,0,1,1,1,0,0,0,0,0,0,0
CELLCOM,2025-11-14,1,1,0,1,1,1,0,0,0,0,0,0,0
CIL,2025-01-17,0,1,0,1,1,1,0,0,0,0,1,1,0
CIL,2025-01-21,0,1,0,1,1,1,0,0,0,0,1,1,0
CIL,2025-01-22,0,1,0,1,1,1,0,0,0,0,1,1,0
CIL,2025-01-23,1,1,0,1,1,0,0,0,0,0,1,1,0
CIL,2025-01-24,1,1,0,1,1,0,0,0,0,0,1,1,0
CIL,2025-01-28,1,1,0,1,0,1,0,0,0,0,1,1,0
CIL,2025-01-29,1,1,0,0,0,1,0,0,0,0,1,1,0
CIL,2025-01-30,0,1,0,0,1,0,0,0,0,0,1,1,0
CIL,2025-01-31,1,1,0,0,1,1,0,0,0,0,1,1,0
CIL,2025-04-30,0,1,0,0,0,1,0,0,0,0,1,1,1
CIL,2025-05-09,1,1,0,0,0,1,0,0,0,0,1,1,0
CIL,2025-07-08,1,1,0,1,1,0,0,0,0,0,1,1,1
CIL,2025-08-26,1,1,0,1,1,0,0,0,0,0,1,1,1
CIL,2025-09-12,0,1,0,1,1,0,1,0,0,0,1,1,1
CIL,2025-11-14,0,1,0,1,1,0,0,0,0,0,1,1,1
CITY CARS,2025-01-07,1,1,0,1,1,0,0,0,0,0,0,1,1
CITY CARS,2025-01-08,1,1,0,1,1,0,0,0,0,0,0,1,1
CITY CARS,2025-01-09,1,1,0,1,1,0,1,1,1,1,0,1,1
CITY CARS,2025-01-10,1,1,0,1,1,0,0,1,0,0,0,1,1
CITY CARS,2025-01-14,1,1,0,1,1,0,0,1,0,1,0,1,1
CITY CARS,2025-01-15,1,1,0,1,1,1,0,1,1,1,0,1,1
CITY CARS,2025-01-16,1,1,0,1,1,0,1,1,0,0,0,1,1
CITY CARS,2025-01-17,1,1,0,1,1,0,1,1,1,1,0,1,1
CITY CARS,2025-01-21,1,1,0,1,1,0,1,1,0,1,0,1,1
CITY CARS,2025-01-31,1,1,0,1,1,0,0,1,1,1,0,1,1
CITY CARS,2025-04-30,0,1,0,0,0,0,0,0,1,0,1,1,1
CITY CARS,2025-05-09,1,1,0,0,0,1,0,0,1,1,1,1,1
CITY CARS,2025-07-08,0,1,0,1,0,0,0,0,0,0,1,1,1
CITY CARS,2025-08-26,1,1,0,1,1,0,0,0,0,0,1,1,1
CITY CARS,2025-09-12,0,1,0,1,1,1,0,0,0,0,1,1,1
CITY CARS,2025-11-14,0,1,0,1,1,0,0,0,0,0,1,1,1
DELICE HOLDING,2025-01-07,1,1,0,0,0,1,1,1,1,1,1,1,1
DELICE HOLDING,2025-01-08,1,1,0,0,0,1,0,1,0,1,1,1,1
DELICE HOLDING,2025-01-09,1,1,0,0,0,0,0,1,0,1,1,1,1
DELICE HOLDING,2025-01-10,1,1,0,0,0,1,0,1,0,1,1,1,1
DELICE HOLDING,2025-01-14,1,1,0,0,0,1,0,1,0,0,1,1,1
DELICE HOLDING,2025-01-15,1,1,0,0,1,0,0,1,0,0,1,1,1
DELICE HOLDING,2025-01-16,1,1,0,0,1,0,0,0,0,0,1,1,1
DELICE HOLDING,2025-01-17,1,1,0,1,1,0,1,1,0,0,1,1,1
DELICE HOLDING,2025-01-21,1,1,0,1,1,1,0,1,0,0,1,1,1
DELICE HOLDING,2025-01-31,1,1,0,1,1,1,0,1,0,1,1,1,1
DELICE HOLDING,2025-04-30,0,1,0,1,1,0,0,0,0,0,1,1,1
DELICE HOLDING,2025-05-09,1,1,0,1,1,1,0,0,0,0,1,1,1
DELICE HOLDING,2025-07-08,1,1,0,1,1,0,0,0,0,0,1,1,1
DELICE HOLDING,2025-08-26,0,1,0,0,0,1,1,0,0,1,1,1,0
DELICE HOLDING,2025-09-12,1,1,0,0,0,1,0,0,1,0,1,1,0
DELICE HOLDING,2025-11-14,1,1,0,1,0,1,0,1,1,0,1,1,1
ARTES,2025-01-07,1,1,0,1,1,0,0,1,0,1,0,1,1
ARTES,2025-01-08,1,1,0,1,1,1,0,1,0,0,0,1,1
ARTES,2025-01-09,1,1,0,1,1,0,0,1,0,0,0,1,1
ARTES,2025-01-10,1,1,0,1,1,0,0,0,0,0,0,1,1
ARTES,2025-01-14,1,1,0,1,1,0,0,0,0,0,0,1,1
ARTES,2025-01-15,1,1,0,1,1,0,0,0,0,0,0,1,1
ARTES,2025-01-16,1,1,0,1,1,0,0,0,0,0,0,1,1
ARTES,2025-01-17,1,1,0,1,1,1,0,0,0,0,0,1,1
ARTES,2025-01-21,1,1,0,1,1,1,0,0,0,1,0,1,1
ARTES,2025-01-31,0,1,0,1,1,1,0,0,0,0,0,1,1
ARTES,2025-04-30,0,1,0,1,1,0,0,0,0,0,0,1,1
ARTES,2025-05-09,1,1,0,1,1,0,0,0,0,0,0,1,1
ARTES,2025-07-08,1,1,0,0,1,0,0,0,0,0,0,1,0
ARTES,2025-08-26,1,1,0,0,0,0,0,0,0,0,0,1,1
ARTES,2025-09-12,1,1,0,1,1,0,0,0,0,0,0,1,1
ARTES,2025-11-14,0,1,0,1,1,0,0,0,0,0,0,1,1
ENNAKL AUTOMOBILES,2025-01-07,1,1,0,0,0,1,1,1,1,0,0,1,1
ENNAKL AUTOMOBILES,2025-01-08,1,1,0,0,0,1,1,1,1,0,0,1,1
ENNAKL AUTOMOBILES,2025-01-09,1,1,0,0,1,1,1,1,1,0,0,1,1
ENNAKL AUTOMOBILES,2025-01-10,1,1,0,0,1,1,1,0,0,0,0,1,1
ENNAKL AUTOMOBILES,2025-01-14,1,1,0,0,1,1,1,0,0,0,0,1,1
ENNAKL AUTOMOBILES,2025-01-15,1,1,0,0,0,1,1,1,1,0,0,1,1
ENNAKL AUTOMOBILES,2025-01-16,1,1,0,1,1,1,1,1,1,1,0,1,1
ENNAKL AUTOMOBILES,2025-01-17,1,1,0,1,1,1,1,1,1,0,0,1,1
ENNAKL AUTOMOBILES,2025-01-21,1,1,0,1,1,1,1,1,1,0,0,1,1
ENNAKL AUTOMOBILES,2025-01-31,1,1,0,1,1,0,1,0,0,0,0,1,1
ENNAKL AUTOMOBILES,2025-04-30,1,1,0,0,0,0,1,0,0,0,0,1,1
ENNAKL AUTOMOBILES,2025-05-09,1,1,0,0,0,0,0,0,0,0,0,1,1
ENNAKL AUTOMOBILES,2025-07-08,1,1,0,1,1,0,0,0,0,0,0,1,1
ENNAKL AUTOMOBILES,2025-08-26,1,1,0,1,1,0,0,0,0,0,0,1,1
ENNAKL AUTOMOBILES,2025-09-12,0,1,0,1,1,0,0,0,0,0,0,1,1
ENNAKL AUTOMOBILES,2025-11-14,0,1,0,1,0,1,0,0,1,0,0,1,1
ESSOUKNA,2025-01-17,1,1,0,0,0,0,0,1,1,1,0,0,0
ESSOUKNA,2025-01-21,1,1,0,0,0,1,0,1,1,1,0,0,0
ESSOUKNA,2025-01-22,1,1,0,0,0,1,0,0,1,1,0,0,0
ESSOUKNA,2025-01-23,1,1,0,0,0,1,0,0,1,1,0,0,0
ESSOUKNA,2025-01-24,1,1,0,0,0,1,0,1,1,1,0,0,0
ESSOUKNA,2025-01-28,1,1,0,0,0,1,0,0,1,1,0,0,0
ESSOUKNA,2025-01-29,1,1,0,1,1,1,0,1,1,1,0,0,0
ESSOUKNA,2025-01-30,0,1,0,1,1,0,0,1,1,0,0,0,0
ESSOUKNA,2025-01-31,0,1,0,1,1,0,0,0,1,0,0,0,0
ESSOUKNA,2025-04-30,0,1,0,0,0,1,1,1,1,1,0,0,0
ESSOUKNA,2025-05-09,1,1,0,0,0,1,1,1,1,1,0,0,0
ESSOUKNA,2025-07-08,1,1,0,1,0,1,0,0,1,1,0,0,0
ESSOUKNA,2025-08-26,0,1,0,1,1,0,0,0,1,1,0,1,0
ESSOUKNA,2025-09-12,0,1,0,0,0,1,0,0,1,1,0,1,0
ESSOUKNA,2025-11-14,1,1,0,1,1,0,0,0,0,0,0,1,0
EURO-CYCLES,2025-01-07,1,1,0,0,0,1,1,1,1,1,0,0,0
EURO-CYCLES,2025-01-08,1,1,0,0,0,1,1,1,1,1,0,0,0
EURO-CYCLES,2025-01-09,1,1,0,0,0,1,1,1,1,0,0,0,0
EURO-CYCLES,2025-01-10,1,1,0,0,0,1,1,1,1,0,0,0,0
EURO-CYCLES,2025-01-14,1,1,0,0,0,1,1,1,0,0,0,0,1
EURO-CYCLES,2025-01-15,1,1,0,0,1,0,1,1,0,0,0,0,1
EURO-CYCLES,2025-01-16,1,1,0,0,1,1,1,1,1,0,0,0,1
EURO-CYCLES,2025-01-17,1,1,0,0,0,1,1,1,1,0,0,0,1
EURO-CYCLES,2025-01-21,1,1,0,1,1,1,1,1,1,0,0,0,1
EURO-CYCLES,2025-01-31,1,1,0,1,1,1,0,1,1,0,0,0,1
EURO-CYCLES,2025-04-30,0,1,0,0,0,1,0,1,0,0,0,0,1
EURO-CYCLES,2025-05-09,0,1,0,0,0,1,0,1,1,0,0,0,1
EURO-CYCLES,2025-07-08,0,1,0,1,1,1,0,1,1,0,0,0,1
EURO-CYCLES,2025-08-26,1,1,0,1,1,1,1,1,1,0,0,0,1
EURO-CYCLES,2025-09-12,0,1,0,1,1,1,1,1,0,0,0,0,1
EURO-CYCLES,2025-11-14,0,1,0,1,1,1,0,1,1,0,0,0,1
ICF,2025-01-07,1,1,0,1,1,1,0,1,1,1,0,0,1
ICF,2025-01-08,1,1,0,1,1,1,0,1,1,1,0,0,1
ICF,2025-01-09,1,1,0,1,1,1,0,1,1,1,0,0,1
ICF,2025-01-10,1,1,0,1,1,1,0,1,1,1,0,0,1
ICF,2025-01-14,1,1,0,1,1,1,0,1,1,1,0,0,1
ICF,2025-01-15,1,1,0,1,1,1,0,1,1,1,0,0,0
ICF,2025-01-16,1,1,0,1,1,1,1,0,1,1,0,0,0
ICF,2025-01-17,1,1,0,1,1,1,0,1,1,1,0,0,0
ICF,2025-01-21,1,1,0,1,1,1,0,0,0,1,0,0,0
ICF,2025-01-31,1,1,0,1,1,1,0,1,1,1,0,0,0
ICF,2025-04-30,0,1,0,1,0,0,0,1,0,1,0,0,0
ICF,2025-05-09,1,1,0,0,1,1,0,0,0,0,0,0,0
ICF,2025-07-08,0,1,0,1,1,1,0,0,1,1,0,0,1
ICF,2025-08-26,0,1,0,1,0,0,1,0,0,0,0,0,1
ICF,2025-09-12,0,1,0,0,0,1,0,1,0,0,0,0,1
ICF,2025-11-14,0,1,0,1,1,0,0,0,0,0,0,0,1
LAND OR,2025-01-07,1,1,0,0,0,0,0,0,0,0,1,1,1
LAND OR,2025-01-08,1,1,0,0,1,0,0,0,0,0,1,1,1
LAND OR,2025-01-09,1,1,0,0,1,0,0,0,0,0,1,1,1
LAND OR,2025-01-10,0,1,0,1,1,0,0,0,0,0,1,1,1
LAND OR,2025-01-14,0,1,0,1,1,0,0,0,0,0,1,1,1
LAND OR,2025-01-15,0,1,0,1,1,0,0,0,0,0,1,1,1
LAND OR,2025-01-16,0,1,0,1,1,0,0,0,0,0,1,1,1
LAND OR,2025-01-17,0,1,0,1,1,0,0,0,0,0,1,1,1
LAND OR,2025-01-21,1,1,0,1,1,1,0,0,0,0,1,1,1
LAND OR,2025-01-31,0,1,0,1,1,0,0,0,0,0,1,1,1
LAND OR,2025-04-30,1,1,0,0,0,0,0,0,0,0,1,1,1
LAND OR,2025-05-09,1,1,0,1,1,0,0,0,0,0,1,1,1
LAND OR,2025-07-08,1,1,0,0,0,1,0,0,0,0,1,1,1
LAND OR,2025-08-26,0,1,0,0,1,0,0,0,0,0,1,1,1
LAND OR,2025-09-12,0,1,0,0,0,1,0,0,0,0,1,1,1
LAND OR,2025-11-14,1,1,0,1,1,0,0,0,0,0,1,1,0
MPBS,2025-01-07,0,1,0,1,0,0,0,0,0,0,1,1,1
MPBS,2025-01-08,0,1,0,0,0,0,0,0,0,0,1,1,1
MPBS,2025-01-09,0,1,0,0,0,0,0,0,0,0,1,1,1
MPBS,2025-01-10,0,1,0,0,0,0,0,0,0,0,1,1,1
MPBS,2025-01-14,1,1,0,0,0,0,0,0,0,0,1,1,1
MPBS,2025-01-15,1,1,0,0,0,0,0,0,0,0,1,1,1
MPBS,2025-01-16,1,1,0,0,0,0,0,0,0,0,1,1,1
MPBS,2025-01-17,1,1,0,0,0,0,0,0,0,0,1,1,1
MPBS,2025-01-21,0,1,0,0,0,0,0,0,0,0,1,1,1
MPBS,2025-01-31,0,1,0,0,0,0,0,0,0,0,1,1,1
MPBS,2025-04-30,1,1,0,1,1,0,0,0,0,0,1,1,1
MPBS,2025-05-09,0,1,0,1,1,0,0,0,0,0,1,1,1
MPBS,2025-07-08,0,1,0,0,1,0,0,0,0,0,1,1,1
MPBS,2025-08-26,0,1,0,1,1,0,0,0,0,0,1,1,0
MPBS,2025-09-12,0,1,0,1,1,0,0,0,0,0,1,1,1
MPBS,2025-11-14,0,1,0,1,1,0,0,0,0,0,1,1,1
NEW BODY LINE,2025-01-07,0,1,0,1,1,1,0,1,1,0,0,1,0
NEW BODY LINE,2025-01-08,0,1,0,1,1,1,0,0,1,0,0,1,0
NEW BODY LINE,2025-01-09,0,1,0,1,1,1,0,0,1,0,0,1,0
NEW BODY LINE,2025-01-10,0,1,0,1,1,1,0,0,0,0,0,1,0
NEW BODY LINE,2025-01-14,1,1,0,1,1,1,0,0,0,0,0,1,1
NEW BODY LINE,2025-01-15,1,1,0,1,0,1,0,1,1,0,0,1,1
NEW BODY LINE,2025-01-16,1,1,0,0,0,1,1,1,1,1,0,1,0
NEW BODY LINE,2025-01-17,0,1,0,0,0,0,0,0,0,0,0,1,0
NEW BODY LINE,2025-01-21,0,1,0,0,0,0,0,0,0,0,0,1,1
NEW BODY LINE,2025-01-31,0,1,0,0,0,0,0,1,0,0,0,1,0
NEW BODY LINE,2025-04-30,0,1,0,0,0,1,1,1,1,0,0,1,1
NEW BODY LINE,2025-05-09,1,1,0,0,0,1,0,1,1,0,0,1,1
NEW BODY LINE,2025-07-08,0,1,0,1,1,0,0,0,0,0,0,1,0
NEW BODY LINE,2025-08-26,1,1,0,0,0,1,0,1,0,1,0,1,1
NEW BODY LINE,2025-09-12,1,1,0,0,0,1,0,1,1,1,0,1,1
NEW BODY LINE,2025-11-14,0,1,0,0,0,1,1,1,1,1,0,1,0
ONE TECH HOLDING,2025-01-07,1,1,0,0,0,1,1,1,1,1,1,1,1
ONE TECH HOLDING,2025-01-08,1,1,0,0,0,0,0,1,1,1,1,1,1
ONE TECH HOLDING,2025-01-09,1,1,0,0,0,0,0,1,0,1,1,1,1
ONE TECH HOLDING,2025-01-10,1,1,0,0,0,1,0,1,0,1,1,1,1
ONE TECH HOLDING,2025-01-14,0,1,0,0,0,1,0,1,0,0,1,1,1
ONE TECH HOLDING,2025-01-15,0,1,0,0,0,1,0,1,0,1,1,1,1
ONE TECH HOLDING,2025-01-16,0,1,0,0,0,0,0,1,0,0,1,1,1
ONE TECH HOLDING,2025-01-17,0,1,0,0,0,1,0,1,0,0,1,1,1
ONE TECH HOLDING,2025-01-21,1,1,0,0,0,0,1,1,1,1,1,1,1
ONE TECH HOLDING,2025-01-31,1,1,0,1,1,1,1,1,0,0,1,1,1
ONE TECH HOLDING,2025-04-30,1,1,0,1,1,1,1,1,1,1,1,1,1
ONE TECH HOLDING,2025-05-09,0,1,0,1,1,1,1,1,1,1,1,1,1
ONE TECH HOLDING,2025-07-08,0,1,0,0,0,0,0,0,1,1,1,1,1
ONE TECH HOLDING,2025-08-26,1,1,0,0,0,1,0,1,0,1,1,1,1
ONE TECH HOLDING,2025-09-12,0,1,0,0,1,0,0,0,0,0,1,1,1
ONE TECH HOLDING,2025-11-14,1,1,0,0,0,1,1,1,1,1,1,1,1
POULINA GP HOLDING,2025-01-07,1,1,0,0,0,1,0,1,0,0,1,1,1
POULINA GP HOLDING,2025-01-08,1,1,0,0,0,1,0,1,0,0,1,1,1
POULINA GP HOLDING,2025-01-09,1,1,0,0,0,0,0,0,0,0,1,1,1
POULINA GP HOLDING,2025-01-10,0,1,0,0,0,1,0,0,0,0,1,1,1
POULINA GP HOLDING,2025-01-14,0,1,0,0,0,1,0,1,0,0,1,1,1
POULINA GP HOLDING,2025-01-15,0,1,0,0,1,0,0,0,0,0,1,1,1
POULINA GP HOLDING,2025-01-16,0,1,0,1,1,1,0,0,0,0,1,1,1
POULINA GP HOLDING,2025-01-17,0,1,0,1,1,1,1,0,1,0,1,1,1
POULINA GP HOLDING,2025-01-21,0,1,0,1,0,1,1,1,1,0,1,1,1
POULINA GP HOLDING,2025-01-31,0,1,0,0,0,1,0,0,0,0,1,1,1
POULINA GP HOLDING,2025-04-30,1,1,0,1,1,1,0,0,1,1,1,1,0
POULINA GP HOLDING,2025-05-09,0,1,0,1,1,1,0,0,0,1,1,1,0
POULINA GP HOLDING,2025-07-08,0,1,0,1,1,0,0,0,0,0,1,1,1
POULINA GP HOLDING,2025-08-26,0,1,0,0,0,0,0,0,0,0,1,1,1
POULINA GP HOLDING,2025-09-12,0,1,0,0,0,0,0,0,0,0,1,1,1
POULINA GP HOLDING,2025-11-14,1,1,0,1,1,0,0,0,0,0,1,1,1
SAH,2025-01-07,0,1,0,1,0,1,0,0,1,0,0,1,1
SAH,2025-01-08,0,1,0,1,0,1,1,1,1,0,0,1,1
SAH,2025-01-09,0,1,0,0,0,1,1,1,1,0,0,1,1
SAH,2025-01-10,0,1,0,0,0,1,1,1,1,0,0,1,1
SAH,2025-01-14,1,1,0,0,0,1,0,1,1,0,0,1,1
SAH,2025-01-15,0,1,0,0,0,0,0,1,0,0,0,1,1
SAH,2025-01-16,0,1,0,0,0,0,0,0,0,0,0,1,1
SAH,2025-01-17,0,1,0,0,0,0,0,1,0,0,0,1,1
SAH,2025-01-21,1,1,0,0,0,1,0,1,0,0,0,1,1
SAH,2025-01-31,1,1,0,0,0,1,0,1,0,0,0,1,1
SAH,2025-04-30,1,1,0,1,1,1,1,1,1,1,0,1,1
SAH,2025-05-09,0,1,0,1,1,1,1,1,1,1,0,1,1
SAH,2025-07-08,0,1,0,0,1,0,1,1,1,0,0,1,1
SAH,2025-08-26,0,1,0,1,1,1,0,1,1,0,0,1,1
SAH,2025-09-12,1,1,0,0,0,0,0,1,1,0,0,1,1
SAH,2025-11-14,1,1,0,1,1,1,0,0,1,1,0,1,1
SFBT,2025-01-07,1,1,0,0,0,1,1,1,1,1,0,0,1
SFBT,2025-01-08,1,1,0,0,0,1,1,1,1,1,0,0,1
SFBT,2025-01-09,1,1,0,0,0,1,1,1,0,0,0,0,1
SFBT,2025-01-10,1,1,0,0,1,0,1,1,0,0,0,0,1
SFBT,2025-01-14,0,1,0,0,1,1,1,1,0,0,0,0,1
SFBT,2025-01-15,0,1,0,1,1,1,1,1,1,1,0,0,1
SFBT,2025-01-16,0,1,0,1,1,1,1,1,1,1,0,0,1
SFBT,2025-01-17,0,1,0,1,1,1,1,1,1,0,0,0,1
SFBT,2025-01-21,1,1,0,1,1,1,1,1,1,0,0,0,1
SFBT,2025-01-31,0,1,0,1,1,0,1,1,1,0,0,0,1
SFBT,2025-04-30,0,1,0,0,1,1,1,1,1,0,0,0,1
SFBT,2025-05-09,1,1,0,1,0,1,1,1,1,1,0,0,1
SFBT,2025-07-08,1,1,0,1,1,1,1,1,1,1,0,0,1
SFBT,2025-08-26,1,1,0,1,1,1,1,1,1,0,0,0,1
SFBT,2025-09-12,1,1,0,1,1,1,1,1,1,0,0,0,1
SFBT,2025-11-14,0,1,0,0,0,1,1,1,1,1,0,0,1
SIAME,2025-01-07,0,1,0,1,0,1,0,1,1,1,0,1,1
SIAME,2025-01-08,0,1,0,1,0,1,0,1,1,1,0,1,1
SIAME,2025-01-09,1,1,0,0,0,1,0,1,1,1,0,1,1
SIAME,2025-01-10,0,1,0,0,0,1,0,1,1,1,0,1,1
SIAME,2025-01-14,0,1,0,0,0,0,0,1,1,1,0,1,1
SIAME,2025-01-15,0,1,0,0,0,1,0,1,1,1,0,1,1
SIAME,2025-01-16,0,1,0,0,0,1,0,1,1,1,0,1,1
SIAME,2025-01-17,0,1,0,0,0,0,0,1,1,1,0,1,1
SIAME,2025-01-21,0,1,0,0,0,1,0,0,1,1,0,1,1
SIAME,2025-01-31,0,1,0,0,0,0,0,0,0,0,0,1,1
SIAME,2025-04-30,0,1,0,0,0,0,1,1,1,1,0,1,1
SIAME,2025-05-09,1,1,0,0,0,0,0,1,0,0,0,1,0
SIAME,2025-07-08,0,1,0,0,0,0,0,1,0,0,0,1,0
SIAME,2025-08-26,1,1,0,0,0,1,1,1,1,0,0,1,0
SIAME,2025-09-12,0,1,0,1,0,0,0,0,1,0,0,1,0
SIAME,2025-11-14,0,1,0,1,1,0,0,0,0,0,0,1,0
SMART TUNISIE,2025-01-07,0,1,0,0,0,0,0,1,1,0,0,0,1
SMART TUNISIE,2025-01-08,0,1,0,0,0,1,0,1,1,0,0,0,1
SMART TUNISIE,2025-01-09,0,1,0,0,0,1,0,1,1,0,0,0,1
SMART TUNISIE,2025-01-10,1,1,0,0,0,1,1,1,1,0,0,0,1
SMART TUNISIE,2025-01-14,1,1,0,0,0,1,1,1,1,0,0,0,1
SMART TUNISIE,2025-01-15,1,1,0,0,0,1,0,1,1,0,0,0,1
SMART TUNISIE,2025-01-16,1,1,0,0,0,1,0,1,1,0,0,0,1
SMART TUNISIE,2025-01-17,1,1,0,0,0,1,0,1,1,0,0,0,1
SMART TUNISIE,2025-01-21,1,1,0,0,0,0,0,1,1,0,0,0,1
SMART TUNISIE,2025-01-31,0,1,0,1,1,0,1,1,1,0,0,0,1
SMART TUNISIE,2025-04-30,1,1,0,0,0,1,1,1,1,0,0,0,1
SMART TUNISIE,2025-05-09,0,1,0,1,1,0,1,1,1,1,0,0,1
SMART TUNISIE,2025-07-08,1,1,0,1,1,0,1,1,1,1,0,0,1
SMART TUNISIE,2025-08-26,1,1,0,0,0,1,1,1,1,0,0,0,1
SMART TUNISIE,2025-09-12,1,1,0,1,1,0,1,1,1,0,0,0,1
SMART TUNISIE,2025-11-14,0,1,0,1,1,1,0,1,1,0,0,0,1
SOTETEL,2025-01-07,1,1,0,1,1,1,0,0,0,0,0,1,0
SOTETEL,2025-01-08,1,1,0,1,1,0,0,0,0,0,0,1,0
SOTETEL,2025-01-09,1,1,0,1,1,0,0,0,0,0,0,1,0
SOTETEL,2025-01-10,1,1,0,1,1,0,0,0,0,0,0,1,0
SOTETEL,2025-01-14,1,1,0,1,1,0,0,0,0,0,0,1,0
SOTETEL,2025-01-15,0,1,0,1,1,0,0,0,0,0,0,1,0
SOTETEL,2025-01-16,0,1,0,1,1,0,0,0,0,0,0,1,0
SOTETEL,2025-01-17,0,1,0,1,1,0,0,0,0,0,0,1,0
SOTETEL,2025-01-21,0,1,0,1,1,0,0,0,0,0,0,1,0
SOTETEL,2025-01-31,0,1,0,0,0,0,0,0,0,0,0,1,1
SOTETEL,2025-04-30,0,1,0,1,1,0,0,0,0,0,0,1,0
SOTETEL,2025-05-09,1,1,0,1,1,0,0,0,0,0,0,1,0
SOTETEL,2025-07-08,1,1,0,1,1,0,0,0,0,0,0,1,1
SOTETEL,2025-08-26,0,1,0,0,1,0,0,0,0,0,0,1,0
SOTETEL,2025-09-12,0,1,0,0,0,0,0,0,0,1,0,1,0
SOTETEL,2025-11-14,0,1,0,1,1,0,0,0,0,0,0,1,1
ASSU MAGHREBIA VIE,2025-01-07,1,1,0,0,0,0,1,1,1,0,0,1,1
ASSU MAGHREBIA VIE,2025-01-08,1,1,0,0,0,0,1,1,1,0,0,1,1
ASSU MAGHREBIA VIE,2025-01-09,0,1,0,0,1,1,0,0,0,0,0,1,1
ASSU MAGHREBIA VIE,2025-01-10,0,1,0,0,1,1,0,0,1,0,0,1,1
ASSU MAGHREBIA VIE,2025-01-14,0,1,0,0,1,1,1,0,0,0,0,1,1
ASSU MAGHREBIA VIE,2025-01-15,0,1,0,1,1,0,0,0,0,0,0,1,1
ASSU MAGHREBIA VIE,2025-01-16,0,1,0,1,1,1,0,0,0,0,0,1,1
ASSU MAGHREBIA VIE,2025-01-17,0,1,0,1,1,1,0,1,1,0,0,1,1
ASSU MAGHREBIA VIE,2025-01-21,0,1,0,1,1,0,0,0,1,0,0,1,1
ASSU MAGHREBIA VIE,2025-01-31,0,1,0,0,0,1,0,0,1,0,0,1,1
ASSU MAGHREBIA VIE,2025-04-30,1,1,0,1,0,1,0,0,1,1,0,1,1
ASSU MAGHREBIA VIE,2025-05-09,1,1,0,1,1,1,0,0,1,1,0,1,1
ASSU MAGHREBIA VIE,2025-07-08,0,1,0,0,0,1,0,1,1,1,0,1,1
ASSU MAGHREBIA VIE,2025-08-26,1,1,0,1,1,1,0,1,1,1,1,1,1
ASSU MAGHREBIA VIE,2025-09-12,1,1,0,1,1,1,0,1,1,1,1,1,1
ASSU MAGHREBIA VIE,2025-11-14,1,1,0,0,0,1,0,1,1,0,1,1,1
SOTIPAPIER,2025-01-07,0,1,0,0,0,1,1,1,1,1,0,0,1
SOTIPAPIER,2025-01-08,0,1,0,0,0,1,1,1,1,1,0,0,1
SOTIPAPIER,2025-01-09,0,1,0,0,0,1,1,1,1,1,0,0,1
SOTIPAPIER,2025-01-10,0,1,0,0,0,1,1,1,1,1,0,0,1
SOTIPAPIER,2025-01-14,1,1,0,0,0,1,1,1,1,1,0,0,0
SOTIPAPIER,2025-01-15,1,1,0,0,0,1,1,1,1,1,0,0,0
SOTIPAPIER,2025-01-16,1,1,0,0,0,1,1,1,1,1,0,0,0
SOTIPAPIER,2025-01-17,1,1,0,0,0,1,0,1,1,0,0,0,0
SOTIPAPIER,2025-01-21,0,1,0,0,0,1,0,1,1,0,0,0,0
SOTIPAPIER,2025-01-31,0,1,0,0,0,0,0,1,0,0,0,0,0
SOTIPAPIER,2025-04-30,0,1,0,0,0,1,0,1,1,1,0,0,1
SOTIPAPIER,2025-05-09,1,1,0,0,0,1,0,1,1,0,0,0,0
SOTIPAPIER,2025-07-08,0,1,0,0,0,0,1,1,0,0,0,0,0
SOTIPAPIER,2025-08-26,1,1,0,0,0,1,1,0,1,0,0,0,1
SOTIPAPIER,2025-09-12,0,1,0,0,0,1,0,1,1,1,0,0,0
SOTIPAPIER,2025-11-14,0,1,0,0,0,0,1,1,0,0,0,0,0
SOTRAPIL,2025-01-07,1,1,0,0,0,0,0,0,1,1,1,1,1
SOTRAPIL,2025-01-08,1,1,0,0,0,0,0,0,1,0,1,1,1
SOTRAPIL,2025-01-09,1,1,0,0,0,1,0,0,1,1,1,1,1
SOTRAPIL,2025-01-10,1,1,0,0,0,1,0,0,1,0,1,1,1
SOTRAPIL,2025-01-14,1,1,0,0,1,0,0,0,0,0,1,1,1
SOTRAPIL,2025-01-15,1,1,0,1,1,0,0,1,0,0,1,1,1
SOTRAPIL,2025-01-16,1,1,0,1,1,0,0,0,0,0,1,1,1
SOTRAPIL,2025-01-17,1,1,0,1,1,0,0,0,1,0,1,1,1
SOTRAPIL,2025-01-21,1,1,0,1,1,0,0,0,1,0,1,1,1
SOTRAPIL,2025-01-31,1,1,0,1,1,0,0,0,1,0,1,1,1
SOTRAPIL,2025-04-30,1,1,0,1,1,0,0,0,0,0,1,1,1
SOTRAPIL,2025-05-09,1,1,0,1,1,0,0,0,0,0,1,1,1
SOTRAPIL,2025-07-08,0,1,0,1,1,0,0,0,0,0,1,1,1
SOTRAPIL,2025-08-26,1,1,0,0,0,0,0,0,0,0,1,1,0
SOTRAPIL,2025-09-12,0,1,0,1,1,0,0,0,0,0,1,1,0
SOTRAPIL,2025-11-14,0,1,0,1,1,0,0,0,0,0,1,1,1
SOTUMAG,2025-01-07,0,1,0,0,0,0,0,0,0,0,1,1,1
SOTUMAG,2025-01-08,0,1,0,1,0,0,0,0,0,0,1,1,1
SOTUMAG,2025-01-09,1,1,0,0,0,0,1,0,0,0,1,1,1
SOTUMAG,2025-01-10,0,1,0,0,0,1,1,0,0,1,1,1,1
SOTUMAG,2025-01-14,0,1,0,0,0,0,1,0,0,0,1,1,1
SOTUMAG,2025-01-15,0,1,0,0,1,1,1,0,0,0,1,1,1
SOTUMAG,2025-01-16,0,1,0,0,0,1,0,0,0,0,1,1,1
SOTUMAG,2025-01-17,0,1,0,0,0,1,0,0,0,0,1,1,1
SOTUMAG,2025-01-21,0,1,0,0,0,1,0,0,0,0,1,1,1
SOTUMAG,2025-01-31,1,1,0,0,1,0,0,0,0,0,1,1,1
SOTUMAG,2025-04-30,1,1,0,1,1,0,0,0,0,0,1,1,0
SOTUMAG,2025-05-09,1,1,0,1,1,0,0,0,0,0,1,1,1
SOTUMAG,2025-07-08,1,1,0,1,1,0,0,0,0,0,1,1,1
SOTUMAG,2025-08-26,0,1,0,1,1,0,0,0,0,0,1,1,0
SOTUMAG,2025-09-12,1,1,0,1,1,0,0,0,0,0,1,1,0
SOTUMAG,2025-11-14,1,1,0,1,1,1,1,1,0,0,1,1,1
SOTUVER,2025-01-07,1,1,0,0,0,0,0,0,0,0,1,1,1
SOTUVER,2025-01-08,1,1,0,0,0,0,0,0,0,0,1,1,1
SOTUVER,2025-01-09,1,1,0,0,0,0,0,0,0,0,1,1,1
SOTUVER,2025-01-10,1,1,0,0,0,0,0,0,0,0,1,1,1
SOTUVER,2025-01-14,1,1,0,0,1,0,0,0,0,0,1,1,1
SOTUVER,2025-01-15,1,1,0,0,1,1,0,0,0,0,1,1,1
SOTUVER,2025-01-16,1,1,0,1,1,1,0,0,0,0,1,1,1
SOTUVER,2025-01-17,0,1,0,1,1,0,0,0,0,0,1,1,1
SOTUVER,2025-01-21,1,1,0,1,1,1,0,1,0,1,1,1,1
SOTUVER,2025-01-31,1,1,0,1,1,0,0,0,0,0,1,1,1
SOTUVER,2025-04-30,0,1,0,0,1,0,0,0,0,0,1,1,1
SOTUVER,2025-05-09,0,1,0,1,0,1,0,0,0,0,1,1,1
SOTUVER,2025-07-08,0,1,0,0,0,0,0,0,0,0,1,1,1
SOTUVER,2025-08-26,1,1,0,0,0,0,0,0,0,0,1,1,1
SOTUVER,2025-09-12,1,1,0,1,1,0,0,0,0,0,1,1,1
SOTUVER,2025-11-14,0,1,0,0,0,0,0,0,0,0,1,1,1
STA,2025-01-07,1,1,0,1,1,1,0,1,0,0,1,1,1
STA,2025-01-08,1,1,0,1,1,1,0,1,1,1,1,1,1
STA,2025-01-09,1,1,0,1,1,1,0,1,1,1,1,1,1
STA,2025-01-10,1,1,0,1,0,1,0,1,1,1,1,1,1
STA,2025-01-14,1,1,0,1,1,1,0,1,0,1,1,1,1
STA,2025-01-15,1,1,0,1,1,0,0,1,0,1,1,1,1
STA,2025-01-16,1,1,0,1,1,0,0,1,0,1,1,1,1
STA,2025-01-17,0,1,0,1,1,1,0,1,1,1,1,1,1
STA,2025-01-21,0,1,0,1,1,1,0,1,1,1,1,1,1
STA,2025-01-31,0,1,0,0,0,1,1,1,1,1,1,1,1
STA,2025-04-30,1,1,0,1,1,1,0,0,0,1,1,1,1
STA,2025-05-09,1,1,0,1,1,0,0,0,0,1,1,1,1
STA,2025-07-08,0,1,0,1,1,1,0,0,0,1,1,1,1
STA,2025-08-26,1,1,0,1,0,0,0,0,0,0,1,1,0
STA,2025-09-12,1,1,0,1,1,0,0,0,0,0,1,1,0
STA,2025-11-14,1,1,0,1,1,0,0,0,0,0,1,1,1
STAR,2025-03-27,0,1,0,1,1,1,0,1,0,0,0,0,0
STAR,2025-03-28,0,1,0,1,1,1,0,0,0,0,0,0,0
STAR,2025-04-02,0,1,0,1,1,1,0,1,0,0,0,0,0
STAR,2025-04-04,0,1,0,1,1,1,0,0,0,0,0,0,0
STAR,2025-04-08,0,1,0,1,1,1,0,0,0,0,0,0,0
STAR,2025-04-10,1,1,0,1,1,1,0,0,0,1,0,0,0
STAR,2025-04-30,0,1,0,1,0,1,0,0,0,0,0,0,1
STAR,2025-05-09,0,1,0,0,0,1,0,0,0,0,0,0,1
STAR,2025-07-08,0,1,0,0,0,0,0,0,0,0,0,0,1
STAR,2025-08-26,1,1,0,0,1,0,0,0,0,0,0,0,1
STAR,2025-09-12,1,1,0,1,1,1,0,0,0,0,0,0,1
STAR,2025-11-14,0,1,0,0,1,1,0,0,0,0,0,0,1
STB,2025-01-07,0,1,0,0,0,1,1,1,1,0,0,0,1
STB,2025-01-08,0,1,0,0,0,1,1,1,1,0,0,0,0
STB,2025-01-09,0,1,0,0,0,1,1,1,1,0,0,0,1
STB,2025-01-10,0,1,0,0,0,1,1,1,1,0,0,0,0
STB,2025-01-14,0,1,0,0,0,1,1,1,1,0,0,0,0
STB,2025-01-15,0,1,0,0,0,1,1,1,1,0,0,0,0
STB,2025-01-16,0,1,0,0,0,1,0,1,1,1,0,0,0
STB,2025-01-17,0,1,0,0,0,1,1,1,1,1,0,0,0
STB,2025-01-21,0,1,0,0,0,1,1,1,1,1,0,0,0
STB,2025-01-31,0,1,0,0,0,1,0,1,1,1,0,0,0
STB,2025-04-30,0,1,0,0,0,1,1,1,0,0,0,0,0
STB,2025-05-09,1,1,0,0,0,1,1,1,0,1,0,0,0
STB,2025-07-08,0,1,0,1,1,1,1,1,1,0,0,0,1
STB,2025-08-26,0,1,0,1,1,1,1,1,1,1,0,0,1
STB,2025-09-12,1,1,0,1,1,1,1,1,1,1,0,0,1
STB,2025-11-14,1,1,0,1,1,1,1,1,1,1,0,0,0
TELNET HOLDING,2025-01-07,1,1,0,0,0,1,0,1,1,0,1,1,1
TELNET HOLDING,2025-01-08,1,1,0,0,0,1,1,1,1,0,1,1,1
TELNET HOLDING,2025-01-09,1,1,0,0,0,1,0,1,1,0,1,1,1
TELNET HOLDING,2025-01-10,1,1,0,0,0,1,0,1,1,0,1,1,1
TELNET HOLDING,2025-01-14,1,1,0,1,1,0,0,0,0,0,1,1,1
TELNET HOLDING,2025-01-15,1,1,0,1,1,0,0,0,0,0,1,1,1
TELNET HOLDING,2025-01-16,1,1,0,1,1,0,0,0,0,0,1,1,1
TELNET HOLDING,2025-01-17,1,1,0,1,1,0,0,0,0,0,1,1,1
TELNET HOLDING,2025-01-21,1,1,0,1,1,0,0,0,0,0,1,1,1
TELNET HOLDING,2025-01-31,0,1,0,1,1,1,0,0,0,0,1,1,1
TELNET HOLDING,2025-04-30,0,1,0,0,0,0,0,0,1,0,1,1,1
TELNET HOLDING,2025-05-09,1,1,0,0,0,1,0,1,1,1,1,1,1
TELNET HOLDING,2025-07-08,1,1,0,1,1,1,0,1,1,1,1,1,1
TELNET HOLDING,2025-08-26,1,1,0,0,0,1,0,1,1,0,1,1,1
TELNET HOLDING,2025-09-12,0,1,0,0,0,0,0,0,0,0,1,1,0
TELNET HOLDING,2025-11-14,1,1,0,0,0,0,0,0,0,0,1,1,0
TPR,2025-01-07,1,1,0,0,0,1,0,0,0,1,1,1,1
TPR,2025-01-08,1,1,0,0,0,1,0,0,0,1,1,1,1
TPR,2025-01-09,1,1,0,0,0,0,0,0,0,1,1,1,1
TPR,2025-01-10,1,1,0,0,1,0,0,0,0,0,1,1,1
TPR,2025-01-14,1,1,0,1,1,0,0,0,0,1,1,1,1
TPR,2025-01-15,1,1,0,1,1,1,0,0,0,1,1,1,1
TPR,2025-01-16,1,1,0,1,1,1,0,0,0,0,1,1,1
TPR,2025-01-17,1,1,0,1,1,1,0,0,0,0,1,1,1
TPR,2025-01-21,1,1,0,1,1,1,0,0,0,0,1,1,1
TPR,2025-01-31,0,1,0,1,1,1,0,0,0,0,1,1,1
TPR,2025-04-30,1,1,0,1,1,0,0,0,0,0,1,1,0
TPR,2025-05-09,1,1,0,1,1,1,1,0,0,0,1,1,0
TPR,2025-07-08,0,1,0,1,1,1,0,0,0,0,1,1,1
TPR,2025-08-26,0,1,0,1,1,0,1,0,0,0,1,1,1
TPR,2025-09-12,0,1,0,0,0,0,0,0,0,0,1,1,1
TPR,2025-11-14,0,1,0,0,0,0,0,0,0,0,1,1,1
ATB,2025-01-07,0,1,0,0,1,0,0,0,0,0,0,0,0
ATB,2025-01-08,1,1,0,0,0,0,0,0,0,1,0,0,0
ATB,2025-01-09,1,1,0,0,0,0,0,1,1,0,0,0,0
ATB,2025-01-10,1,1,0,0,0,1,0,0,1,0,0,0,0
ATB,2025-01-14,1,1,0,0,0,1,1,1,1,1,0,0,0
ATB,2025-01-15,1,1,0,0,0,1,1,1,1,1,0,0,0
ATB,2025-01-16,1,1,0,0,0,0,0,1,1,0,0,0,0
ATB,2025-01-17,1,1,0,0,1,0,0,0,0,0,0,0,0
ATB,2025-01-21,1,1,0,0,1,0,0,0,0,0,0,0,0
ATB,2025-01-31,0,1,0,1,1,1,0,0,1,0,0,0,0
ATB,2025-04-30,1,1,0,1,1,1,0,1,1,1,0,0,1
ATB,2025-05-09,1,1,0,1,1,1,0,1,1,1,0,0,1
ATB,2025-07-08,0,1,0,1,1,1,0,0,1,1,0,0,1
ATB,2025-08-26,0,1,0,1,1,1,1,1,1,1,0,0,1
ATB,2025-09-12,1,1,0,0,0,1,0,1,1,1,0,0,1
ATB,2025-11-14,0,1,0,1,1,0,0,1,0,1,0,0,1
TUNISIE LEASING F,2025-01-07,0,1,0,1,1,0,0,0,0,0,0,0,1
TUNISIE LEASING F,2025-01-08,0,1,0,1,1,1,0,0,0,1,0,0,1
TUNISIE LEASING F,2025-01-09,0,1,0,1,1,1,0,0,0,0,0,0,1
TUNISIE LEASING F,2025-01-10,1,1,0,1,0,1,0,0,0,0,0,0,1
TUNISIE LEASING F,2025-01-14,1,1,0,0,0,0,0,0,0,0,0,0,1
TUNISIE LEASING F,2025-01-15,1,1,0,0,0,0,0,0,0,0,0,0,1
TUNISIE LEASING F,2025-01-16,1,1,0,0,0,0,0,0,0,0,0,0,1
TUNISIE LEASING F,2025-01-17,1,1,0,0,0,0,0,0,0,0,0,0,1
TUNISIE LEASING F,2025-01-21,1,1,0,0,1,0,0,0,0,0,0,0,1
TUNISIE LEASING F,2025-01-31,1,1,0,1,1,1,0,0,0,0,0,0,1
TUNISIE LEASING F,2025-04-30,1,1,0,0,0,0,0,0,0,0,0,1,1
TUNISIE LEASING F,2025-05-09,1,1,0,0,1,0,0,0,0,0,0,1,1
TUNISIE LEASING F,2025-07-08,1,1,0,1,1,0,0,0,0,0,0,1,0
TUNISIE LEASING F,2025-08-26,1,1,0,1,1,0,0,0,0,0,0,1,1
TUNISIE LEASING F,2025-09-12,0,1,0,1,1,0,0,0,0,0,0,1,0
TUNISIE LEASING F,2025-11-14,0,1,0,1,1,0,0,0,0,0,0,1,1
UIB,2025-01-07,0,1,0,1,1,0,0,0,0,0,0,1,1
UIB,2025-01-08,0,1,0,1,1,0,0,0,0,0,0,1,1
UIB,2025-01-09,1,1,0,1,0,1,0,1,1,1,0,1,1
UIB,2025-01-10,1,1,0,1,0,0,0,1,0,0,0,1,1
UIB,2025-01-14,1,1,0,0,0,1,0,0,0,0,0,1,1
UIB,2025-01-15,0,1,0,0,1,0,0,0,0,0,0,1,1
UIB,2025-01-16,1,1,0,0,1,0,0,1,0,0,0,1,1
UIB,2025-01-17,1,1,0,1,1,0,0,1,0,0,0,1,1
UIB,2025-01-21,1,1,0,1,1,0,0,0,0,0,0,1,1
UIB,2025-01-31,0,1,0,0,0,0,0,1,0,0,0,1,1
UIB,2025-04-30,1,1,0,1,1,1,0,1,1,0,0,1,1
UIB,2025-05-09,1,1,0,1,1,0,0,0,0,1,0,1,1
UIB,2025-07-08,1,1,0,0,0,0,0,1,1,1,1,1,1
UIB,2025-08-26,0,1,0,1,1,0,0,0,0,0,1,1,1
UIB,2025-09-12,1,1,0,0,0,0,0,0,0,0,1,1,1
UIB,2025-11-14,0,1,0,0,1,0,0,0,0,0,1,1,0
UNIMED,2025-01-07,1,1,0,0,0,1,0,1,1,1,0,0,1
UNIMED,2025-01-08,1,1,0,0,0,1,1,1,1,1,0,0,1
UNIMED,2025-01-09,1,1,0,0,0,1,1,1,1,0,0,0,1
UNIMED,2025-01-10,1,1,0,0,0,1,0,1,0,0,0,0,1
UNIMED,2025-01-14,1,1,0,0,0,1,1,1,0,0,0,0,1
UNIMED,2025-01-15,0,1,0,0,1,1,0,1,0,0,0,0,1
UNIMED,2025-01-16,0,1,0,0,1,1,1,1,0,0,0,0,1
UNIMED,2025-01-17,0,1,0,0,0,1,0,1,1,0,0,0,1
UNIMED,2025-01-21,0,1,0,1,1,1,0,1,1,0,0,0,1
UNIMED,2025-01-31,0,1,0,1,0,1,1,1,1,0,0,0,1
UNIMED,2025-04-30,1,1,0,0,0,0,0,0,0,0,0,0,1
UNIMED,2025-05-09,1,1,0,1,0,1,0,0,1,1,0,0,1
UNIMED,2025-07-08,1,1,0,1,1,1,0,1,0,1,0,0,1
UNIMED,2025-08-26,1,1,0,0,0,1,1,1,1,1,0,0,1
UNIMED,2025-09-12,1,1,0,0,0,1,0,0,0,1,0,0,1
UNIMED,2025-11-14,1,1,0,0,0,1,0,1,0,1,0,0,1
ATELIER MEUBLE INT,2025-01-07,1,1,0,0,0,0,0,0,0,0,0,0,1
ATELIER MEUBLE INT,2025-01-08,1,1,0,0,0,0,0,0,0,0,0,0,1
ATELIER MEUBLE INT,2025-01-09,1,1,0,0,1,0,0,0,0,0,0,0,1
ATELIER MEUBLE INT,2025-01-10,1,1,0,0,0,0,0,0,0,0,0,0,1
ATELIER MEUBLE INT,2025-01-14,0,1,0,0,1,0,0,0,0,0,0,0,1
ATELIER MEUBLE INT,2025-01-15,0,1,0,1,1,0,0,0,0,0,0,0,1
ATELIER MEUBLE INT,2025-01-16,0,1,0,1,1,0,0,0,0,0,0,0,1
ATELIER MEUBLE INT,2025-01-17,0,1,0,1,1,0,0,0,0,0,0,0,1
ATELIER MEUBLE INT,2025-01-21,0,1,0,1,1,0,0,0,0,0,0,0,1
ATELIER MEUBLE INT,2025-01-31,0,1,0,0,0,0,0,0,0,0,0,0,1
ATELIER MEUBLE INT,2025-04-30,0,1,0,0,0,0,0,0,0,0,0,0,1
ATELIER MEUBLE INT,2025-05-09,0,1,0,0,0,0,0,0,0,0,0,0,1
ATELIER MEUBLE INT,2025-07-08,1,1,0,1,1,0,0,0,0,0,0,0,1
ATELIER MEUBLE INT,2025-08-26,0,1,0,0,1,0,0,0,0,0,0,0,1
ATELIER MEUBLE INT,2025-09-12,0,1,0,0,0,0,0,0,0,0,0,0,0
ATELIER MEUBLE INT,2025-11-14,0,1,0,0,0,0,0,0,0,0,0,0,1
ATL,2025-01-07,1,1,0,1,1,0,0,0,0,0,1,1,1
ATL,2025-01-08,1,1,0,1,1,0,0,0,0,0,1,1,1
ATL,2025-01-09,1,1,0,1,1,0,0,0,0,0,1,1,1
ATL,2025-01-10,0,1,0,1,1,0,0,0,0,0,1,1,1
ATL,2025-01-14,1,1,0,1,1,1,0,0,0,0,1,1,1
ATL,2025-01-15,1,1,0,1,1,0,0,0,0,0,1,1,1
ATL,2025-01-16,1,1,0,1,1,0,0,0,0,0,1,1,1
ATL,2025-01-17,1,1,0,1,1,0,0,0,0,0,1,1,1
ATL,2025-01-21,1,1,0,1,1,0,0,0,0,0,1,1,1
ATL,2025-01-31,0,1,0,1,1,0,0,0,0,0,1,1,0
ATL,2025-04-30,1,1,0,1,1,0,0,0,0,0,1,1,1
ATL,2025-05-09,1,1,0,0,0,1,0,0,0,0,1,1,1
ATL,2025-07-08,1,1,0,1,1,0,0,0,0,0,1,1,0
ATL,2025-08-26,1,1,0,0,1,1,0,0,0,0,1,1,1
ATL,2025-09-12,1,1,0,1,1,0,0,0,0,0,1,1,1
ATL,2025-11-14,1,1,0,0,0,0,0,0,0,0,1,1,1
ATTIJARI BANK,2025-01-07,1,1,0,1,1,0,0,0,0,0,1,1,1
ATTIJARI BANK,2025-01-08,1,1,0,1,1,0,0,0,0,0,1,1,1
ATTIJARI BANK,2025-01-09,1,1,0,1,1,0,0,0,0,0,1,1,1
ATTIJARI BANK,2025-01-10,1,1,0,1,1,0,0,0,0,0,1,1,1
ATTIJARI BANK,2025-01-14,1,1,0,1,1,0,0,0,0,0,1,1,1
ATTIJARI BANK,2025-01-15,1,1,0,1,1,0,0,0,0,0,1,1,1
ATTIJARI BANK,2025-01-16,1,1,0,1,1,0,0,0,0,0,1,1,1
ATTIJARI BANK,2025-01-17,1,1,0,1,1,0,0,0,0,0,1,1,1
ATTIJARI BANK,2025-01-21,1,1,0,1,1,0,0,0,0,0,1,1,1
ATTIJARI BANK,2025-01-31,1,1,0,1,1,0,0,0,0,0,1,1,1
ATTIJARI BANK,2025-04-30,0,1,0,0,0,1,0,0,1,1,1,1,1
ATTIJARI BANK,2025-05-09,0,1,0,0,0,1,0,0,0,0,1,1,0
ATTIJARI BANK,2025-07-08,1,1,0,1,1,0,0,0,0,0,1,1,0
ATTIJARI BANK,2025-08-26,0,1,0,0,1,0,0,0,0,0,1,1,1
ATTIJARI BANK,2025-09-12,1,1,0,1,1,0,0,0,0,0,1,1,1
ATTIJARI BANK,2025-11-14,0,1,0,1,1,1,0,0,0,0,1,1,1
ATTIJARI LEASING,2025-01-07,1,1,0,1,1,0,0,0,0,0,1,1,1
ATTIJARI LEASING,2025-01-08,1,1,0,1,0,0,0,1,1,1,1,1,1
ATTIJARI LEASING,2025-01-09,1,1,0,1,1,0,0,0,0,0,1,1,1
ATTIJARI LEASING,2025-01-10,1,1,0,1,1,0,0,0,0,0,1,1,1
ATTIJARI LEASING,2025-01-14,1,1,0,1,1,0,0,0,0,0,1,1,1
ATTIJARI LEASING,2025-01-15,1,1,0,1,1,1,0,0,0,1,1,1,1
ATTIJARI LEASING,2025-01-16,1,1,0,1,1,0,0,0,0,0,1,1,1
ATTIJARI LEASING,2025-01-17,1,1,0,1,1,0,0,0,0,0,1,1,1
ATTIJARI LEASING,2025-01-21,1,1,0,1,1,0,0,0,0,0,1,1,1
ATTIJARI LEASING,2025-01-31,1,1,0,1,1,0,0,0,0,0,1,1,1
ATTIJARI LEASING,2025-04-30,1,1,0,0,0,0,0,0,0,0,1,1,1
ATTIJARI LEASING,2025-05-09,1,1,0,0,0,0,0,0,0,0,1,1,1
ATTIJARI LEASING,2025-07-08,0,1,0,1,1,0,0,0,0,0,1,1,0
ATTIJARI LEASING,2025-08-26,0,1,0,1,1,0,0,0,0,0,1,1,1
ATTIJARI LEASING,2025-09-12,1,1,0,0,0,0,0,0,0,0,1,1,1
ATTIJARI LEASING,2025-11-14,1,1,0,0,0,0,0,0,0,0,1,1,1
